method,x_offset,invariant,initial_direction,real,imag
reference,-0.24,s1*s2,0,4.340266305905163,2.129902692126153
reference,-0.24,s1*s2,1,-8.044569456371514,-2.7901799627103356
reference,-0.24,s2*s3,0,0.8272532208885494,1.0052028860619089
reference,-0.24,s2*s3,1,0.11391287824906926,-0.49167082544160967
reference,-0.24,s3*s4,0,-0.2699020890578373,-2.501050500644489
reference,-0.24,s3*s4,1,-0.3184753159911932,0.750799323920592
reference,-0.24,s1*s4,0,18.677888148143808,31.35662072197061
reference,-0.24,s1*s4,1,-7.637296027004375,-18.799632210243782
reference,-0.22499999999999998,s1*s2,0,4.340266305902707,2.1299026921305506
reference,-0.22499999999999998,s1*s2,1,-8.044569456370409,-2.790179962712871
reference,-0.22499999999999998,s2*s3,0,0.8272532208890698,1.0052028860625726
reference,-0.22499999999999998,s2*s3,1,0.11391287824875442,-0.49167082544202334
reference,-0.22499999999999998,s3*s4,0,-0.2699020890569652,-2.501050500646301
reference,-0.22499999999999998,s3*s4,1,-0.31847531599155454,0.7507993239216308
reference,-0.22499999999999998,s1*s4,0,18.677888148137917,31.35662072199727
reference,-0.22499999999999998,s1*s4,1,-7.637296027002221,-18.799632210258935
reference,-0.21,s1*s2,0,4.340266305902099,2.1299026921318474
reference,-0.21,s1*s2,1,-8.044569456370102,-2.7901799627133848
reference,-0.21,s2*s3,0,0.8272532208893784,1.0052028860625069
reference,-0.21,s2*s3,1,0.11391287824868322,-0.4916708254419849
reference,-0.21,s3*s4,0,-0.26990208905812907,-2.501050500646766
reference,-0.21,s3*s4,1,-0.3184753159911346,0.7507993239218415
reference,-0.21,s1*s4,0,18.677888148148348,31.356620721997835
reference,-0.21,s1*s4,1,-7.637296027005888,-18.799632210258977
reference,-0.195,s1*s2,0,4.340266305902316,2.1299026921291
reference,-0.195,s1*s2,1,-8.044569456370223,-2.790179962711678
reference,-0.195,s2*s3,0,0.8272532208887968,1.0052028860625457
reference,-0.195,s2*s3,1,0.11391287824899948,-0.4916708254420065
reference,-0.195,s3*s4,0,-0.2699020890576783,-2.501050500646128
reference,-0.195,s3*s4,1,-0.31847531599143014,0.7507993239215882
reference,-0.195,s1*s4,0,18.677888148140788,31.356620721990623
reference,-0.195,s1*s4,1,-7.6372960270015655,-18.799632210255727
reference,-0.18,s1*s2,0,4.340266305895611,2.1299026921267115
reference,-0.18,s1*s2,1,-8.044569456366288,-2.7901799627111425
reference,-0.18,s2*s3,0,0.8272532208883641,1.0052028860627438
reference,-0.18,s2*s3,1,0.11391287824921961,-0.49167082544206214
reference,-0.18,s3*s4,0,-0.26990208905657703,-2.5010505006449355
reference,-0.18,s3*s4,1,-0.3184753159918069,0.7507993239209539
reference,-0.18,s1*s4,0,18.677888148116498,31.356620721977777
reference,-0.18,s1*s4,1,-7.6372960269896755,-18.799632210248422
reference,-0.16499999999999998,s1*s2,0,4.34026630589086,2.129902692125419
reference,-0.16499999999999998,s1*s2,1,-8.044569456363927,-2.7901799627109303
reference,-0.16499999999999998,s2*s3,0,0.8272532208882911,1.005202886062327
reference,-0.16499999999999998,s2*s3,1,0.11391287824923328,-0.4916708254419009
reference,-0.16499999999999998,s3*s4,0,-0.26990208905659174,-2.5010505006444332
reference,-0.16499999999999998,s3*s4,1,-0.31847531599186385,0.7507993239206608
reference,-0.16499999999999998,s1*s4,0,18.677888148110142,31.356620721969534
reference,-0.16499999999999998,s1*s4,1,-7.637296026985338,-18.799632210245584
reference,-0.15,s1*s2,0,4.340266305890976,2.1299026921224704
reference,-0.15,s1*s2,1,-8.044569456363481,-2.790179962709556
reference,-0.15,s2*s3,0,0.8272532208884853,1.0052028860621038
reference,-0.15,s2*s3,1,0.11391287824920715,-0.4916708254417057
reference,-0.15,s3*s4,0,-0.2699020890573973,-2.5010505006442405
reference,-0.15,s3*s4,1,-0.3184753159914124,0.7507993239203998
reference,-0.15,s1*s4,0,18.677888148117997,31.356620721959338
reference,-0.15,s1*s4,1,-7.637296026988152,-18.79963221023785
reference,-0.135,s1*s2,0,4.340266305888629,2.12990269211819
reference,-0.135,s1*s2,1,-8.044569456362062,-2.7901799627072745
reference,-0.135,s2*s3,0,0.8272532208881362,1.0052028860612372
reference,-0.135,s2*s3,1,0.11391287824938405,-0.49167082544129426
reference,-0.135,s3*s4,0,-0.26990208905834273,-2.5010505006427617
reference,-0.135,s3*s4,1,-0.31847531599108453,0.7507993239196457
reference,-0.135,s1*s4,0,18.677888148118342,31.356620721932895
reference,-0.135,s1*s4,1,-7.6372960269869035,-18.79963221022505
reference,-0.12,s1*s2,0,4.340266305885833,2.129902692114779
reference,-0.12,s1*s2,1,-8.044569456360119,-2.790179962705496
reference,-0.12,s2*s3,0,0.8272532208880504,1.0052028860616744
reference,-0.12,s2*s3,1,0.11391287824942214,-0.491670825441499
reference,-0.12,s3*s4,0,-0.2699020890575406,-2.5010505006427
reference,-0.12,s3*s4,1,-0.31847531599144907,0.750799323919652
reference,-0.12,s1*s4,0,18.677888148109847,31.356620721930653
reference,-0.12,s1*s4,1,-7.637296026982569,-18.799632210223447
reference,-0.10499999999999998,s1*s2,0,4.340266305890922,2.129902692123957
reference,-0.10499999999999998,s1*s2,1,-8.044569456363591,-2.790179962710045
reference,-0.10499999999999998,s2*s3,0,0.8272532208882488,1.0052028860619833
reference,-0.10499999999999998,s2*s3,1,0.11391287824931169,-0.4916708254416668
reference,-0.10499999999999998,s3*s4,0,-0.26990208905726576,-2.5010505006437516
reference,-0.10499999999999998,s3*s4,1,-0.3184753159915231,0.7507993239201944
reference,-0.10499999999999998,s1*s4,0,18.67788814811419,31.356620721957626
reference,-0.10499999999999998,s1*s4,1,-7.63729602698638,-18.79963221023754
reference,-0.09,s1*s2,0,4.340266305893793,2.1299026921344546
reference,-0.09,s1*s2,1,-8.044569456365242,-2.790179962715337
reference,-0.09,s2*s3,0,0.8272532208888651,1.005202886062893
reference,-0.09,s2*s3,1,0.11391287824899415,-0.49167082544215346
reference,-0.09,s3*s4,0,-0.269902089056512,-2.501050500646154
reference,-0.09,s3*s4,1,-0.3184753159918672,0.7507993239214645
reference,-0.09,s1*s4,0,18.677888148116434,31.35662072199929
reference,-0.09,s1*s4,1,-7.637296026988491,-18.799632210259208
reference,-0.07500000000000001,s1*s2,0,4.340266305885737,2.1299026921349644
reference,-0.07500000000000001,s1*s2,1,-8.044569456360902,-2.790179962716293
reference,-0.07500000000000001,s2*s3,0,0.8272532208880088,1.005202886062732
reference,-0.07500000000000001,s2*s3,1,0.11391287824938537,-0.4916708254421052
reference,-0.07500000000000001,s3*s4,0,-0.2699020890553341,-2.5010505006447405
reference,-0.07500000000000001,s3*s4,1,-0.3184753159925037,0.7507993239208404
reference,-0.07500000000000001,s1*s4,0,18.677888148086645,31.356620721987525
reference,-0.07500000000000001,s1*s4,1,-7.637296026972778,-18.799632210255325
reference,-0.06,s1*s2,0,4.34026630588025,2.1299026921294484
reference,-0.06,s1*s2,1,-8.04456945635781,-2.7901799627139816
reference,-0.06,s2*s3,0,0.8272532208881035,1.0052028860626159
reference,-0.06,s2*s3,1,0.11391287824934936,-0.4916708254421208
reference,-0.06,s3*s4,0,-0.26990208905514584,-2.501050500644054
reference,-0.06,s3*s4,1,-0.31847531599265066,0.7507993239206062
reference,-0.06,s1*s4,0,18.67788814807736,31.356620721971304
reference,-0.06,s1*s4,1,-7.637296026967068,-18.79963221024837
reference,-0.044999999999999984,s1*s2,0,4.340266305881752,2.12990269212509
reference,-0.044999999999999984,s1*s2,1,-8.044569456358369,-2.790179962711153
reference,-0.044999999999999984,s2*s3,0,0.8272532208882862,1.0052028860620998
reference,-0.044999999999999984,s2*s3,1,0.11391287824928287,-0.4916708254418666
reference,-0.044999999999999984,s3*s4,0,-0.2699020890562759,-2.50105050064384
reference,-0.044999999999999984,s3*s4,1,-0.3184753159922342,0.7507993239203375
reference,-0.044999999999999984,s1*s4,0,18.677888148093693,31.35662072195865
reference,-0.044999999999999984,s1*s4,1,-7.637296026973545,-18.799632210240933
reference,-0.03,s1*s2,0,4.340266305887479,2.12990269212653
reference,-0.03,s1*s2,1,-8.044569456361991,-2.7901799627121826
reference,-0.03,s2*s3,0,0.8272532208890381,1.005202886061903
reference,-0.03,s2*s3,1,0.11391287824887339,-0.4916708254417639
reference,-0.03,s3*s4,0,-0.2699020890577791,-2.5010505006449755
reference,-0.03,s3*s4,1,-0.3184753159914474,0.7507993239209284
reference,-0.03,s1*s4,0,18.677888148120516,31.35662072196872
reference,-0.03,s1*s4,1,-7.637296026988291,-18.79963221024673
reference,-0.015000000000000013,s1*s2,0,4.340266305900781,2.1299026921371214
reference,-0.015000000000000013,s1*s2,1,-8.044569456369757,-2.7901799627172696
reference,-0.015000000000000013,s2*s3,0,0.827253220889461,1.0052028860623292
reference,-0.015000000000000013,s2*s3,1,0.11391287824855297,-0.49167082544189783
reference,-0.015000000000000013,s3*s4,0,-0.2699020890583657,-2.5010505006470956
reference,-0.015000000000000013,s3*s4,1,-0.3184753159908142,0.7507993239220736
reference,-0.015000000000000013,s1*s4,0,18.677888148146245,31.35662072200832
reference,-0.015000000000000013,s1*s4,1,-7.637296027006136,-18.799632210266466
reference,0.0,s1*s2,0,4.340266305903752,2.129902692140669
reference,0.0,s1*s2,1,-8.04456945637084,-2.790179962719506
reference,0.0,s2*s3,0,0.8272532208895125,1.0052028860626394
reference,0.0,s2*s3,1,0.11391287824863101,-0.49167082544208424
reference,0.0,s3*s4,0,-0.26990208905801677,-2.501050500647434
reference,0.0,s3*s4,1,-0.31847531599107765,0.7507993239221851
reference,0.0,s1*s4,0,18.67788814814385,31.356620722019976
reference,0.0,s1*s4,1,-7.637296027002615,-18.799632210272176
reference,0.015000000000000013,s1*s2,0,4.340266305883151,2.1299026921410804
reference,0.015000000000000013,s1*s2,1,-8.044569456359339,-2.790179962721004
reference,0.015000000000000013,s2*s3,0,0.8272532208882685,1.0052028860628357
reference,0.015000000000000013,s2*s3,1,0.11391287824935717,-0.4916708254422473
reference,0.015000000000000013,s3*s4,0,-0.26990208905507346,-2.501050500645306
reference,0.015000000000000013,s3*s4,1,-0.31847531599289985,0.750799323921133
reference,0.015000000000000013,s1*s4,0,18.67788814807896,31.356620721999985
reference,0.015000000000000013,s1*s4,1,-7.6372960269648145,-18.799632210264623
reference,0.030000000000000027,s1*s2,0,4.340266305884487,2.129902692142217
reference,0.030000000000000027,s1*s2,1,-8.04456945636029,-2.790179962721981
reference,0.030000000000000027,s2*s3,0,0.8272532208883018,1.005202886062925
reference,0.030000000000000027,s2*s3,1,0.11391287824933553,-0.4916708254422506
reference,0.030000000000000027,s3*s4,0,-0.26990208905496615,-2.501050500645555
reference,0.030000000000000027,s3*s4,1,-0.31847531599288126,0.7507993239212205
reference,0.030000000000000027,s1*s4,0,18.67788814808134,31.356620722005697
reference,0.030000000000000027,s1*s4,1,-7.637296026966477,-18.79963221026724
reference,0.044999999999999984,s1*s2,0,4.340266305891907,2.1299026921421222
reference,0.044999999999999984,s1*s2,1,-8.044569456364083,-2.790179962721715
reference,0.044999999999999984,s2*s3,0,0.8272532208887734,1.0052028860629618
reference,0.044999999999999984,s2*s3,1,0.11391287824898046,-0.4916708254423283
reference,0.044999999999999984,s3*s4,0,-0.2699020890556006,-2.5010505006466457
reference,0.044999999999999984,s3*s4,1,-0.31847531599233636,0.7507993239219741
reference,0.044999999999999984,s1*s4,0,18.677888148098496,31.356620722018754
reference,0.044999999999999984,s1*s4,1,-7.637296026977898,-18.79963221027457
reference,0.06,s1*s2,0,4.3402663058958515,2.129902692137557
reference,0.06,s1*s2,1,-8.044569456367086,-2.790179962718752
reference,0.06,s2*s3,0,0.8272532208888004,1.005202886062973
reference,0.06,s2*s3,1,0.11391287824898623,-0.49167082544230045
reference,0.06,s3*s4,0,-0.26990208905629814,-2.5010505006466794
reference,0.06,s3*s4,1,-0.3184753159920367,0.7507993239219991
reference,0.06,s1*s4,0,18.67788814811438,31.35662072201308
reference,0.06,s1*s4,1,-7.637296026987326,-18.799632210271426
reference,0.07500000000000001,s1*s2,0,4.340266305904936,2.1299026921447277
reference,0.07500000000000001,s1*s2,1,-8.044569456372516,-2.7901799627226755
reference,0.07500000000000001,s2*s3,0,0.8272532208888334,1.005202886063359
reference,0.07500000000000001,s2*s3,1,0.1139128782489237,-0.49167082544256896
reference,0.07500000000000001,s3*s4,0,-0.269902089055542,-2.5010505006477506
reference,0.07500000000000001,s3*s4,1,-0.3184753159923806,0.7507993239225283
reference,0.07500000000000001,s1*s4,0,18.67788814811931,31.356620722042646
reference,0.07500000000000001,s1*s4,1,-7.637296026991173,-18.79963221028801
reference,0.08999999999999997,s1*s2,0,4.340266305900941,2.1299026921556408
reference,0.08999999999999997,s1*s2,1,-8.044569456371322,-2.790179962729663
reference,0.08999999999999997,s2*s3,0,0.8272532208883434,1.005202886063714
reference,0.08999999999999997,s2*s3,1,0.11391287824929591,-0.4916708254428372
reference,0.08999999999999997,s3*s4,0,-0.26990208905449314,-2.50105050064747
reference,0.08999999999999997,s3*s4,1,-0.3184753159931363,0.7507993239225493
reference,0.08999999999999997,s1*s4,0,18.677888148095953,31.35662072205745
reference,0.08999999999999997,s1*s4,1,-7.637296026977392,-18.799632210300228
reference,0.10499999999999998,s1*s2,0,4.3402663058975595,2.1299026921514823
reference,0.10499999999999998,s1*s2,1,-8.044569456368125,-2.7901799627275614
reference,0.10499999999999998,s2*s3,0,0.8272532208885749,1.0052028860628743
reference,0.10499999999999998,s2*s3,1,0.11391287824903629,-0.491670825442378
reference,0.10499999999999998,s3*s4,0,-0.26990208905576374,-2.501050500646823
reference,0.10499999999999998,s3*s4,1,-0.31847531599241485,0.7507993239222355
reference,0.10499999999999998,s1*s4,0,18.677888148102397,31.356620722037228
reference,0.10499999999999998,s1*s4,1,-7.637296026980409,-18.79963221028881
reference,0.12,s1*s2,0,4.340266305902071,2.129902692152454
reference,0.12,s1*s2,1,-8.044569456372544,-2.7901799627294115
reference,0.12,s2*s3,0,0.8272532208893236,1.0052028860627058
reference,0.12,s2*s3,1,0.11391287824859657,-0.49167082544239704
reference,0.12,s3*s4,0,-0.26990208905727686,-2.5010505006482204
reference,0.12,s3*s4,1,-0.3184753159918407,0.7507993239232224
reference,0.12,s1*s4,0,18.67788814813105,31.35662072204976
reference,0.12,s1*s4,1,-7.637296026995934,-18.799632210301365
reference,0.135,s1*s2,0,4.3402663058980195,2.12990269214436
reference,0.135,s1*s2,1,-8.044569456368388,-2.7901799627237875
reference,0.135,s2*s3,0,0.8272532208895136,1.0052028860627569
reference,0.135,s2*s3,1,0.11391287824859118,-0.49167082544211543
reference,0.135,s3*s4,0,-0.26990208905810953,-2.5010505006476387
reference,0.135,s3*s4,1,-0.31847531599110496,0.7507993239226735
reference,0.135,s1*s4,0,18.67788814813799,31.35662072202038
reference,0.135,s1*s4,1,-7.637296026999998,-18.7996322102788
reference,0.15000000000000002,s1*s2,0,4.340266305924536,2.1299026921383346
reference,0.15000000000000002,s1*s2,1,-8.044569456387014,-2.790179962718532
reference,0.15000000000000002,s2*s3,0,0.8272532208918755,1.0052028860624629
reference,0.15000000000000002,s2*s3,1,0.11391287824702417,-0.4916708254419844
reference,0.15000000000000002,s3*s4,0,-0.2699020890625073,-2.5010505006513206
reference,0.15000000000000002,s3*s4,1,-0.3184753159879805,0.7507993239250565
reference,0.15000000000000002,s1*s4,0,18.67788814823338,31.356620722044514
reference,0.15000000000000002,s1*s4,1,-7.637296027066906,-18.799632210292014
reference,0.16499999999999998,s1*s2,0,4.340266305956361,2.129902692149332
reference,0.16499999999999998,s1*s2,1,-8.044569456406995,-2.7901799627258868
reference,0.16499999999999998,s2*s3,0,0.8272532208935838,1.0052028860630355
reference,0.16499999999999998,s2*s3,1,0.11391287824569893,-0.49167082544224733
reference,0.16499999999999998,s3*s4,0,-0.269902089064721,-2.5010505006564436
reference,0.16499999999999998,s3*s4,1,-0.31847531598603285,0.7507993239282849
reference,0.16499999999999998,s1*s4,0,18.677888148309812,31.356620722117587
reference,0.16499999999999998,s1*s4,1,-7.637296027120655,-18.799632210336345
reference,0.18,s1*s2,0,4.340266305935583,2.1299026921878004
reference,0.18,s1*s2,1,-8.044569456395779,-2.7901799627531614
reference,0.18,s2*s3,0,0.8272532208919487,1.0052028860650615
reference,0.18,s2*s3,1,0.11391287824674072,-0.49167082544376595
reference,0.18,s3*s4,0,-0.2699020890581929,-2.5010505006572643
reference,0.18,s3*s4,1,-0.3184753159905001,0.75079932392952
reference,0.18,s1*s4,0,18.677888148202015,31.356620722193252
reference,0.18,s1*s4,1,-7.63729602705243,-18.79963221039753
reference,0.195,s1*s2,0,4.3402663059103,2.129902692176702
reference,0.195,s1*s2,1,-8.044569456376333,-2.790179962749427
reference,0.195,s2*s3,0,0.8272532208897613,1.005202886064662
reference,0.195,s2*s3,1,0.11391287824816802,-0.49167082544366764
reference,0.195,s3*s4,0,-0.2699020890542587,-2.501050500652787
reference,0.195,s3*s4,1,-0.318475315993742,0.7507993239264933
reference,0.195,s1*s4,0,18.677888148119216,31.356620722141813
reference,0.195,s1*s4,1,-7.637296026986458,-18.79963221036852
reference,0.20999999999999996,s1*s2,0,4.340266305899819,2.1299026921325366
reference,0.20999999999999996,s1*s2,1,-8.044569456368604,-2.7901799627175525
reference,0.20999999999999996,s2*s3,0,0.8272532208894668,1.0052028860619764
reference,0.20999999999999996,s2*s3,1,0.11391287824849636,-0.4916708254418684
reference,0.20999999999999996,s3*s4,0,-0.26990208905883306,-2.5010505006467256
reference,0.20999999999999996,s3*s4,1,-0.3184753159908555,0.7507993239221882
reference,0.20999999999999996,s1*s4,0,18.67788814814751,31.356620721999683
reference,0.20999999999999996,s1*s4,1,-7.637296027002924,-18.799632210268303
reference,0.22499999999999998,s1*s2,0,4.340266305912834,2.129902692088555
reference,0.22499999999999998,s1*s2,1,-8.044569456378005,-2.790179962681962
reference,0.22499999999999998,s2*s3,0,0.8272532208904957,1.0052028860595548
reference,0.22499999999999998,s2*s3,1,0.1139128782477954,-0.4916708254397622
reference,0.22499999999999998,s3*s4,0,-0.2699020890662842,-2.5010505006427257
reference,0.22499999999999998,s3*s4,1,-0.3184753159850816,0.750799323919015
reference,0.22499999999999998,s1*s4,0,18.677888148246957,31.356620721875345
reference,0.22499999999999998,s1*s4,1,-7.637296027078687,-18.799632210169353
reference,0.24,s1*s2,0,4.340266305958273,2.1299026920904263
reference,0.24,s1*s2,1,-8.04456945641395,-2.7901799626806683
reference,0.24,s2*s3,0,0.8272532208933867,1.0052028860601963
reference,0.24,s2*s3,1,0.11391287824551664,-0.4916708254401221
reference,0.24,s3*s4,0,-0.2699020890708983,-2.5010505006493426
reference,0.24,s3*s4,1,-0.31847531598087137,0.7507993239239173
reference,0.24,s1*s4,0,18.67788814837503,31.35662072194699
reference,0.24,s1*s4,1,-7.637296027186147,-18.799632210216664
RK45_0.001,-0.24,s1*s2,0,4.34035164461391,2.129875319850475
RK45_0.001,-0.24,s1*s2,1,-8.044557608579723,-2.7901831001964164
RK45_0.001,-0.24,s2*s3,0,0.8272537830223053,1.0052115344200427
RK45_0.001,-0.24,s2*s3,1,0.11391313206006541,-0.49166983421869986
RK45_0.001,-0.24,s3*s4,0,-0.26989760542518704,-2.501062492857321
RK45_0.001,-0.24,s3*s4,1,-0.3184751794832863,0.7507977283897607
RK45_0.001,-0.24,s1*s4,0,18.678018404371535,31.356802194295376
RK45_0.001,-0.24,s1*s4,1,-7.6372735158346154,-18.799609362094458
RK45_0.001,-0.22499999999999998,s1*s2,0,4.340351530184637,2.1298755229320867
RK45_0.001,-0.22499999999999998,s1*s2,1,-8.044557613656231,-2.7901831806613706
RK45_0.001,-0.22499999999999998,s2*s3,0,0.8272537778813827,1.0052115301653706
RK45_0.001,-0.22499999999999998,s2*s3,1,0.11391313516268173,-0.4916698351828369
RK45_0.001,-0.22499999999999998,s3*s4,0,-0.2698975962348849,-2.5010624908569286
RK45_0.001,-0.22499999999999998,s3*s4,1,-0.3184751850742659,0.7507977303962738
RK45_0.001,-0.22499999999999998,s1*s4,0,18.678018013118823,31.356802372580734
RK45_0.001,-0.22499999999999998,s1*s4,1,-7.637273412598147,-18.799609509215934
RK45_0.001,-0.21,s1*s2,0,4.3403518577252225,2.1298750266004425
RK45_0.001,-0.21,s1*s2,1,-8.044557587799336,-2.7901829520669117
RK45_0.001,-0.21,s2*s3,0,0.8272537896102574,1.0052115453682615
RK45_0.001,-0.21,s2*s3,1,0.11391312529845032,-0.4916698355162089
RK45_0.001,-0.21,s3*s4,0,-0.2698976145206303,-2.5010625018914694
RK45_0.001,-0.21,s3*s4,1,-0.31847517172389694,0.7507977302508188
RK45_0.001,-0.21,s1*s4,0,18.67801901045482,31.35680205850194
RK45_0.001,-0.21,s1*s4,1,-7.637273692243278,-18.799609155302857
RK45_0.001,-0.195,s1*s2,0,4.340349869839096,2.1298791964999206
RK45_0.001,-0.195,s1*s2,1,-8.04455960537919,-2.7901845623125463
RK45_0.001,-0.195,s2*s3,0,0.8272537471767584,1.0052114222547543
RK45_0.001,-0.195,s2*s3,1,0.11391323508006851,-0.4916699170980575
RK45_0.001,-0.195,s3*s4,0,-0.2698975752243541,-2.5010624818823315
RK45_0.001,-0.195,s3*s4,1,-0.3184753247716263,0.7507978134673862
RK45_0.001,-0.195,s1*s4,0,18.6780131180202,31.35680548023186
RK45_0.001,-0.195,s1*s4,1,-7.637273640701105,-18.799614161271517
RK45_0.001,-0.18,s1*s2,0,4.340312807754352,2.129967416421565
RK45_0.001,-0.18,s1*s2,1,-8.0446040368168,-2.790215546278406
RK45_0.001,-0.18,s2*s3,0,0.8272527711028307,1.0052089633449743
RK45_0.001,-0.18,s2*s3,1,0.11391540775105248,-0.4916718974129697
RK45_0.001,-0.18,s3*s4,0,-0.26989672136413057,-2.501062198672905
RK45_0.001,-0.18,s3*s4,1,-0.318478533091739,0.7507999580662846
RK45_0.001,-0.18,s1*s4,0,18.677894758541754,31.35688313263673
RK45_0.001,-0.18,s1*s4,1,-7.637279042154596,-18.7997217269105
RK45_0.001,-0.16499999999999998,s1*s2,0,4.340273000994195,2.1300827378632294
RK45_0.001,-0.16499999999999998,s1*s2,1,-8.04465732021803,-2.7902493463531357
RK45_0.001,-0.16499999999999998,s2*s3,0,0.8272510916437983,1.0052057634385048
RK45_0.001,-0.16499999999999998,s2*s3,1,0.11391777130352092,-0.4916745880142714
RK45_0.001,-0.16499999999999998,s3*s4,0,-0.2698954488117018,-2.5010614274193634
RK45_0.001,-0.16499999999999998,s3*s4,1,-0.31848237568533944,0.7508030853688021
RK45_0.001,-0.16499999999999998,s1*s4,0,18.677746530889692,31.35698736638075
RK45_0.001,-0.16499999999999998,s1*s4,1,-7.6372907316640415,-18.799852758553556
RK45_0.001,-0.15,s1*s2,0,4.340261578025766,2.1301533500786074
RK45_0.001,-0.15,s1*s2,1,-8.044678474711414,-2.790258887404042
RK45_0.001,-0.15,s2*s3,0,0.8272494762675008,1.0052034040462945
RK45_0.001,-0.15,s2*s3,1,0.11391848324157805,-0.4916760826677809
RK45_0.001,-0.15,s3*s4,0,-0.2698949355653692,-2.5010597681303537
RK45_0.001,-0.15,s3*s4,1,-0.3184840413469734,0.7508049974446995
RK45_0.001,-0.15,s1*s4,0,18.67766804178961,31.357046501734317
RK45_0.001,-0.15,s1*s4,1,-7.637299960345453,-18.79990815552884
RK45_0.001,-0.135,s1*s2,0,4.34028383830218,2.130153863841163
RK45_0.001,-0.135,s1*s2,1,-8.044653381962572,-2.790238246117244
RK45_0.001,-0.135,s2*s3,0,0.8272484723856937,1.0052021527083495
RK45_0.001,-0.135,s2*s3,1,0.11391721256753834,-0.4916754329446358
RK45_0.001,-0.135,s3*s4,0,-0.269896032835093,-2.5010569495585067
RK45_0.001,-0.135,s3*s4,1,-0.3184826825546128,0.7508043490457316
RK45_0.001,-0.135,s1*s4,0,18.677691872282956,31.35702751315606
RK45_0.001,-0.135,s1*s4,1,-7.637297054698049,-18.799852011481704
RK45_0.001,-0.12,s1*s2,0,4.340329545218557,2.1300910292434128
RK45_0.001,-0.12,s1*s2,1,-8.044588600394036,-2.7901950030889733
RK45_0.001,-0.12,s2*s3,0,0.8272483427592952,1.0052016987404657
RK45_0.001,-0.12,s2*s3,1,0.11391454337170384,-0.49167263838763714
RK45_0.001,-0.12,s3*s4,0,-0.26989892158951034,-2.5010531259082036
RK45_0.001,-0.12,s3*s4,1,-0.3184788331308901,0.7508008924208952
RK45_0.001,-0.12,s1*s4,0,18.677803800287933,31.356931647815607
RK45_0.001,-0.12,s1*s4,1,-7.637277213686122,-18.799697932217008
RK45_0.001,-0.10499999999999998,s1*s2,0,4.340380940779376,2.1299910274207794
RK45_0.001,-0.10499999999999998,s1*s2,1,-8.044504645070852,-2.7901438385374506
RK45_0.001,-0.10499999999999998,s2*s3,0,0.8272490638352169,1.0052016217505078
RK45_0.001,-0.10499999999999998,s2*s3,1,0.1139114764078919,-0.49166850254280914
RK45_0.001,-0.10499999999999998,s3*s4,0,-0.26990303855976916,-2.5010489318346263
RK45_0.001,-0.10499999999999998,s3*s4,1,-0.3184738475895853,0.7507954802892636
RK45_0.001,-0.10499999999999998,s1*s4,0,18.677960932418756,31.356786304513342
RK45_0.001,-0.10499999999999998,s1*s4,1,-7.63724335702799,-18.79949391763824
RK45_0.001,-0.09,s1*s2,0,4.340419061201889,2.12988815840794
RK45_0.001,-0.09,s1*s2,1,-8.044428775309921,-2.790101157259107
RK45_0.001,-0.09,s2*s3,0,0.8272503704090111,1.00520163962485
RK45_0.001,-0.09,s2*s3,1,0.11390902951648177,-0.4916643668078436
RK45_0.001,-0.09,s3*s4,0,-0.2699072253934194,-2.501045337281043
RK45_0.001,-0.09,s3*s4,1,-0.31846937391153307,0.7507898324211039
RK45_0.001,-0.09,s1*s4,0,18.678108257196953,31.356634061215125
RK45_0.001,-0.09,s1*s4,1,-7.637206129981641,-18.79930570304742
RK45_0.001,-0.07500000000000001,s1*s2,0,4.340428876348712,2.1298147222477293
RK45_0.001,-0.07500000000000001,s1*s2,1,-8.044387266072093,-2.7900805275082927
RK45_0.001,-0.07500000000000001,s2*s3,0,0.8272518384298846,1.0052016817070486
RK45_0.001,-0.07500000000000001,s2*s3,1,0.11390793575264847,-0.49166172933786495
RK45_0.001,-0.07500000000000001,s3*s4,0,-0.2699100650981102,-2.5010433503169045
RK45_0.001,-0.07500000000000001,s3*s4,1,-0.3184668666655762,0.7507860664744175
RK45_0.001,-0.07500000000000001,s1*s4,0,18.678194229050902,31.356519689417834
RK45_0.001,-0.07500000000000001,s1*s4,1,-7.637181121817776,-18.799198330472418
RK45_0.001,-0.06,s1*s2,0,4.340403735262024,2.129791884625788
RK45_0.001,-0.06,s1*s2,1,-8.044397076064618,-2.7900887225915776
RK45_0.001,-0.06,s2*s3,0,0.8272530048141178,1.0052018320168126
RK45_0.001,-0.06,s2*s3,1,0.11390843700241586,-0.49166175130202244
RK45_0.001,-0.06,s3*s4,0,-0.2699103789712597,-2.501043622349448
RK45_0.001,-0.06,s3*s4,1,-0.31846714350536093,0.750785987799189
RK45_0.001,-0.06,s1*s4,0,18.678186077302815,31.356475979869472
RK45_0.001,-0.06,s1*s4,1,-7.63718329107108,-18.79921559638956
RK45_0.001,-0.044999999999999984,s1*s2,0,4.340349578409487,2.1298213278982865
RK45_0.001,-0.044999999999999984,s1*s2,1,-8.044456764150132,-2.7901221610582247
RK45_0.001,-0.044999999999999984,s2*s3,0,0.8272535289703953,1.0052021869105228
RK45_0.001,-0.044999999999999984,s2*s3,1,0.11391017064246424,-0.4916646475610046
RK45_0.001,-0.044999999999999984,s3*s4,0,-0.26990786498846403,-2.5010460164300867
RK45_0.001,-0.044999999999999984,s3*s4,1,-0.3184699850065033,0.7507901258008455
RK45_0.001,-0.044999999999999984,s1*s4,0,18.678085616904145,31.356509230353
RK45_0.001,-0.044999999999999984,s1*s4,1,-7.637218511822366,-18.799356894046973
RK45_0.001,-0.03,s1*s2,0,4.340289377037163,2.129877509686632
RK45_0.001,-0.03,s1*s2,1,-8.044536444099789,-2.790163549402467
RK45_0.001,-0.03,s2*s3,0,0.8272534057744809,1.0052026721428884
RK45_0.001,-0.03,s2*s3,1,0.11391214725786186,-0.49166895338382094
RK45_0.001,-0.03,s3*s4,0,-0.2699038651055789,-2.501049206922516
RK45_0.001,-0.03,s3*s4,1,-0.318473775502794,0.7507964962778662
RK45_0.001,-0.03,s1*s4,0,18.677946428825212,31.356585320761273
RK45_0.001,-0.03,s1*s4,1,-7.637272062130313,-18.799550833491768
RK45_0.001,-0.015000000000000013,s1*s2,0,4.3402663040243095,2.1299026922396522
RK45_0.001,-0.015000000000000013,s1*s2,1,-8.044569457811185,-2.7901799630153348
RK45_0.001,-0.015000000000000013,s2*s3,0,0.8272532209501194,1.0052028859956494
RK45_0.001,-0.015000000000000013,s2*s3,1,0.11391287826769267,-0.49167082552297947
RK45_0.001,-0.015000000000000013,s3*s4,0,-0.26990208912473773,-2.5010505006176897
RK45_0.001,-0.015000000000000013,s3*s4,1,-0.318475316037388,0.7507993240376748
RK45_0.001,-0.015000000000000013,s1*s4,0,18.677888146442566,31.356620720119956
RK45_0.001,-0.015000000000000013,s1*s4,1,-7.637296028542465,-18.799632213142367
RK45_0.001,0.0,s1*s2,0,4.340266305903752,2.129902692140669
RK45_0.001,0.0,s1*s2,1,-8.04456945637084,-2.790179962719506
RK45_0.001,0.0,s2*s3,0,0.8272532208895125,1.0052028860626394
RK45_0.001,0.0,s2*s3,1,0.11391287824863101,-0.49167082544208424
RK45_0.001,0.0,s3*s4,0,-0.26990208905801677,-2.501050500647434
RK45_0.001,0.0,s3*s4,1,-0.31847531599107765,0.7507993239221851
RK45_0.001,0.0,s1*s4,0,18.67788814814385,31.356620722019976
RK45_0.001,0.0,s1*s4,1,-7.637296027002615,-18.799632210272176
RK45_0.001,0.015000000000000013,s1*s2,0,4.34026630861046,2.1299026923175233
RK45_0.001,0.015000000000000013,s1*s2,1,-8.044569454695525,-2.790179962424901
RK45_0.001,0.015000000000000013,s2*s3,0,0.8272532208240363,1.0052028861842628
RK45_0.001,0.015000000000000013,s2*s3,1,0.11391287823553381,-0.49167082534595535
RK45_0.001,0.015000000000000013,s3*s4,0,-0.26990208896416634,-2.5010505007667883
RK45_0.001,0.015000000000000013,s3*s4,1,-0.3184753159481654,0.7507993237769437
RK45_0.001,0.015000000000000013,s1*s4,0,18.677888150762865,31.3566207259499
RK45_0.001,0.015000000000000013,s1*s4,1,-7.637296025006515,-18.799632206929246
RK45_0.001,0.030000000000000027,s1*s2,0,4.339993774688435,2.129838876803335
RK45_0.001,0.030000000000000027,s1*s2,1,-8.044655250317538,-2.790185872608504
RK45_0.001,0.030000000000000027,s2*s3,0,0.8272591279423593,1.00518783371803
RK45_0.001,0.030000000000000027,s2*s3,1,0.11391401246075622,-0.49167492654363915
RK45_0.001,0.030000000000000027,s3*s4,0,-0.269913899004853,-2.5010312401718013
RK45_0.001,0.030000000000000027,s3*s4,1,-0.3184772199150105,0.7508045661517488
RK45_0.001,0.030000000000000027,s1*s4,0,18.67764824241847,31.356081583357604
RK45_0.001,0.030000000000000027,s1*s4,1,-7.637397458857028,-18.799767561314287
RK45_0.001,0.044999999999999984,s1*s2,0,4.339320259413897,2.1296679874467235
RK45_0.001,0.044999999999999984,s1*s2,1,-8.044856639638207,-2.790194199108752
RK45_0.001,0.044999999999999984,s2*s3,0,0.8272731817946688,1.0051491820602243
RK45_0.001,0.044999999999999984,s2*s3,1,0.11391630145643501,-0.4916843686530282
RK45_0.001,0.044999999999999984,s3*s4,0,-0.2699439880213,-2.5009802699297214
RK45_0.001,0.044999999999999984,s3*s4,1,-0.3184809235362992,0.7508167443629516
RK45_0.001,0.044999999999999984,s1*s4,0,18.677058234352636,31.35469290013764
RK45_0.001,0.044999999999999984,s1*s4,1,-7.637647243315078,-18.800073655616835
RK45_0.001,0.06,s1*s2,0,4.338815628874001,2.129509633044128
RK45_0.001,0.06,s1*s2,1,-8.04498466756444,-2.7901870964096442
RK45_0.001,0.06,s2*s3,0,0.8272843170880004,1.0051179731332227
RK45_0.001,0.06,s2*s3,1,0.11391751039841673,-0.4916896257500294
RK45_0.001,0.06,s3*s4,0,-0.26997004971130756,-2.5009379867059196
RK45_0.001,0.06,s3*s4,1,-0.31848203782535234,0.750823061269082
RK45_0.001,0.06,s1*s4,0,18.676656243637108,31.353555447246368
RK45_0.001,0.06,s1*s4,1,-7.637821498732702,-18.80023224689805
RK45_0.001,0.07500000000000001,s1*s2,0,4.338779690259591,2.12943504413351
RK45_0.001,0.07500000000000001,s1*s2,1,-8.044947684590257,-2.7901596071425865
RK45_0.001,0.07500000000000001,s2*s3,0,0.8272887723008849,1.0051124220448677
RK45_0.001,0.07500000000000001,s2*s3,1,0.1139173845040101,-0.4916858838769153
RK45_0.001,0.07500000000000001,s3*s4,0,-0.2699811565462418,-2.500931093103626
RK45_0.001,0.07500000000000001,s3*s4,1,-0.3184794217228523,0.7508162861614307
RK45_0.001,0.07500000000000001,s1*s4,0,18.67675467973681,31.3533130054153
RK45_0.001,0.07500000000000001,s1*s4,1,-7.637793271724993,-18.80008708635171
RK45_0.001,0.08999999999999997,s1*s2,0,4.339266862087789,2.12947056444849
RK45_0.001,0.08999999999999997,s1*s2,1,-8.044739860583613,-2.790116728563474
RK45_0.001,0.08999999999999997,s2*s3,0,0.8272872728922154,1.0051377429755215
RK45_0.001,0.08999999999999997,s2*s3,1,0.11391666134551134,-0.4916728102818835
RK45_0.001,0.08999999999999997,s3*s4,0,-0.2699751498664868,-2.500969446560175
RK45_0.001,0.08999999999999997,s3*s4,1,-0.31847407622281004,0.7507953425559273
RK45_0.001,0.08999999999999997,s1*s4,0,18.6774230676707,31.354153148228924
RK45_0.001,0.08999999999999997,s1*s4,1,-7.637536008489834,-18.799633055784373
RK45_0.001,0.10499999999999998,s1*s2,0,4.340139062557942,2.1296060705091446
RK45_0.001,0.10499999999999998,s1*s2,1,-8.044420631703586,-2.790070164762302
RK45_0.001,0.10499999999999998,s2*s3,0,0.8272823278277811,1.0051878612745053
RK45_0.001,0.10499999999999998,s2*s3,1,0.11391622319324263,-0.491653751013318
RK45_0.001,0.10499999999999998,s3*s4,0,-0.26995548642759193,-2.5010461042848746
RK45_0.001,0.10499999999999998,s3*s4,1,-0.3184680563412779,0.7507648664413145
RK45_0.001,0.10499999999999998,s1*s4,0,18.678510143330357,31.35587153912761
RK45_0.001,0.10499999999999998,s1*s4,1,-7.637111393060904,-18.79898729805916
RK45_0.001,0.12,s1*s2,0,4.3411263847116235,2.1298039219576888
RK45_0.001,0.12,s1*s2,1,-8.04409160556112,-2.790035070012869
RK45_0.001,0.12,s2*s3,0,0.8272762397865221,1.0052479787273574
RK45_0.001,0.12,s2*s3,1,0.11391651949853471,-0.4916346439696602
RK45_0.001,0.12,s3*s4,0,-0.2699285442862326,-2.501139454482597
RK45_0.001,0.12,s3*s4,1,-0.31846358025536603,0.7507340413184016
RK45_0.001,0.12,s1*s4,0,18.679689855923947,31.357962813101583
RK45_0.001,0.12,s1*s4,1,-7.636648545707495,-18.79835163763704
RK45_0.001,0.135,s1*s2,0,4.341899905038928,2.130009550521396
RK45_0.001,0.135,s1*s2,1,-8.043869449404864,-2.790026425345911
RK45_0.001,0.135,s2*s3,0,0.8272699181266111,1.0052983169246932
RK45_0.001,0.135,s2*s3,1,0.11391728703774819,-0.491622541464809
RK45_0.001,0.135,s3*s4,0,-0.2699013671882032,-2.501218074012827
RK45_0.001,0.135,s3*s4,1,-0.3184623296111749,0.7507145029889036
RK45_0.001,0.135,s1*s4,0,18.680538474461276,31.359749525403743
RK45_0.001,0.135,s1*s4,1,-7.63631216405743,-18.797962531030368
RK45_0.001,0.15000000000000002,s1*s2,0,4.342162235055999,2.13016498409298
RK45_0.001,0.15000000000000002,s1*s2,1,-8.043852879172235,-2.7900546492721423
RK45_0.001,0.15000000000000002,s2*s3,0,0.8272626230546458,1.0053194624670598
RK45_0.001,0.15000000000000002,s2*s3,1,0.11391760951621195,-0.4916236045164534
RK45_0.001,0.15000000000000002,s3*s4,0,-0.26987983552000666,-2.5012491533104506
RK45_0.001,0.15000000000000002,s3*s4,1,-0.31846494020281924,0.7507170415573824
RK45_0.001,0.15000000000000002,s1*s4,0,18.680652416722225,31.36056391502795
RK45_0.001,0.15000000000000002,s1*s4,1,-7.636256365745774,-18.7980237602867
RK45_0.001,0.16499999999999998,s1*s2,0,4.341763072333085,2.1302268359084264
RK45_0.001,0.16499999999999998,s1*s2,1,-8.044081335746037,-2.790119989277688
RK45_0.001,0.16499999999999998,s2*s3,0,0.8272528218366194,1.0052998652519918
RK45_0.001,0.16499999999999998,s2*s3,1,0.11391637710436502,-0.4916403901215755
RK45_0.001,0.16499999999999998,s3*s4,0,-0.2698672665591391,-2.501211589759399
RK45_0.001,0.16499999999999998,s3*s4,1,-0.318470689789148,0.7507467434601387
RK45_0.001,0.16499999999999998,s1*s4,0,18.679819612451798,31.36000144471491
RK45_0.001,0.16499999999999998,s1*s4,1,-7.636559911826484,-18.798615754376033
RK45_0.001,0.18,s1*s2,0,4.340849169624861,2.1301905773839023
RK45_0.001,0.18,s1*s2,1,-8.044482238334897,-2.790205173004516
RK45_0.001,0.18,s2*s3,0,0.8272404080846942,1.005246206796394
RK45_0.001,0.18,s2*s3,1,0.11391323100682968,-0.49166819984327537
RK45_0.001,0.18,s3*s4,0,-0.26986346997242183,-2.5011151908207405
RK45_0.001,0.18,s3*s4,1,-0.3184774008170465,0.7507961064507426
RK45_0.001,0.18,s1*s4,0,18.67826145241269,31.35827055315993
RK45_0.001,0.18,s1*s4,1,-7.637137066437218,-18.799573703538346
RK45_0.001,0.195,s1*s2,0,4.340060992467146,2.1301232648995985
RK45_0.001,0.195,s1*s2,1,-8.044802784795385,-2.790265714762093
RK45_0.001,0.195,s2*s3,0,0.8272306295627981,1.005197572126869
RK45_0.001,0.195,s2*s3,1,0.1139101110655684,-0.4916901889872379
RK45_0.001,0.195,s3*s4,0,-0.2698643201651205,-2.501027874449996
RK45_0.001,0.195,s3*s4,1,-0.3184815918469973,0.7508355164629686
RK45_0.001,0.195,s1*s4,0,18.67696803094047,31.356670190452242
RK45_0.001,0.195,s1*s4,1,-7.6376164523275545,-18.800324386548294
RK45_0.001,0.20999999999999996,s1*s2,0,4.340018432732094,2.1301187392227328
RK45_0.001,0.20999999999999996,s1*s2,1,-8.044819038164144,-2.7902684731730236
RK45_0.001,0.20999999999999996,s2*s3,0,0.8272300972378903,1.0051948676662406
RK45_0.001,0.20999999999999996,s2*s3,1,0.11390992702985628,-0.4916912956348635
RK45_0.001,0.20999999999999996,s3*s4,0,-0.2698644514246832,-2.5010229968350277
RK45_0.001,0.20999999999999996,s3*s4,1,-0.3184817566748537,0.7508375160510924
RK45_0.001,0.20999999999999996,s1*s4,0,18.676898964896388,31.356580554209977
RK45_0.001,0.20999999999999996,s1*s4,1,-7.63764150779052,-18.800361865688302
RK45_0.001,0.22499999999999998,s1*s2,0,4.340027644286484,2.130119849281168
RK45_0.001,0.22499999999999998,s1*s2,1,-8.044816103837924,-2.7902681905706848
RK45_0.001,0.22499999999999998,s2*s3,0,0.8272302238774186,1.0051954776868566
RK45_0.001,0.22499999999999998,s2*s3,1,0.11390997247094671,-0.49169110311198905
RK45_0.001,0.22499999999999998,s3*s4,0,-0.2698644111618708,-2.501024107504784
RK45_0.001,0.22499999999999998,s3*s4,1,-0.3184817534702788,0.7508371627052184
RK45_0.001,0.22499999999999998,s1*s4,0,18.676913958888758,31.356600759737265
RK45_0.001,0.22499999999999998,s1*s4,1,-7.637636578058446,-18.800355564515055
RK45_0.001,0.24,s1*s2,0,4.34002421893459,2.1301195156145183
RK45_0.001,0.24,s1*s2,1,-8.04481731728604,-2.7902683191066004
RK45_0.001,0.24,s2*s3,0,0.8272301684091068,1.005195252618291
RK45_0.001,0.24,s2*s3,1,0.11390995153178443,-0.49169118469081036
RK45_0.001,0.24,s3*s4,0,-0.2698644118017857,-2.5010236916378985
RK45_0.001,0.24,s3*s4,1,-0.31848175396397577,0.7508373146630968
RK45_0.001,0.24,s1*s4,0,18.676908156904844,31.35659337820172
RK45_0.001,0.24,s1*s4,1,-7.6376386456696155,-18.800358242941133
RK45_1e-06,-0.24,s1*s2,0,4.3402668660357335,2.129902783084237
RK45_1e-06,-0.24,s1*s2,1,-8.04456945831866,-2.7901801385789
RK45_1e-06,-0.24,s2*s3,0,0.8272532084315848,1.0052029479291889
RK45_1e-06,-0.24,s2*s3,1,0.11391289067737044,-0.49167082183284355
RK45_1e-06,-0.24,s3*s4,0,-0.26990202965343546,-2.5010505822823133
RK45_1e-06,-0.24,s3*s4,1,-0.3184753303557618,0.7507993136974987
RK45_1e-06,-0.24,s1*s4,0,18.677888496505524,31.35662240874427
RK45_1e-06,-0.24,s1*s4,1,-7.63729569608601,-18.799632377824672
RK45_1e-06,-0.22499999999999998,s1*s2,0,4.340266724019286,2.1299030724080827
RK45_1e-06,-0.22499999999999998,s1*s2,1,-8.044569504704054,-2.790180262271053
RK45_1e-06,-0.22499999999999998,s2*s3,0,0.827253202237,1.0052029404240765
RK45_1e-06,-0.22499999999999998,s2*s3,1,0.11391289653421018,-0.49167082303200194
RK45_1e-06,-0.22499999999999998,s3*s4,0,-0.2699020208787731,-2.501050578708896
RK45_1e-06,-0.22499999999999998,s3*s4,1,-0.3184753382308234,0.7507993152966875
RK45_1e-06,-0.22499999999999998,s1*s4,0,18.677888006863576,31.35662264912788
RK45_1e-06,-0.22499999999999998,s1*s4,1,-7.6372955831828,-18.79963261252624
RK45_1e-06,-0.21,s1*s2,0,4.340263806286195,2.1299097069662807
RK45_1e-06,-0.21,s1*s2,1,-8.044570574793848,-2.790182945317035
RK45_1e-06,-0.21,s2*s3,0,0.8272530490036349,1.0052027928026246
RK45_1e-06,-0.21,s2*s3,1,0.11391302207268347,-0.4916708649460131
RK45_1e-06,-0.21,s3*s4,0,-0.26990179329048164,-2.501050520636357
RK45_1e-06,-0.21,s3*s4,1,-0.31847552153652436,0.7507993747774088
RK45_1e-06,-0.21,s1*s4,0,18.677877008207794,31.356628794966007
RK45_1e-06,-0.21,s1*s4,1,-7.637293195473695,-18.79963807886642
RK45_1e-06,-0.195,s1*s2,0,4.340264914116162,2.129908442390804
RK45_1e-06,-0.195,s1*s2,1,-8.044570149250774,-2.790182010358766
RK45_1e-06,-0.195,s2*s3,0,0.8272530744690266,1.0052028434817013
RK45_1e-06,-0.195,s2*s3,1,0.11391296952719854,-0.49167087549985533
RK45_1e-06,-0.195,s3*s4,0,-0.26990183398900536,-2.5010505619759034
RK45_1e-06,-0.195,s3*s4,1,-0.31847547602386994,0.750799399919908
RK45_1e-06,-0.195,s1*s4,0,18.677879871014454,31.356628365443918
RK45_1e-06,-0.195,s1*s4,1,-7.637293991496223,-18.79963672084193
RK45_1e-06,-0.18,s1*s2,0,4.3402689008464375,2.129899457318409
RK45_1e-06,-0.18,s1*s2,1,-8.044568198363736,-2.790177969615366
RK45_1e-06,-0.18,s2*s3,0,0.8272533115058232,1.0052030050762704
RK45_1e-06,-0.18,s2*s3,1,0.11391276796022255,-0.4916708093180134
RK45_1e-06,-0.18,s3*s4,0,-0.26990222958348487,-2.5010506189065715
RK45_1e-06,-0.18,s3*s4,1,-0.31847519581615963,0.7507993187403126
RK45_1e-06,-0.18,s1*s4,0,18.677895645382655,31.3566194064654
RK45_1e-06,-0.18,s1*s4,1,-7.637297275053901,-18.799628311722984
RK45_1e-06,-0.16499999999999998,s1*s2,0,4.340270135477177,2.1298951143701728
RK45_1e-06,-0.16499999999999998,s1*s2,1,-8.04456735632659,-2.790176349169773
RK45_1e-06,-0.16499999999999998,s2*s3,0,0.8272534419783585,1.0052030374845373
RK45_1e-06,-0.16499999999999998,s2*s3,1,0.11391269241248685,-0.49167075413253114
RK45_1e-06,-0.16499999999999998,s3*s4,0,-0.2699024598675359,-2.501050596031952
RK45_1e-06,-0.16499999999999998,s3*s4,1,-0.3184750618248875,0.7507992388380892
RK45_1e-06,-0.16499999999999998,s1*s4,0,18.677902633212096,31.356613836624067
RK45_1e-06,-0.16499999999999998,s1*s4,1,-7.6372985239966305,-18.799624278930185
RK45_1e-06,-0.15,s1*s2,0,4.340267300234749,2.1299007851838017
RK45_1e-06,-0.15,s1*s2,1,-8.044568944093122,-2.7901791697122356
RK45_1e-06,-0.15,s2*s3,0,0.8272532827922991,1.0052029382619079
RK45_1e-06,-0.15,s2*s3,1,0.11391283962520245,-0.49167080221147813
RK45_1e-06,-0.15,s3*s4,0,-0.2699021770663049,-2.501050552077811
RK45_1e-06,-0.15,s3*s4,1,-0.3184752573957565,0.750799291728252
RK45_1e-06,-0.15,s1*s4,0,18.677891905950073,31.356619333768787
RK45_1e-06,-0.15,s1*s4,1,-7.637296479000805,-18.79963027243978
RK45_1e-06,-0.135,s1*s2,0,4.34026620344117,2.1299036856298987
RK45_1e-06,-0.135,s1*s2,1,-8.044570111015505,-2.7901804357351
RK45_1e-06,-0.135,s2*s3,0,0.8272532139446571,1.0052029123551995
RK45_1e-06,-0.135,s2*s3,1,0.11391290846031522,-0.49167085754801043
RK45_1e-06,-0.135,s3*s4,0,-0.26990204050027505,-2.501050580793202
RK45_1e-06,-0.135,s3*s4,1,-0.31847536403402754,0.7507993625960188
RK45_1e-06,-0.135,s1*s4,0,18.677887171371466,31.35662291627309
RK45_1e-06,-0.135,s1*s4,1,-7.637296120796213,-18.799633894693063
RK45_1e-06,-0.12,s1*s2,0,4.340266282400777,2.129905105749316
RK45_1e-06,-0.12,s1*s2,1,-8.044570702191693,-2.790180758898763
RK45_1e-06,-0.12,s2*s3,0,0.8272531809273053,1.005202921781774
RK45_1e-06,-0.12,s2*s3,1,0.11391292481299395,-0.49167089977663964
RK45_1e-06,-0.12,s3*s4,0,-0.26990198108132524,-2.5010506297390043
RK45_1e-06,-0.12,s3*s4,1,-0.3184754062212756,0.7507994235573355
RK45_1e-06,-0.12,s1*s4,0,18.677885827016027,31.356625459429377
RK45_1e-06,-0.12,s1*s4,1,-7.637296421400721,-18.79963556913946
RK45_1e-06,-0.10499999999999998,s1*s2,0,4.3402676524378245,2.129903038007149
RK45_1e-06,-0.10499999999999998,s1*s2,1,-8.044568715634442,-2.7901795986368647
RK45_1e-06,-0.10499999999999998,s2*s3,0,0.8272531840818572,1.005202935708423
RK45_1e-06,-0.10499999999999998,s2*s3,1,0.11391285259883956,-0.4916708068115245
RK45_1e-06,-0.10499999999999998,s3*s4,0,-0.26990204747995505,-2.50105055324678
RK45_1e-06,-0.10499999999999998,s3*s4,1,-0.3184752944711214,0.7507993046974598
RK45_1e-06,-0.10499999999999998,s1*s4,0,18.67788928441815,31.35662287999994
RK45_1e-06,-0.10499999999999998,s1*s4,1,-7.637295561375048,-18.79963093065644
RK45_1e-06,-0.09,s1*s2,0,4.340268048278276,2.129901170483861
RK45_1e-06,-0.09,s1*s2,1,-8.0445674384857,-2.790178900782341
RK45_1e-06,-0.09,s2*s3,0,0.8272532118688003,1.0052029203318527
RK45_1e-06,-0.09,s2*s3,1,0.11391281484650119,-0.49167073184414334
RK45_1e-06,-0.09,s3*s4,0,-0.26990213193779033,-2.501050468883227
RK45_1e-06,-0.09,s3*s4,1,-0.3184752181592082,0.7507991991158378
RK45_1e-06,-0.09,s1*s4,0,18.67789160927556,31.356619652706602
RK45_1e-06,-0.09,s1*s4,1,-7.637294879204538,-18.799627668140417
RK45_1e-06,-0.07500000000000001,s1*s2,0,4.340266619002476,2.1299023522798963
RK45_1e-06,-0.07500000000000001,s1*s2,1,-8.044569080518428,-2.7901797852794026
RK45_1e-06,-0.07500000000000001,s2*s3,0,0.8272532241594656,1.0052028959710346
RK45_1e-06,-0.07500000000000001,s2*s3,1,0.11391286877828662,-0.49167080590129403
RK45_1e-06,-0.07500000000000001,s3*s4,0,-0.2699020998213293,-2.5010505024556426
RK45_1e-06,-0.07500000000000001,s3*s4,1,-0.31847529883452697,0.7507992960491725
RK45_1e-06,-0.07500000000000001,s1*s4,0,18.677888888234506,31.356620518158103
RK45_1e-06,-0.07500000000000001,s1*s4,1,-7.637295764270953,-18.799631343379602
RK45_1e-06,-0.06,s1*s2,0,4.340265954506717,2.1299028911736473
RK45_1e-06,-0.06,s1*s2,1,-8.044569907419255,-2.7901800939255006
RK45_1e-06,-0.06,s2*s3,0,0.8272532372544588,1.0052028821000272
RK45_1e-06,-0.06,s2*s3,1,0.11391288802830431,-0.49167084981934844
RK45_1e-06,-0.06,s3*s4,0,-0.2699020984033992,-2.5010505221802464
RK45_1e-06,-0.06,s3*s4,1,-0.31847533503599357,0.7507993563283752
RK45_1e-06,-0.06,s1*s4,0,18.677887796928065,31.356620886578348
RK45_1e-06,-0.06,s1*s4,1,-7.63729641341424,-18.799633135869197
RK45_1e-06,-0.044999999999999984,s1*s2,0,4.340266577230978,2.129903084658979
RK45_1e-06,-0.044999999999999984,s1*s2,1,-8.044569595806731,-2.790179993212289
RK45_1e-06,-0.044999999999999984,s2*s3,0,0.8272532162103681,1.0052029059780363
RK45_1e-06,-0.044999999999999984,s2*s3,1,0.11391287995633281,-0.4916708382886851
RK45_1e-06,-0.044999999999999984,s3*s4,0,-0.269902072233275,-2.50105054500452
RK45_1e-06,-0.044999999999999984,s3*s4,1,-0.3184753259297124,0.7507993425416261
RK45_1e-06,-0.044999999999999984,s1*s4,0,18.677888215676067,31.35662194162571
RK45_1e-06,-0.044999999999999984,s1*s4,1,-7.637296152060941,-18.799632597295147
RK45_1e-06,-0.03,s1*s2,0,4.34026770044351,2.1299028550453154
RK45_1e-06,-0.03,s1*s2,1,-8.044568564737297,-2.790179733046479
RK45_1e-06,-0.03,s2*s3,0,0.8272531810775674,1.0052029423271114
RK45_1e-06,-0.03,s2*s3,1,0.11391286347970762,-0.4916707826842137
RK45_1e-06,-0.03,s3*s4,0,-0.2699020388436603,-2.5010505502462084
RK45_1e-06,-0.03,s3*s4,1,-0.3184752911296303,0.7507992640389148
RK45_1e-06,-0.03,s1*s4,0,18.67788936607926,31.35662271003038
RK45_1e-06,-0.03,s1*s4,1,-7.637295123815737,-18.79963052300104
RK45_1e-06,-0.015000000000000013,s1*s2,0,4.340266523249559,2.129902695374474
RK45_1e-06,-0.015000000000000013,s1*s2,1,-8.044569297321127,-2.790179923679852
RK45_1e-06,-0.015000000000000013,s2*s3,0,0.8272532149104501,1.0052028944935802
RK45_1e-06,-0.015000000000000013,s2*s3,1,0.11391287602109984,-0.49167081720630224
RK45_1e-06,-0.015000000000000013,s3*s4,0,-0.26990208202111593,-2.5010505070186624
RK45_1e-06,-0.015000000000000013,s3*s4,1,-0.31847531146314584,0.7507993120056223
RK45_1e-06,-0.015000000000000013,s1*s4,0,18.677888355988618,31.356620987323918
RK45_1e-06,-0.015000000000000013,s1*s4,1,-7.637295859461219,-18.799631897770826
RK45_1e-06,0.0,s1*s2,0,4.340266305903752,2.129902692140669
RK45_1e-06,0.0,s1*s2,1,-8.04456945637084,-2.790179962719506
RK45_1e-06,0.0,s2*s3,0,0.8272532208895125,1.0052028860626394
RK45_1e-06,0.0,s2*s3,1,0.11391287824863101,-0.49167082544208424
RK45_1e-06,0.0,s3*s4,0,-0.26990208905801677,-2.501050500647434
RK45_1e-06,0.0,s3*s4,1,-0.31847531599107765,0.7507993239221851
RK45_1e-06,0.0,s1*s4,0,18.67788814814385,31.356620722019976
RK45_1e-06,0.0,s1*s4,1,-7.637296027002615,-18.799632210272176
RK45_1e-06,0.015000000000000013,s1*s2,0,4.340265770197278,2.129902577694492
RK45_1e-06,0.015000000000000013,s1*s2,1,-8.044569682788323,-2.790179990464009
RK45_1e-06,0.015000000000000013,s2*s3,0,0.8272532335518125,1.0052028580015944
RK45_1e-06,0.015000000000000013,s2*s3,1,0.11391288073437991,-0.49167083683206464
RK45_1e-06,0.015000000000000013,s3*s4,0,-0.2699021120221765,-2.501050466724246
RK45_1e-06,0.015000000000000013,s3*s4,1,-0.31847532097045517,0.7507993397608158
RK45_1e-06,0.015000000000000013,s1*s4,0,18.677887685093218,31.35661971889908
RK45_1e-06,0.015000000000000013,s1*s4,1,-7.637296296123329,-18.79963260315715
RK45_1e-06,0.030000000000000027,s1*s2,0,4.34026319841085,2.129901895919795
RK45_1e-06,0.030000000000000027,s1*s2,1,-8.044570656857035,-2.790180065594669
RK45_1e-06,0.030000000000000027,s2*s3,0,0.8272532931280061,1.0052027124112324
RK45_1e-06,0.030000000000000027,s2*s3,1,0.11391288986693082,-0.49167088241509904
RK45_1e-06,0.030000000000000027,s3*s4,0,-0.26990223327219165,-2.5010502801392156
RK45_1e-06,0.030000000000000027,s3*s4,1,-0.31847533613246753,0.7507994024972783
RK45_1e-06,0.030000000000000027,s1*s4,0,18.677885561429623,31.35661443776963
RK45_1e-06,0.030000000000000027,s1*s4,1,-7.637297527328412,-18.79963415252905
RK45_1e-06,0.044999999999999984,s1*s2,0,4.340266866191708,2.129902495881686
RK45_1e-06,0.044999999999999984,s1*s2,1,-8.044568964552566,-2.790179805978163
RK45_1e-06,0.044999999999999984,s2*s3,0,0.8272532233915836,1.0052028999428806
RK45_1e-06,0.044999999999999984,s2*s3,1,0.11391287700635139,-0.4916707881742065
RK45_1e-06,0.044999999999999984,s3*s4,0,-0.26990210628239747,-2.5010505155431186
RK45_1e-06,0.044999999999999984,s3*s4,1,-0.31847529667944463,0.7507992619211273
RK45_1e-06,0.044999999999999984,s1*s4,0,18.677889207469928,31.35662097652528
RK45_1e-06,0.044999999999999984,s1*s4,1,-7.637295469621601,-18.799630904049813
RK45_1e-06,0.06,s1*s2,0,4.340268067509807,2.1299029587042946
RK45_1e-06,0.06,s1*s2,1,-8.044568630836123,-2.790179836789904
RK45_1e-06,0.06,s2*s3,0,0.8272531960486099,1.0052029800392452
RK45_1e-06,0.06,s2*s3,1,0.11391287596668494,-0.4916707763253136
RK45_1e-06,0.06,s3*s4,0,-0.2699020361849747,-2.5010506279689455
RK45_1e-06,0.06,s3*s4,1,-0.3184752989440494,0.7507992463688932
RK45_1e-06,0.06,s1*s4,0,18.67789007240409,31.35662395153611
RK45_1e-06,0.06,s1*s4,1,-7.637294955082022,-18.799630540221177
RK45_1e-06,0.07500000000000001,s1*s2,0,4.340263013331876,2.129902112726268
RK45_1e-06,0.07500000000000001,s1*s2,1,-8.044570623209369,-2.7901801195683893
RK45_1e-06,0.07500000000000001,s2*s3,0,0.8272532547992525,1.005202700557928
RK45_1e-06,0.07500000000000001,s2*s3,1,0.11391288476718701,-0.49167089049703844
RK45_1e-06,0.07500000000000001,s3*s4,0,-0.2699021812919237,-2.5010502302789317
RK45_1e-06,0.07500000000000001,s3*s4,1,-0.3184753398205263,0.7507994224756047
RK45_1e-06,0.07500000000000001,s1*s4,0,18.677884381234204,31.356614272830612
RK45_1e-06,0.07500000000000001,s1*s4,1,-7.637297506305325,-18.79963442517397
RK45_1e-06,0.08999999999999997,s1*s2,0,4.340248390008579,2.1298989148893424
RK45_1e-06,0.08999999999999997,s1*s2,1,-8.04457523038495,-2.790180507259869
RK45_1e-06,0.08999999999999997,s2*s3,0,0.8272533997072583,1.0052018186413865
RK45_1e-06,0.08999999999999997,s2*s3,1,0.1139128978149007,-0.4916711378968899
RK45_1e-06,0.08999999999999997,s3*s4,0,-0.26990265045772666,-2.501048907885058
RK45_1e-06,0.08999999999999997,s3*s4,1,-0.3184754041350749,0.7507998005053815
RK45_1e-06,0.08999999999999997,s1*s4,0,18.677868154873643,31.356583292783867
RK45_1e-06,0.08999999999999997,s1*s4,1,-7.637303783278181,-18.799642633341488
RK45_1e-06,0.10499999999999998,s1*s2,0,4.340261384396325,2.1299008462752678
RK45_1e-06,0.10499999999999998,s1*s2,1,-8.044570219896434,-2.7901797519467126
RK45_1e-06,0.10499999999999998,s2*s3,0,0.82725332061667,1.0052025576037644
RK45_1e-06,0.10499999999999998,s2*s3,1,0.11391289168396454,-0.49167083594952654
RK45_1e-06,0.10499999999999998,s3*s4,0,-0.2699023587421051,-2.5010500283173647
RK45_1e-06,0.10499999999999998,s3*s4,1,-0.3184753074755523,0.7507993160539604
RK45_1e-06,0.10499999999999998,s1*s4,0,18.67788432185567,31.35660855159653
RK45_1e-06,0.10499999999999998,s1*s4,1,-7.637297130128388,-18.79963239245076
RK45_1e-06,0.12,s1*s2,0,4.340280272761257,2.1299046068119942
RK45_1e-06,0.12,s1*s2,1,-8.044563915170423,-2.790179079269196
RK45_1e-06,0.12,s2*s3,0,0.8272532195427325,1.005203715490602
RK45_1e-06,0.12,s2*s3,1,0.11391289928578913,-0.49167047100883354
RK45_1e-06,0.12,s3*s4,0,-0.26990185676777045,-2.50105184146887
RK45_1e-06,0.12,s3*s4,1,-0.31847522580415716,0.7507987249153923
RK45_1e-06,0.12,s1*s4,0,18.677907187290764,31.356648759658746
RK45_1e-06,0.12,s1*s4,1,-7.6372882147107815,-18.799620226732408
RK45_1e-06,0.135,s1*s2,0,4.340271633810424,2.1299039092461243
RK45_1e-06,0.135,s1*s2,1,-8.044567800265362,-2.790179832225193
RK45_1e-06,0.135,s2*s3,0,0.8272532065426236,1.0052032363711023
RK45_1e-06,0.135,s2*s3,1,0.11391288922664713,-0.4916707260449433
RK45_1e-06,0.135,s3*s4,0,-0.2699019405433438,-2.5010510700571116
RK45_1e-06,0.135,s3*s4,1,-0.31847530363916565,0.7507991558005733
RK45_1e-06,0.135,s1*s4,0,18.677894692468772,31.3566329070856
RK45_1e-06,0.135,s1*s4,1,-7.637293490419936,-18.799628974587986
RK45_1e-06,0.15000000000000002,s1*s2,0,4.340246569360348,2.1299000836876694
RK45_1e-06,0.15000000000000002,s1*s2,1,-8.044575932962967,-2.790180749120734
RK45_1e-06,0.15000000000000002,s2*s3,0,0.8272531464972026,1.0052016721915566
RK45_1e-06,0.15000000000000002,s2*s3,1,0.11391284562194322,-0.4916712247845476
RK45_1e-06,0.15000000000000002,s3*s4,0,-0.2699023543621324,-2.5010484648824365
RK45_1e-06,0.15000000000000002,s3*s4,1,-0.3184753921169085,0.7507999991227318
RK45_1e-06,0.15000000000000002,s1*s4,0,18.677859804111215,31.356580000124968
RK45_1e-06,0.15000000000000002,s1*s4,1,-7.637305531916031,-18.79964551550754
RK45_1e-06,0.16499999999999998,s1*s2,0,4.340217931259209,2.1298950963509897
RK45_1e-06,0.16499999999999998,s1*s2,1,-8.044584016582895,-2.7901814029488206
RK45_1e-06,0.16499999999999998,s2*s3,0,0.8272530412326572,1.005199812929058
RK45_1e-06,0.16499999999999998,s2*s3,1,0.11391278894125237,-0.4916717087162885
RK45_1e-06,0.16499999999999998,s3*s4,0,-0.26990285797445907,-2.501045312044388
RK45_1e-06,0.16499999999999998,s3*s4,1,-0.31847544663072336,0.750800822311926
RK45_1e-06,0.16499999999999998,s1*s4,0,18.677819861914475,31.356516772583095
RK45_1e-06,0.16499999999999998,s1*s4,1,-7.637317975910426,-18.79966132853584
RK45_1e-06,0.18,s1*s2,0,4.340266611263776,2.1299017232501685
RK45_1e-06,0.18,s1*s2,1,-8.044567837679828,-2.79017952631528
RK45_1e-06,0.18,s2*s3,0,0.827253376980957,1.0052029087975456
RK45_1e-06,0.18,s2*s3,1,0.11391293695489914,-0.49167067871586617
RK45_1e-06,0.18,s3*s4,0,-0.26990230700023377,-2.5010506609317833
RK45_1e-06,0.18,s3*s4,1,-0.31847531588178024,0.7507990186060337
RK45_1e-06,0.18,s1*s4,0,18.67789234943242,31.356620473729826
RK45_1e-06,0.18,s1*s4,1,-7.637292954572809,-18.799627220768325
RK45_1e-06,0.195,s1*s2,0,4.340310889462463,2.1299088789240557
RK45_1e-06,0.195,s1*s2,1,-8.04455452978842,-2.790178222255764
RK45_1e-06,0.195,s2*s3,0,0.8272537149362775,1.0052058278934712
RK45_1e-06,0.195,s2*s3,1,0.11391308003569943,-0.4916698399617438
RK45_1e-06,0.195,s3*s4,0,-0.2699017322187783,-2.5010557685123147
RK45_1e-06,0.195,s3*s4,1,-0.3184752494365182,0.750797535317135
RK45_1e-06,0.195,s1*s4,0,18.677957849673877,31.356719099202312
RK45_1e-06,0.195,s1*s4,1,-7.637271756605487,-18.799599651230803
RK45_1e-06,0.20999999999999996,s1*s2,0,4.340274845268701,2.129904909716488
RK45_1e-06,0.20999999999999996,s1*s2,1,-8.044567637329745,-2.7901799484577796
RK45_1e-06,0.20999999999999996,s2*s3,0,0.8272532731094037,1.005203513470201
RK45_1e-06,0.20999999999999996,s2*s3,1,0.11391290771742307,-0.4916707144793334
RK45_1e-06,0.20999999999999996,s3*s4,0,-0.26990188385700803,-2.5010516063334896
RK45_1e-06,0.20999999999999996,s3*s4,1,-0.3184753259237768,0.7507991236564575
RK45_1e-06,0.20999999999999996,s1*s4,0,18.67789974069267,31.35664248979205
RK45_1e-06,0.20999999999999996,s1*s4,1,-7.637292816777665,-18.79962875401117
RK45_1e-06,0.22499999999999998,s1*s2,0,4.340264850656393,2.129903615533767
RK45_1e-06,0.22499999999999998,s1*s2,1,-8.044571016012052,-2.790180353700879
RK45_1e-06,0.22499999999999998,s2*s3,0,0.8272531486979872,1.0052028557190993
RK45_1e-06,0.22499999999999998,s2*s3,1,0.11391285995950705,-0.49167093845761356
RK45_1e-06,0.22499999999999998,s3*s4,0,-0.2699019419152337,-2.501050417242019
RK45_1e-06,0.22499999999999998,s3*s4,1,-0.3184753390628851,0.7507995327436151
RK45_1e-06,0.22499999999999998,s1*s4,0,18.67788377084062,31.35662056381372
RK45_1e-06,0.22499999999999998,s1*s4,1,-7.6372983437092055,-18.79963617338384
RK45_1e-06,0.24,s1*s2,0,4.340265260427437,2.129903668779339
RK45_1e-06,0.24,s1*s2,1,-8.044570895964968,-2.7901803433273025
RK45_1e-06,0.24,s2*s3,0,0.8272531548229076,1.0052028833442033
RK45_1e-06,0.24,s2*s3,1,0.11391286197435979,-0.49167093061375977
RK45_1e-06,0.24,s3*s4,0,-0.269901940264359,-2.501050468104138
RK45_1e-06,0.24,s3*s4,1,-0.31847533919736337,0.7507995182212419
RK45_1e-06,0.24,s1*s4,0,18.677884443640718,31.356621482195624
RK45_1e-06,0.24,s1*s4,1,-7.637298137963668,-18.79963591755828
RK45_1e-09,-0.24,s1*s2,0,4.340266306038319,2.1299026924256843
RK45_1e-09,-0.24,s1*s2,1,-8.044569456374687,-2.7901799630717163
RK45_1e-09,-0.24,s2*s3,0,0.8272532208790906,1.0052028861066373
RK45_1e-09,-0.24,s2*s3,1,0.11391287827045116,-0.4916708254356665
RK45_1e-09,-0.24,s3*s4,0,-0.26990208899952106,-2.5010505007138724
RK45_1e-09,-0.24,s3*s4,1,-0.3184753160164364,0.750799323906378
RK45_1e-09,-0.24,s1*s4,0,18.67788814779103,31.35662072345348
RK45_1e-09,-0.24,s1*s4,1,-7.637296026402773,-18.79963221064002
RK45_1e-09,-0.22499999999999998,s1*s2,0,4.340266300360012,2.129902702393217
RK45_1e-09,-0.22499999999999998,s1*s2,1,-8.044569456670015,-2.790179967167428
RK45_1e-09,-0.22499999999999998,s2*s3,0,0.8272532206063292,1.005202885907332
RK45_1e-09,-0.22499999999999998,s2*s3,1,0.11391287843428759,-0.491670825480344
RK45_1e-09,-0.22499999999999998,s3*s4,0,-0.269902088504506,-2.501050500606179
RK45_1e-09,-0.22499999999999998,s3*s4,1,-0.3184753163029529,0.7507993239956401
RK45_1e-09,-0.22499999999999998,s1*s4,0,18.677888127994706,31.356620732270308
RK45_1e-09,-0.22499999999999998,s1*s4,1,-7.637296021107386,-18.799632218025902
RK45_1e-09,-0.21,s1*s2,0,4.34026630605884,2.1299026923775144
RK45_1e-09,-0.21,s1*s2,1,-8.044569456395726,-2.790179963022375
RK45_1e-09,-0.21,s2*s3,0,0.8272532208822978,1.005202886106216
RK45_1e-09,-0.21,s2*s3,1,0.11391287826790324,-0.49167082543857304
RK45_1e-09,-0.21,s3*s4,0,-0.2699020890057825,-2.5010505007147095
RK45_1e-09,-0.21,s3*s4,1,-0.31847531601478035,0.7507993239111185
RK45_1e-09,-0.21,s1*s4,0,18.67788814791993,31.35662072338996
RK45_1e-09,-0.21,s1*s4,1,-7.637296026503103,-18.79963221063998
RK45_1e-09,-0.195,s1*s2,0,4.34026631278685,2.129902681509181
RK45_1e-09,-0.195,s1*s2,1,-8.044569454498783,-2.7901799575629544
RK45_1e-09,-0.195,s2*s3,0,0.8272532211232423,1.0052028864656548
RK45_1e-09,-0.195,s2*s3,1,0.11391287799671329,-0.49167082544342483
RK45_1e-09,-0.195,s3*s4,0,-0.26990208933126025,-2.5010505009750035
RK45_1e-09,-0.195,s3*s4,1,-0.31847531570621557,0.750799323938587
RK45_1e-09,-0.195,s1*s4,0,18.677888168517633,31.35662071675717
RK45_1e-09,-0.195,s1*s4,1,-7.63729603171917,-18.799632201640133
RK45_1e-09,-0.18,s1*s2,0,4.34026630474665,2.129902699106008
RK45_1e-09,-0.18,s1*s2,1,-8.04456945777754,-2.7901799653438863
RK45_1e-09,-0.18,s2*s3,0,0.827253220665856,1.0052028861172737
RK45_1e-09,-0.18,s2*s3,1,0.11391287837249395,-0.49167082555129565
RK45_1e-09,-0.18,s3*s4,0,-0.26990208859051257,-2.501050500823628
RK45_1e-09,-0.18,s3*s4,1,-0.3184753162301096,0.7507993240784676
RK45_1e-09,-0.18,s1*s4,0,18.67788813752358,31.356620733539096
RK45_1e-09,-0.18,s1*s4,1,-7.637296024923954,-18.799632217231817
RK45_1e-09,-0.16499999999999998,s1*s2,0,4.340266305828763,2.129902693094857
RK45_1e-09,-0.16499999999999998,s1*s2,1,-8.044569456692997,-2.7901799632525823
RK45_1e-09,-0.16499999999999998,s2*s3,0,0.8272532208654169,1.0052028860958484
RK45_1e-09,-0.16499999999999998,s2*s3,1,0.11391287828061424,-0.4916708254561387
RK45_1e-09,-0.16499999999999998,s3*s4,0,-0.26990208897914364,-2.50105050071596
RK45_1e-09,-0.16499999999999998,s3*s4,1,-0.31847531603829754,0.7507993239345996
RK45_1e-09,-0.16499999999999998,s1*s4,0,18.677888146844104,31.35662072421302
RK45_1e-09,-0.16499999999999998,s1*s4,1,-7.637296026543572,-18.799632211498384
RK45_1e-09,-0.15,s1*s2,0,4.340266308924628,2.129902685739779
RK45_1e-09,-0.15,s1*s2,1,-8.044569453502504,-2.7901799596855685
RK45_1e-09,-0.15,s2*s3,0,0.8272532210258201,1.0052028861974638
RK45_1e-09,-0.15,s2*s3,1,0.11391287807947033,-0.49167082533890777
RK45_1e-09,-0.15,s3*s4,0,-0.2699020892808908,-2.501050500680045
RK45_1e-09,-0.15,s3*s4,1,-0.3184753157658851,0.7507993237990604
RK45_1e-09,-0.15,s1*s4,0,18.67788815891621,31.356620715973012
RK45_1e-09,-0.15,s1*s4,1,-7.637296027676215,-18.799632202192498
RK45_1e-09,-0.135,s1*s2,0,4.340266307189243,2.1299026933926397
RK45_1e-09,-0.135,s1*s2,1,-8.044569456213226,-2.7901799627551993
RK45_1e-09,-0.135,s2*s3,0,0.8272532208216009,1.0052028861851694
RK45_1e-09,-0.135,s2*s3,1,0.11391287823812818,-0.4916708254807193
RK45_1e-09,-0.135,s3*s4,0,-0.26990208888454026,-2.5010505008157407
RK45_1e-09,-0.135,s3*s4,1,-0.3184753160270578,0.7507993239908597
RK45_1e-09,-0.135,s1*s4,0,18.677888147684364,31.35662072709351
RK45_1e-09,-0.135,s1*s4,1,-7.637296026736724,-18.799632211117846
RK45_1e-09,-0.12,s1*s2,0,4.340266305347811,2.1299026953263787
RK45_1e-09,-0.12,s1*s2,1,-8.04456945831096,-2.790179964051308
RK45_1e-09,-0.12,s2*s3,0,0.8272532208359146,1.0052028861160143
RK45_1e-09,-0.12,s2*s3,1,0.11391287832539221,-0.49167082555299124
RK45_1e-09,-0.12,s3*s4,0,-0.2699020888818948,-2.5010505008235153
RK45_1e-09,-0.12,s3*s4,1,-0.31847531613197927,0.750799324070219
RK45_1e-09,-0.12,s1*s4,0,18.67788814412547,31.356620728119132
RK45_1e-09,-0.12,s1*s4,1,-7.637296027509594,-18.79963221553677
RK45_1e-09,-0.10499999999999998,s1*s2,0,4.34026630617943,2.1299026918538684
RK45_1e-09,-0.10499999999999998,s1*s2,1,-8.044569456106306,-2.7901799626252513
RK45_1e-09,-0.10499999999999998,s2*s3,0,0.8272532208925384,1.0052028860853701
RK45_1e-09,-0.10499999999999998,s2*s3,1,0.11391287824514547,-0.4916708254290255
RK45_1e-09,-0.10499999999999998,s3*s4,0,-0.26990208905280133,-2.5010505006695394
RK45_1e-09,-0.10499999999999998,s3*s4,1,-0.31847531598407486,0.750799323901429
RK45_1e-09,-0.10499999999999998,s1*s4,0,18.677888148727284,31.356620722151142
RK45_1e-09,-0.10499999999999998,s1*s4,1,-7.637296026734953,-18.799632209711543
RK45_1e-09,-0.09,s1*s2,0,4.34026630830672,2.12990269051783
RK45_1e-09,-0.09,s1*s2,1,-8.044569453747988,-2.7901799615559133
RK45_1e-09,-0.09,s2*s3,0,0.8272532208488064,1.0052028861444582
RK45_1e-09,-0.09,s2*s3,1,0.11391287817194751,-0.49167082532721
RK45_1e-09,-0.09,s3*s4,0,-0.26990208903601326,-2.5010505006451176
RK45_1e-09,-0.09,s3*s4,1,-0.3184753158805259,0.7507993237741163
RK45_1e-09,-0.09,s1*s4,0,18.677888151899268,31.3566207219485
RK45_1e-09,-0.09,s1*s4,1,-7.63729602524406,-18.799632204856614
RK45_1e-09,-0.07500000000000001,s1*s2,0,4.340266307521652,2.129902692654194
RK45_1e-09,-0.07500000000000001,s1*s2,1,-8.044569455573985,-2.7901799624980703
RK45_1e-09,-0.07500000000000001,s2*s3,0,0.8272532208345352,1.0052028861561004
RK45_1e-09,-0.07500000000000001,s2*s3,1,0.1139128782267653,-0.49167082542555923
RK45_1e-09,-0.07500000000000001,s3*s4,0,-0.269902088954642,-2.5010505007513313
RK45_1e-09,-0.07500000000000001,s3*s4,1,-0.3184753159805877,0.7507993239084493
RK45_1e-09,-0.07500000000000001,s1*s4,0,18.677888149061562,31.35662072543174
RK45_1e-09,-0.07500000000000001,s1*s4,1,-7.63729602627637,-18.79963220923399
RK45_1e-09,-0.06,s1*s2,0,4.3402663055413555,2.129902693180022
RK45_1e-09,-0.06,s1*s2,1,-8.044569457463018,-2.790179963108137
RK45_1e-09,-0.06,s2*s3,0,0.8272532208968,1.0052028860905133
RK45_1e-09,-0.06,s2*s3,1,0.11391287827006556,-0.4916708255141306
RK45_1e-09,-0.06,s3*s4,0,-0.26990208901501056,-2.5010505007461306
RK45_1e-09,-0.06,s3*s4,1,-0.3184753160487505,0.7507993240250134
RK45_1e-09,-0.06,s1*s4,0,18.67788814697967,31.356620724256068
RK45_1e-09,-0.06,s1*s4,1,-7.637296027881235,-18.799632212917786
RK45_1e-09,-0.044999999999999984,s1*s2,0,4.340266305019315,2.129902692551464
RK45_1e-09,-0.044999999999999984,s1*s2,1,-8.044569457375047,-2.790179962999294
RK45_1e-09,-0.044999999999999984,s2*s3,0,0.8272532209185117,1.005202886048189
RK45_1e-09,-0.044999999999999984,s2*s3,1,0.1139128782670838,-0.4916708255001906
RK45_1e-09,-0.044999999999999984,s3*s4,0,-0.2699020890698751,-2.501050500676322
RK45_1e-09,-0.044999999999999984,s3*s4,1,-0.31847531603283824,0.7507993240026273
RK45_1e-09,-0.044999999999999984,s1*s4,0,18.67788814707658,31.356620722115263
RK45_1e-09,-0.044999999999999984,s1*s4,1,-7.637296027920339,-18.799632212406838
RK45_1e-09,-0.03,s1*s2,0,4.340266305430666,2.129902692204585
RK45_1e-09,-0.03,s1*s2,1,-8.044569456773242,-2.7901799628141495
RK45_1e-09,-0.03,s2*s3,0,0.8272532209051278,1.0052028860493696
RK45_1e-09,-0.03,s2*s3,1,0.1139128782555167,-0.4916708254646665
RK45_1e-09,-0.03,s3*s4,0,-0.26990208907147195,-2.501050500647325
RK45_1e-09,-0.03,s3*s4,1,-0.31847531600623924,0.7507993239531087
RK45_1e-09,-0.03,s1*s4,0,18.677888147686932,31.356620721686078
RK45_1e-09,-0.03,s1*s4,1,-7.637296027394129,-18.799632211085804
RK45_1e-09,-0.015000000000000013,s1*s2,0,4.340266305612246,2.1299026921471627
RK45_1e-09,-0.015000000000000013,s1*s2,1,-8.044569456586842,-2.790179962763477
RK45_1e-09,-0.015000000000000013,s2*s3,0,0.8272532208987396,1.005202886052102
RK45_1e-09,-0.015000000000000013,s2*s3,1,0.1139128782515324,-0.49167082545398844
RK45_1e-09,-0.015000000000000013,s3*s4,0,-0.2699020890684943,-2.5010505006422656
RK45_1e-09,-0.015000000000000013,s3*s4,1,-0.31847531599783685,0.7507993239392682
RK45_1e-09,-0.015000000000000013,s1*s4,0,18.67788814788611,31.35662072170828
RK45_1e-09,-0.015000000000000013,s1*s4,1,-7.637296027235411,-18.79963221069885
RK45_1e-09,0.0,s1*s2,0,4.340266305903752,2.129902692140669
RK45_1e-09,0.0,s1*s2,1,-8.04456945637084,-2.790179962719506
RK45_1e-09,0.0,s2*s3,0,0.8272532208895125,1.0052028860626394
RK45_1e-09,0.0,s2*s3,1,0.11391287824863101,-0.49167082544208424
RK45_1e-09,0.0,s3*s4,0,-0.26990208905801677,-2.501050500647434
RK45_1e-09,0.0,s3*s4,1,-0.31847531599107765,0.7507993239221851
RK45_1e-09,0.0,s1*s4,0,18.67788814814385,31.356620722019976
RK45_1e-09,0.0,s1*s4,1,-7.637296027002615,-18.799632210272176
RK45_1e-09,0.015000000000000013,s1*s2,0,4.340266306302072,2.1299026921765307
RK45_1e-09,0.015000000000000013,s1*s2,1,-8.044569456112177,-2.7901799626795456
RK45_1e-09,0.015000000000000013,s2*s3,0,0.827253220878394,1.005202886082169
RK45_1e-09,0.015000000000000013,s2*s3,1,0.11391287824735509,-0.4916708254281282
RK45_1e-09,0.015000000000000013,s3*s4,0,-0.26990208904029855,-2.5010505006653614
RK45_1e-09,0.015000000000000013,s3*s4,1,-0.3184753159865463,0.7507993239000504
RK45_1e-09,0.015000000000000013,s1*s4,0,18.677888148483188,31.356620722635537
RK45_1e-09,0.015000000000000013,s1*s4,1,-7.637296026670561,-18.799632209777183
RK45_1e-09,0.030000000000000027,s1*s2,0,4.340266306915573,2.1299026922699302
RK45_1e-09,0.030000000000000027,s1*s2,1,-8.044569455817767,-2.7901799626405572
RK45_1e-09,0.030000000000000027,s2*s3,0,0.8272532208672821,1.0052028861143858
RK45_1e-09,0.030000000000000027,s2*s3,1,0.11391287824596814,-0.49167082541107493
RK45_1e-09,0.030000000000000027,s3*s4,0,-0.26990208901880414,-2.5010505007062456
RK45_1e-09,0.030000000000000027,s3*s4,1,-0.31847531598024076,0.7507993238740103
RK45_1e-09,0.030000000000000027,s1*s4,0,18.677888149104337,31.35662072373882
RK45_1e-09,0.030000000000000027,s1*s4,1,-7.637296026294943,-18.799632209204834
RK45_1e-09,0.044999999999999984,s1*s2,0,4.34026630891935,2.1299026925373084
RK45_1e-09,0.044999999999999984,s1*s2,1,-8.044569454865526,-2.7901799624962127
RK45_1e-09,0.044999999999999984,s2*s3,0,0.8272532208357865,1.0052028862179947
RK45_1e-09,0.044999999999999984,s2*s3,1,0.11391287824125948,-0.4916708253545839
RK45_1e-09,0.044999999999999984,s3*s4,0,-0.2699020889574629,-2.5010505008413584
RK45_1e-09,0.044999999999999984,s3*s4,1,-0.3184753159578535,0.7507993237874161
RK45_1e-09,0.044999999999999984,s1*s4,0,18.677888151255015,31.356620727270293
RK45_1e-09,0.044999999999999984,s1*s4,1,-7.637296025098448,-18.799632207296533
RK45_1e-09,0.06,s1*s2,0,4.340266310367834,2.129902692620076
RK45_1e-09,0.06,s1*s2,1,-8.04456945416071,-2.790179962374833
RK45_1e-09,0.06,s2*s3,0,0.8272532208248896,1.005202886294055
RK45_1e-09,0.06,s2*s3,1,0.11391287824108032,-0.49167082530762246
RK45_1e-09,0.06,s3*s4,0,-0.26990208893001627,-2.501050500948298
RK45_1e-09,0.06,s3*s4,1,-0.31847531594001605,0.7507993237114916
RK45_1e-09,0.06,s1*s4,0,18.67788815312095,31.356620729711512
RK45_1e-09,0.06,s1*s4,1,-7.637296024181773,-18.799632205732824
RK45_1e-09,0.07500000000000001,s1*s2,0,4.34026630536728,2.12990269152892
RK45_1e-09,0.07500000000000001,s1*s2,1,-8.044569456035896,-2.7901799626093666
RK45_1e-09,0.07500000000000001,s2*s3,0,0.8272532208976955,1.0052028860115167
RK45_1e-09,0.07500000000000001,s2*s3,1,0.11391287825134948,-0.49167082540732115
RK45_1e-09,0.07500000000000001,s3*s4,0,-0.26990208910161967,-2.501050500549845
RK45_1e-09,0.07500000000000001,s3*s4,1,-0.3184753159728806,0.7507993238620978
RK45_1e-09,0.07500000000000001,s1*s4,0,18.677888147956182,31.356620719645683
RK45_1e-09,0.07500000000000001,s1*s4,1,-7.637296026594004,-18.79963220916184
RK45_1e-09,0.08999999999999997,s1*s2,0,4.3402662932407,2.129902689363602
RK45_1e-09,0.08999999999999997,s1*s2,1,-8.044569460507297,-2.790179963209674
RK45_1e-09,0.08999999999999997,s2*s3,0,0.8272532209980119,1.005202885310917
RK45_1e-09,0.08999999999999997,s2*s3,1,0.1139128782600807,-0.49167082566695575
RK45_1e-09,0.08999999999999997,s3*s4,0,-0.2699020894259959,-2.5010504994990463
RK45_1e-09,0.08999999999999997,s3*s4,1,-0.31847531605231416,0.7507993242725842
RK45_1e-09,0.08999999999999997,s1*s4,0,18.677888133673026,31.35662069533977
RK45_1e-09,0.08999999999999997,s1*s4,1,-7.63729603255282,-18.79963221794605
RK45_1e-09,0.10499999999999998,s1*s2,0,4.340266287530998,2.1299026886955583
RK45_1e-09,0.10499999999999998,s1*s2,1,-8.044569462623699,-2.7901799635266302
RK45_1e-09,0.10499999999999998,s2*s3,0,0.8272532209922279,1.005202884972015
RK45_1e-09,0.10499999999999998,s2*s3,1,0.11391287825317735,-0.4916708258023965
RK45_1e-09,0.10499999999999998,s3*s4,0,-0.2699020895113748,-2.5010504989503866
RK45_1e-09,0.10499999999999998,s3*s4,1,-0.31847531608840074,0.7507993244993241
RK45_1e-09,0.10499999999999998,s1*s4,0,18.677888125696978,31.356620684053926
RK45_1e-09,0.10499999999999998,s1*s4,1,-7.637296035522821,-18.799632222485243
RK45_1e-09,0.12,s1*s2,0,4.340266300594888,2.1299026913509014
RK45_1e-09,0.12,s1*s2,1,-8.044569458335744,-2.790179963052788
RK45_1e-09,0.12,s2*s3,0,0.8272532209135629,1.0052028857645943
RK45_1e-09,0.12,s2*s3,1,0.11391287825220284,-0.4916708255586499
RK45_1e-09,0.12,s3*s4,0,-0.26990208916071706,-2.5010505001861976
RK45_1e-09,0.12,s3*s4,1,-0.3184753160292332,0.7507993241101252
RK45_1e-09,0.12,s1*s4,0,18.67788814134621,31.356620711747627
RK45_1e-09,0.12,s1*s4,1,-7.637296029573728,-18.7996322143123
RK45_1e-09,0.135,s1*s2,0,4.3402663103489685,2.129902693029634
RK45_1e-09,0.135,s1*s2,1,-8.044569455057667,-2.790179962660121
RK45_1e-09,0.135,s2*s3,0,0.8272532209039181,1.0052028863682756
RK45_1e-09,0.135,s2*s3,1,0.11391287826352382,-0.4916708253605901
RK45_1e-09,0.135,s3*s4,0,-0.26990208895797313,-2.501050501164846
RK45_1e-09,0.135,s3*s4,1,-0.3184753159872352,0.7507993237804916
RK45_1e-09,0.135,s1*s4,0,18.67788815416229,31.356620732377024
RK45_1e-09,0.135,s1*s4,1,-7.637296024855208,-18.799632207694746
RK45_1e-09,0.15000000000000002,s1*s2,0,4.3402663245215125,2.129902695054514
RK45_1e-09,0.15000000000000002,s1*s2,1,-8.044569450100058,-2.7901799620282475
RK45_1e-09,0.15000000000000002,s2*s3,0,0.8272532209517516,1.0052028872507686
RK45_1e-09,0.15000000000000002,s2*s3,1,0.11391287829422295,-0.4916708250453927
RK45_1e-09,0.15000000000000002,s3*s4,0,-0.2699020887459647,-2.5010505026453513
RK45_1e-09,0.15000000000000002,s3*s4,1,-0.3184753159266075,0.7507993232430106
RK45_1e-09,0.15000000000000002,s1*s4,0,18.677888174258523,31.35662076209709
RK45_1e-09,0.15000000000000002,s1*s4,1,-7.637296017521741,-18.799632197235844
RK45_1e-09,0.16499999999999998,s1*s2,0,4.340266321312038,2.129902694253535
RK45_1e-09,0.16499999999999998,s1*s2,1,-8.044569451025087,-2.7901799621456607
RK45_1e-09,0.16499999999999998,s2*s3,0,0.8272532209849002,1.005202887054671
RK45_1e-09,0.16499999999999998,s2*s3,1,0.11391287829840807,-0.4916708250927802
RK45_1e-09,0.16499999999999998,s3*s4,0,-0.2699020888529254,-2.5010505023496354
RK45_1e-09,0.16499999999999998,s3*s4,1,-0.3184753159399967,0.7507993233167866
RK45_1e-09,0.16499999999999998,s1*s4,0,18.677888170783888,31.35662075509512
RK45_1e-09,0.16499999999999998,s1*s4,1,-7.63729601873653,-18.799632198905492
RK45_1e-09,0.18,s1*s2,0,4.340266299216139,2.129902690984326
RK45_1e-09,0.18,s1*s2,1,-8.044569458145055,-2.790179962999018
RK45_1e-09,0.18,s2*s3,0,0.8272532208519734,1.00520288564624
RK45_1e-09,0.18,s2*s3,1,0.11391287823894701,-0.4916708255436402
RK45_1e-09,0.18,s3*s4,0,-0.26990208913490726,-2.501050499923649
RK45_1e-09,0.18,s3*s4,1,-0.3184753160036599,0.7507993241009656
RK45_1e-09,0.18,s1*s4,0,18.677888138436817,31.356620707587837
RK45_1e-09,0.18,s1*s4,1,-7.637296029621846,-18.79963221387631
RK45_1e-09,0.195,s1*s2,0,4.340266273658274,2.129902687712511
RK45_1e-09,0.195,s1*s2,1,-8.044569466396233,-2.7901799638831872
RK45_1e-09,0.195,s2*s3,0,0.8272532205738226,1.005202883982671
RK45_1e-09,0.195,s2*s3,1,0.11391287813647848,-0.4916708260802396
RK45_1e-09,0.195,s3*s4,0,-0.2699020893199742,-2.5010504969555676
RK45_1e-09,0.195,s3*s4,1,-0.3184753160443399,0.7507993250627514
RK45_1e-09,0.195,s1*s4,0,18.67788809832524,31.356620652178336
RK45_1e-09,0.195,s1*s4,1,-7.63729604292526,-18.799632231517528
RK45_1e-09,0.20999999999999996,s1*s2,0,4.34026625775533,2.129902686124756
RK45_1e-09,0.20999999999999996,s1*s2,1,-8.044569471588394,-2.7901799643333467
RK45_1e-09,0.20999999999999996,s2*s3,0,0.8272532202996336,1.0052028829227198
RK45_1e-09,0.20999999999999996,s2*s3,1,0.11391287804283134,-0.49167082642673343
RK45_1e-09,0.20999999999999996,s3*s4,0,-0.2699020893183986,-2.501050494982901
RK45_1e-09,0.20999999999999996,s3*s4,1,-0.318475316035751,0.750799325709039
RK45_1e-09,0.20999999999999996,s1*s4,0,18.67788807115116,31.35662061743732
RK45_1e-09,0.20999999999999996,s1*s4,1,-7.637296051933612,-18.799632242769817
RK45_1e-09,0.22499999999999998,s1*s2,0,4.340266253691094,2.129902686195964
RK45_1e-09,0.22499999999999998,s1*s2,1,-8.044569473042717,-2.7901799643508354
RK45_1e-09,0.22499999999999998,s2*s3,0,0.8272532201340548,1.0052028826333854
RK45_1e-09,0.22499999999999998,s2*s3,1,0.11391287798908968,-0.49167082653050576
RK45_1e-09,0.22499999999999998,s3*s4,0,-0.2699020892015211,-2.50105049436938
RK45_1e-09,0.22499999999999998,s3*s4,1,-0.31847531599962897,0.750799325925929
RK45_1e-09,0.22499999999999998,s1*s4,0,18.677888062060607,31.35662060850232
RK45_1e-09,0.22499999999999998,s1*s4,1,-7.637296055069508,-18.799632246014276
RK45_1e-09,0.24,s1*s2,0,4.340266307204372,2.12990269268785
RK45_1e-09,0.24,s1*s2,1,-8.044569456719424,-2.790179962887793
RK45_1e-09,0.24,s2*s3,0,0.8272532209580983,1.0052028862186186
RK45_1e-09,0.24,s2*s3,1,0.11391287826599422,-0.4916708254549203
RK45_1e-09,0.24,s3*s4,0,-0.269902089046676,-2.5010505009850195
RK45_1e-09,0.24,s3*s4,1,-0.3184753160122014,0.7507993239338239
RK45_1e-09,0.24,s1*s4,0,18.677888150780806,31.356620727299823
RK45_1e-09,0.24,s1*s4,1,-7.637296027103789,-18.79963221094233
RK45_1e-12,-0.24,s1*s2,0,4.340266305905121,2.129902692126506
RK45_1e-12,-0.24,s1*s2,1,-8.04456945637151,-2.7901799627107504
RK45_1e-12,-0.24,s2*s3,0,0.8272532208885414,1.0052028860619466
RK45_1e-12,-0.24,s2*s3,1,0.11391287824909248,-0.4916708254416035
RK45_1e-12,-0.24,s3*s4,0,-0.26990208905777957,-2.5010505006445527
RK45_1e-12,-0.24,s3*s4,1,-0.3184753159912213,0.7507993239205781
RK45_1e-12,-0.24,s1*s4,0,18.67788814814319,31.356620721971964
RK45_1e-12,-0.24,s1*s4,1,-7.6372960270037,-18.79963221024425
RK45_1e-12,-0.22499999999999998,s1*s2,0,4.340266305913448,2.129902692118117
RK45_1e-12,-0.22499999999999998,s1*s2,1,-8.044569456370247,-2.790179962706788
RK45_1e-12,-0.22499999999999998,s2*s3,0,0.8272532208892753,1.0052028860631934
RK45_1e-12,-0.22499999999999998,s2*s3,1,0.11391287824850366,-0.49167082544211943
RK45_1e-12,-0.22499999999999998,s3*s4,0,-0.2699020890571551,-2.501050500646832
RK45_1e-12,-0.22499999999999998,s3*s4,1,-0.31847531599128753,0.7507993239217411
RK45_1e-12,-0.22499999999999998,s1*s4,0,18.67788814816423,31.356620721995316
RK45_1e-12,-0.22499999999999998,s1*s4,1,-7.637296027009885,-18.799632210251563
RK45_1e-12,-0.21,s1*s2,0,4.3402663059012605,2.1299026921366133
RK45_1e-12,-0.21,s1*s2,1,-8.044569456370336,-2.7901799627150554
RK45_1e-12,-0.21,s2*s3,0,0.8272532208891631,1.0052028860625963
RK45_1e-12,-0.21,s2*s3,1,0.11391287824875558,-0.4916708254420653
RK45_1e-12,-0.21,s3*s4,0,-0.2699020890576581,-2.5010505006468917
RK45_1e-12,-0.21,s3*s4,1,-0.3184753159913235,0.7507993239219615
RK45_1e-12,-0.21,s1*s4,0,18.67788814813942,31.35662072200648
RK45_1e-12,-0.21,s1*s4,1,-7.637296027003491,-18.799632210263326
RK45_1e-12,-0.195,s1*s2,0,4.340266305900828,2.1299026921334905
RK45_1e-12,-0.195,s1*s2,1,-8.04456945637109,-2.790179962713742
RK45_1e-12,-0.195,s2*s3,0,0.82725322088868,1.005202886062539
RK45_1e-12,-0.195,s2*s3,1,0.1139128782491008,-0.491670825442045
RK45_1e-12,-0.195,s3*s4,0,-0.2699020890574259,-2.5010505006462047
RK45_1e-12,-0.195,s3*s4,1,-0.31847531599158285,0.7507993239216378
RK45_1e-12,-0.195,s1*s4,0,18.677888148133498,31.356620721996755
RK45_1e-12,-0.195,s1*s4,1,-7.637296026999671,-18.79963221026006
RK45_1e-12,-0.18,s1*s2,0,4.340266305899361,2.1299026921193938
RK45_1e-12,-0.18,s1*s2,1,-8.04456945636432,-2.7901799627078208
RK45_1e-12,-0.18,s2*s3,0,0.8272532208885254,1.0052028860629496
RK45_1e-12,-0.18,s2*s3,1,0.11391287824905157,-0.49167082544201146
RK45_1e-12,-0.18,s3*s4,0,-0.26990208905679525,-2.5010505006450545
RK45_1e-12,-0.18,s3*s4,1,-0.318475315991596,0.7507993239208939
RK45_1e-12,-0.18,s1*s4,0,18.677888148129163,31.356620721972146
RK45_1e-12,-0.18,s1*s4,1,-7.637296026991768,-18.79963221024141
RK45_1e-12,-0.16499999999999998,s1*s2,0,4.340266305893847,2.12990269212206
RK45_1e-12,-0.16499999999999998,s1*s2,1,-8.044569456362526,-2.790179962709026
RK45_1e-12,-0.16499999999999998,s2*s3,0,0.8272532208883394,1.0052028860625573
RK45_1e-12,-0.16499999999999998,s2*s3,1,0.11391287824911774,-0.49167082544190643
RK45_1e-12,-0.16499999999999998,s3*s4,0,-0.2699020890565666,-2.5010505006446593
RK45_1e-12,-0.16499999999999998,s3*s4,1,-0.3184753159917681,0.7507993239206967
RK45_1e-12,-0.16499999999999998,s1*s4,0,18.677888148116924,31.356620721970327
RK45_1e-12,-0.16499999999999998,s1*s4,1,-7.637296026986291,-18.799632210242248
RK45_1e-12,-0.15,s1*s2,0,4.3402663058904185,2.1299026921286552
RK45_1e-12,-0.15,s1*s2,1,-8.04456945636559,-2.790179962711911
RK45_1e-12,-0.15,s2*s3,0,0.8272532208882984,1.0052028860622029
RK45_1e-12,-0.15,s2*s3,1,0.11391287824932511,-0.4916708254418503
RK45_1e-12,-0.15,s3*s4,0,-0.2699020890569654,-2.501050500644485
RK45_1e-12,-0.15,s3*s4,1,-0.31847531599164636,0.7507993239206027
RK45_1e-12,-0.15,s1*s4,0,18.677888148109368,31.356620721970945
RK45_1e-12,-0.15,s1*s4,1,-7.637296026987375,-18.799632210245484
RK45_1e-12,-0.135,s1*s2,0,4.3402663058880835,2.12990269212143
RK45_1e-12,-0.135,s1*s2,1,-8.044569456363773,-2.790179962708722
RK45_1e-12,-0.135,s2*s3,0,0.8272532208880733,1.0052028860612903
RK45_1e-12,-0.135,s2*s3,1,0.11391287824946433,-0.4916708254413878
RK45_1e-12,-0.135,s3*s4,0,-0.26990208905815255,-2.501050500642929
RK45_1e-12,-0.135,s3*s4,1,-0.31847531599122364,0.7507993239197697
RK45_1e-12,-0.135,s1*s4,0,18.67788814811411,31.356620721939045
RK45_1e-12,-0.135,s1*s4,1,-7.63729602698696,-18.79963221023001
RK45_1e-12,-0.12,s1*s2,0,4.340266305885893,2.129902692115007
RK45_1e-12,-0.12,s1*s2,1,-8.044569456360243,-2.7901799627056807
RK45_1e-12,-0.12,s2*s3,0,0.8272532208880469,1.0052028860616995
RK45_1e-12,-0.12,s2*s3,1,0.11391287824943437,-0.491670825441505
RK45_1e-12,-0.12,s3*s4,0,-0.26990208905750984,-2.501050500642743
RK45_1e-12,-0.12,s3*s4,1,-0.31847531599146767,0.7507993239196566
RK45_1e-12,-0.12,s1*s4,0,18.677888148109634,31.35662072193159
RK45_1e-12,-0.12,s1*s4,1,-7.637296026982404,-18.799632210223894
RK45_1e-12,-0.10499999999999998,s1*s2,0,4.340266305891167,2.1299026921239244
RK45_1e-12,-0.10499999999999998,s1*s2,1,-8.04456945636344,-2.7901799627100576
RK45_1e-12,-0.10499999999999998,s2*s3,0,0.8272532208882415,1.0052028860620068
RK45_1e-12,-0.10499999999999998,s2*s3,1,0.11391287824931295,-0.4916708254416606
RK45_1e-12,-0.10499999999999998,s3*s4,0,-0.2699020890572412,-2.5010505006437764
RK45_1e-12,-0.10499999999999998,s3*s4,1,-0.3184753159915256,0.7507993239201842
RK45_1e-12,-0.10499999999999998,s1*s4,0,18.677888148114356,31.35662072195815
RK45_1e-12,-0.10499999999999998,s1*s4,1,-7.637296026986119,-18.799632210237345
RK45_1e-12,-0.09,s1*s2,0,4.340266305893903,2.1299026921344564
RK45_1e-12,-0.09,s1*s2,1,-8.044569456365217,-2.7901799627153867
RK45_1e-12,-0.09,s2*s3,0,0.8272532208888667,1.0052028860629107
RK45_1e-12,-0.09,s2*s3,1,0.11391287824899796,-0.4916708254421519
RK45_1e-12,-0.09,s3*s4,0,-0.26990208905650004,-2.501050500646182
RK45_1e-12,-0.09,s3*s4,1,-0.31847531599187234,0.7507993239214604
RK45_1e-12,-0.09,s1*s4,0,18.677888148116573,31.356620721999732
RK45_1e-12,-0.09,s1*s4,1,-7.63729602698835,-18.799632210259226
RK45_1e-12,-0.07500000000000001,s1*s2,0,4.340266305885462,2.1299026921354347
RK45_1e-12,-0.07500000000000001,s1*s2,1,-8.044569456361469,-2.7901799627165613
RK45_1e-12,-0.07500000000000001,s2*s3,0,0.8272532208880146,1.0052028860627442
RK45_1e-12,-0.07500000000000001,s2*s3,1,0.11391287824940181,-0.4916708254421372
RK45_1e-12,-0.07500000000000001,s3*s4,0,-0.26990208905531293,-2.501050500644788
RK45_1e-12,-0.07500000000000001,s3*s4,1,-0.3184753159925354,0.7507993239208836
RK45_1e-12,-0.07500000000000001,s1*s4,0,18.67788814808598,31.356620721988488
RK45_1e-12,-0.07500000000000001,s1*s4,1,-7.637296026973119,-18.799632210256675
RK45_1e-12,-0.06,s1*s2,0,4.340266305879451,2.1299026921306563
RK45_1e-12,-0.06,s1*s2,1,-8.044569456359373,-2.790179962714544
RK45_1e-12,-0.06,s2*s3,0,0.8272532208881228,1.0052028860626352
RK45_1e-12,-0.06,s2*s3,1,0.1139128782493798,-0.49167082544221763
RK45_1e-12,-0.06,s3*s4,0,-0.2699020890551063,-2.501050500644162
RK45_1e-12,-0.06,s3*s4,1,-0.31847531599272605,0.7507993239207457
RK45_1e-12,-0.06,s1*s4,0,18.67788814807565,31.356620721973503
RK45_1e-12,-0.06,s1*s4,1,-7.637296026968361,-18.799632210252046
RK45_1e-12,-0.044999999999999984,s1*s2,0,4.340266305884384,2.1299026921253144
RK45_1e-12,-0.044999999999999984,s1*s2,1,-8.044569456356617,-2.7901799627107438
RK45_1e-12,-0.044999999999999984,s2*s3,0,0.8272532208882023,1.0052028860622195
RK45_1e-12,-0.044999999999999984,s2*s3,1,0.11391287824924978,-0.4916708254417896
RK45_1e-12,-0.044999999999999984,s3*s4,0,-0.26990208905615404,-2.501050500643939
RK45_1e-12,-0.044999999999999984,s3*s4,1,-0.31847531599218754,0.7507993239202366
RK45_1e-12,-0.044999999999999984,s1*s4,0,18.677888148095786,31.356620721962493
RK45_1e-12,-0.044999999999999984,s1*s4,1,-7.637296026971799,-18.799632210237856
RK45_1e-12,-0.03,s1*s2,0,4.340266305886537,2.129902692126765
RK45_1e-12,-0.03,s1*s2,1,-8.044569456362892,-2.7901799627124113
RK45_1e-12,-0.03,s2*s3,0,0.8272532208890683,1.0052028860618787
RK45_1e-12,-0.03,s2*s3,1,0.11391287824888696,-0.4916708254418156
RK45_1e-12,-0.03,s3*s4,0,-0.26990208905780133,-2.5010505006449826
RK45_1e-12,-0.03,s3*s4,1,-0.3184753159914802,0.7507993239210025
RK45_1e-12,-0.03,s1*s4,0,18.677888148119518,31.35662072196828
RK45_1e-12,-0.03,s1*s4,1,-7.637296026989189,-18.799632210248618
RK45_1e-12,-0.015000000000000013,s1*s2,0,4.3402663059008475,2.129902692137139
RK45_1e-12,-0.015000000000000013,s1*s2,1,-8.044569456369723,-2.7901799627172665
RK45_1e-12,-0.015000000000000013,s2*s3,0,0.8272532208894586,1.005202886062333
RK45_1e-12,-0.015000000000000013,s2*s3,1,0.11391287824855266,-0.4916708254418963
RK45_1e-12,-0.015000000000000013,s3*s4,0,-0.2699020890583615,-2.5010505006470996
RK45_1e-12,-0.015000000000000013,s3*s4,1,-0.31847531599081375,0.7507993239220715
RK45_1e-12,-0.015000000000000013,s1*s4,0,18.677888148146284,31.356620722008454
RK45_1e-12,-0.015000000000000013,s1*s4,1,-7.637296027006094,-18.79963221026641
RK45_1e-12,0.0,s1*s2,0,4.340266305903752,2.129902692140669
RK45_1e-12,0.0,s1*s2,1,-8.04456945637084,-2.790179962719506
RK45_1e-12,0.0,s2*s3,0,0.8272532208895125,1.0052028860626394
RK45_1e-12,0.0,s2*s3,1,0.11391287824863101,-0.49167082544208424
RK45_1e-12,0.0,s3*s4,0,-0.26990208905801677,-2.501050500647434
RK45_1e-12,0.0,s3*s4,1,-0.31847531599107765,0.7507993239221851
RK45_1e-12,0.0,s1*s4,0,18.67788814814385,31.356620722019976
RK45_1e-12,0.0,s1*s4,1,-7.637296027002615,-18.799632210272176
RK45_1e-12,0.015000000000000013,s1*s2,0,4.340266305883046,2.1299026921410698
RK45_1e-12,0.015000000000000013,s1*s2,1,-8.0445694563594,-2.7901799627210178
RK45_1e-12,0.015000000000000013,s2*s3,0,0.827253220888271,1.0052028860628313
RK45_1e-12,0.015000000000000013,s2*s3,1,0.11391287824935793,-0.4916708254422507
RK45_1e-12,0.015000000000000013,s3*s4,0,-0.26990208905507657,-2.501050500645302
RK45_1e-12,0.015000000000000013,s3*s4,1,-0.3184753159929016,0.7507993239211379
RK45_1e-12,0.015000000000000013,s1*s4,0,18.67788814807886,31.356620721999843
RK45_1e-12,0.015000000000000013,s1*s4,1,-7.637296026964883,-18.799632210264747
RK45_1e-12,0.030000000000000027,s1*s2,0,4.340266305886073,2.129902692142413
RK45_1e-12,0.030000000000000027,s1*s2,1,-8.04456945635946,-2.790179962721858
RK45_1e-12,0.030000000000000027,s2*s3,0,0.8272532208882688,1.0052028860630042
RK45_1e-12,0.030000000000000027,s2*s3,1,0.11391287824932997,-0.4916708254422032
RK45_1e-12,0.030000000000000027,s3*s4,0,-0.2699020890549097,-2.501050500645648
RK45_1e-12,0.030000000000000027,s3*s4,1,-0.31847531599286155,0.7507993239211492
RK45_1e-12,0.030000000000000027,s1*s4,0,18.6778881480829,31.35662072200836
RK45_1e-12,0.030000000000000027,s1*s4,1,-7.637296026965458,-18.799632210265628
RK45_1e-12,0.044999999999999984,s1*s2,0,4.3402663058888145,2.1299026921411253
RK45_1e-12,0.044999999999999984,s1*s2,1,-8.044569456365002,-2.790179962721808
RK45_1e-12,0.044999999999999984,s2*s3,0,0.8272532208888247,1.0052028860627789
RK45_1e-12,0.044999999999999984,s2*s3,1,0.11391287824898882,-0.4916708254423665
RK45_1e-12,0.044999999999999984,s3*s4,0,-0.26990208905572655,-2.501050500646379
RK45_1e-12,0.044999999999999984,s3*s4,1,-0.3184753159923451,0.7507993239220279
RK45_1e-12,0.044999999999999984,s1*s4,0,18.677888148095647,31.356620722011826
RK45_1e-12,0.044999999999999984,s1*s4,1,-7.637296026979077,-18.79963221027597
RK45_1e-12,0.06,s1*s2,0,4.340266305895917,2.12990269213759
RK45_1e-12,0.06,s1*s2,1,-8.044569456367103,-2.7901799627187898
RK45_1e-12,0.06,s2*s3,0,0.8272532208888063,1.0052028860629865
RK45_1e-12,0.06,s2*s3,1,0.11391287824898999,-0.49167082544230073
RK45_1e-12,0.06,s3*s4,0,-0.26990208905629437,-2.5010505006467074
RK45_1e-12,0.06,s3*s4,1,-0.31847531599204165,0.7507993239219972
RK45_1e-12,0.06,s1*s4,0,18.67788814811453,31.356620722013492
RK45_1e-12,0.06,s1*s4,1,-7.637296026987256,-18.799632210271483
RK45_1e-12,0.07500000000000001,s1*s2,0,4.340266305895726,2.129902692142574
RK45_1e-12,0.07500000000000001,s1*s2,1,-8.044569456375616,-2.790179962723063
RK45_1e-12,0.07500000000000001,s2*s3,0,0.8272532208889322,1.0052028860628215
RK45_1e-12,0.07500000000000001,s2*s3,1,0.11391287824893594,-0.4916708254427327
RK45_1e-12,0.07500000000000001,s3*s4,0,-0.2699020890558288,-2.5010505006469446
RK45_1e-12,0.07500000000000001,s3*s4,1,-0.31847531599242623,0.7507993239227814
RK45_1e-12,0.07500000000000001,s1*s4,0,18.677888148109233,31.356620722023308
RK45_1e-12,0.07500000000000001,s1*s4,1,-7.637296026995269,-18.799632210293673
RK45_1e-12,0.08999999999999997,s1*s2,0,4.340266305908793,2.1299026921569375
RK45_1e-12,0.08999999999999997,s1*s2,1,-8.044569456368276,-2.790179962729301
RK45_1e-12,0.08999999999999997,s2*s3,0,0.8272532208882801,1.0052028860641757
RK45_1e-12,0.08999999999999997,s2*s3,1,0.11391287824929558,-0.4916708254426551
RK45_1e-12,0.08999999999999997,s3*s4,0,-0.26990208905427704,-2.5010505006481583
RK45_1e-12,0.08999999999999997,s3*s4,1,-0.31847531599308454,0.7507993239222582
RK45_1e-12,0.08999999999999997,s1*s4,0,18.677888148105254,31.356620722073167
RK45_1e-12,0.08999999999999997,s1*s4,1,-7.637296026973217,-18.799632210294185
RK45_1e-12,0.10499999999999998,s1*s2,0,4.3402663058834055,2.129902692148846
RK45_1e-12,0.10499999999999998,s1*s2,1,-8.04456945637307,-2.790179962728236
RK45_1e-12,0.10499999999999998,s2*s3,0,0.8272532208886604,1.0052028860620439
RK45_1e-12,0.10499999999999998,s2*s3,1,0.11391287824904121,-0.4916708254426637
RK45_1e-12,0.10499999999999998,s3*s4,0,-0.2699020890561113,-2.5010505006455377
RK45_1e-12,0.10499999999999998,s3*s4,1,-0.3184753159924945,0.7507993239226936
RK45_1e-12,0.10499999999999998,s1*s4,0,18.677888148085184,31.35662072200825
RK45_1e-12,0.10499999999999998,s1*s4,1,-7.637296026987099,-18.799632210298544
RK45_1e-12,0.12,s1*s2,0,4.3402663059051765,2.129902692152604
RK45_1e-12,0.12,s1*s2,1,-8.044569456371002,-2.7901799627292445
RK45_1e-12,0.12,s2*s3,0,0.8272532208893143,1.0052028860628923
RK45_1e-12,0.12,s2*s3,1,0.11391287824860488,-0.49167082544229257
RK45_1e-12,0.12,s3*s4,0,-0.2699020890572106,-2.501050500648497
RK45_1e-12,0.12,s3*s4,1,-0.3184753159918128,0.7507993239230486
RK45_1e-12,0.12,s1*s4,0,18.67788814813522,31.356620722055517
RK45_1e-12,0.12,s1*s4,1,-7.637296026993701,-18.799632210298032
RK45_1e-12,0.135,s1*s2,0,4.340266305898458,2.129902692144564
RK45_1e-12,0.135,s1*s2,1,-8.044569456368485,-2.7901799627239003
RK45_1e-12,0.135,s2*s3,0,0.8272532208895332,1.005202886062817
RK45_1e-12,0.135,s2*s3,1,0.11391287824860064,-0.49167082544212004
RK45_1e-12,0.135,s3*s4,0,-0.2699020890580917,-2.501050500647759
RK45_1e-12,0.135,s3*s4,1,-0.3184753159911192,0.7507993239226756
RK45_1e-12,0.135,s1*s4,0,18.677888148138752,31.356620722022324
RK45_1e-12,0.135,s1*s4,1,-7.6372960269998895,-18.7996322102791
RK45_1e-12,0.15000000000000002,s1*s2,0,4.340266305910346,2.129902692135777
RK45_1e-12,0.15000000000000002,s1*s2,1,-8.044569456391331,-2.790179962719102
RK45_1e-12,0.15000000000000002,s2*s3,0,0.8272532208918342,1.0052028860615778
RK45_1e-12,0.15000000000000002,s2*s3,1,0.11391287824700248,-0.4916708254422419
RK45_1e-12,0.15000000000000002,s3*s4,0,-0.26990208906273194,-2.5010505006498183
RK45_1e-12,0.15000000000000002,s3*s4,1,-0.31847531598802165,0.7507993239254962
RK45_1e-12,0.15000000000000002,s1*s4,0,18.677888148213675,31.356620722013858
RK45_1e-12,0.15000000000000002,s1*s4,1,-7.63729602707326,-18.79963221030078
RK45_1e-12,0.16499999999999998,s1*s2,0,4.34026630595806,2.1299026921497575
RK45_1e-12,0.16499999999999998,s1*s2,1,-8.04456945640677,-2.7901799627259876
RK45_1e-12,0.16499999999999998,s2*s3,0,0.8272532208936265,1.0052028860631899
RK45_1e-12,0.16499999999999998,s2*s3,1,0.11391287824571647,-0.4916708254422298
RK45_1e-12,0.16499999999999998,s3*s4,0,-0.2699020890646933,-2.5010505006567416
RK45_1e-12,0.16499999999999998,s3*s4,1,-0.31847531598605017,0.7507993239282441
RK45_1e-12,0.16499999999999998,s1*s4,0,18.677888148312654,31.356620722122685
RK45_1e-12,0.16499999999999998,s1*s4,1,-7.637296027119932,-18.799632210335947
RK45_1e-12,0.18,s1*s2,0,4.34026630593261,2.1299026921871964
RK45_1e-12,0.18,s1*s2,1,-8.044569456396452,-2.790179962753323
RK45_1e-12,0.18,s2*s3,0,0.8272532208919318,1.005202886064891
RK45_1e-12,0.18,s2*s3,1,0.11391287824674234,-0.49167082544379975
RK45_1e-12,0.18,s3*s4,0,-0.2699020890582117,-2.5010505006569574
RK45_1e-12,0.18,s3*s4,1,-0.3184753159905068,0.7507993239295776
RK45_1e-12,0.18,s1*s4,0,18.677888148197678,31.35662072218698
RK45_1e-12,0.18,s1*s4,1,-7.637296027053311,-18.799632210398862
RK45_1e-12,0.195,s1*s2,0,4.340266305882153,2.129902692173033
RK45_1e-12,0.195,s1*s2,1,-8.044569456385544,-2.790179962750524
RK45_1e-12,0.195,s2*s3,0,0.8272532208895045,1.005202886062872
RK45_1e-12,0.195,s2*s3,1,0.1139128782480711,-0.4916708254442556
RK45_1e-12,0.195,s3*s4,0,-0.2699020890544871,-2.5010505006496313
RK45_1e-12,0.195,s3*s4,1,-0.31847531599380013,0.7507993239275382
RK45_1e-12,0.195,s1*s4,0,18.677888148075898,31.3566207220818
RK45_1e-12,0.195,s1*s4,1,-7.6372960270009465,-18.799632210388086
RK45_1e-12,0.20999999999999996,s1*s2,0,4.340266305912405,2.1299026921343573
RK45_1e-12,0.20999999999999996,s1*s2,1,-8.044569456365005,-2.7901799627173403
RK45_1e-12,0.20999999999999996,s2*s3,0,0.827253220889663,1.0052028860628646
RK45_1e-12,0.20999999999999996,s2*s3,1,0.11391287824856793,-0.4916708254416279
RK45_1e-12,0.20999999999999996,s3*s4,0,-0.2699020890587483,-2.501050500648364
RK45_1e-12,0.20999999999999996,s3*s4,1,-0.3184753159908699,0.7507993239217375
RK45_1e-12,0.20999999999999996,s1*s4,0,18.67788814816804,31.356620722029092
RK45_1e-12,0.20999999999999996,s1*s4,1,-7.637296026996495,-18.799632210260636
RK45_1e-12,0.22499999999999998,s1*s2,0,4.340266305942563,2.1299026920921627
RK45_1e-12,0.22499999999999998,s1*s2,1,-8.044569456368713,-2.790179962681236
RK45_1e-12,0.22499999999999998,s2*s3,0,0.827253220890956,1.0052028860615803
RK45_1e-12,0.22499999999999998,s2*s3,1,0.11391287824796373,-0.4916708254391433
RK45_1e-12,0.22499999999999998,s3*s4,0,-0.2699020890661642,-2.5010505006464516
RK45_1e-12,0.22499999999999998,s3*s4,1,-0.31847531598509693,0.7507993239178641
RK45_1e-12,0.22499999999999998,s1*s4,0,18.67788814829612,31.356620721942072
RK45_1e-12,0.22499999999999998,s1*s4,1,-7.637296027062522,-18.799632210149376
RK45_1e-12,0.24,s1*s2,0,4.340266305960019,2.1299026920909263
RK45_1e-12,0.24,s1*s2,1,-8.044569456413988,-2.7901799626808415
RK45_1e-12,0.24,s2*s3,0,0.8272532208934785,1.0052028860603883
RK45_1e-12,0.24,s2*s3,1,0.11391287824554512,-0.4916708254401165
RK45_1e-12,0.24,s3*s4,0,-0.2699020890709011,-2.501050500649755
RK45_1e-12,0.24,s3*s4,1,-0.31847531598090467,0.7507993239238864
RK45_1e-12,0.24,s1*s4,0,18.67788814837876,31.356620721953274
RK45_1e-12,0.24,s1*s4,1,-7.637296027185556,-18.79963221021673
contour_1e-08_R4.8,-0.24,s1*s2,0,4.33804306400007,2.1391419984721827
contour_1e-08_R4.8,-0.24,s1*s2,1,-8.043164363393693,-2.793799582032224
contour_1e-08_R4.8,-0.24,s2*s3,0,0.8269366860465605,1.0054853032711195
contour_1e-08_R4.8,-0.24,s2*s3,1,0.11406924125832907,-0.49190746462129786
contour_1e-08_R4.8,-0.24,s3*s4,0,-0.2689810532164353,-2.50156180658084
contour_1e-08_R4.8,-0.24,s3*s4,1,-0.31905171166123025,0.7511422700574483
contour_1e-08_R4.8,-0.24,s1*s4,0,18.661099250063234,31.37586753281058
contour_1e-08_R4.8,-0.24,s1*s4,1,-7.62846045729586,-18.809377281182407
contour_1e-08_R4.8,-0.22499999999999998,s1*s2,0,4.33827463131234,2.1386417244832785
contour_1e-08_R4.8,-0.22499999999999998,s1*s2,1,-8.043262819697071,-2.7936350385861624
contour_1e-08_R4.8,-0.22499999999999998,s2*s3,0,0.8269448296523999,1.005494661942631
contour_1e-08_R4.8,-0.22499999999999998,s2*s3,1,0.11406629608387564,-0.49190233682010176
contour_1e-08_R4.8,-0.22499999999999998,s3*s4,0,-0.2689958965066688,-2.5015598407771344
contour_1e-08_R4.8,-0.22499999999999998,s3*s4,1,-0.3190360714677713,0.7511302142327623
contour_1e-08_R4.8,-0.22499999999999998,s1*s4,0,18.661886123462583,31.37535532315811
contour_1e-08_R4.8,-0.22499999999999998,s1*s4,1,-7.628805882043894,-18.8090492503808
contour_1e-08_R4.8,-0.21,s1*s2,0,4.338502360413789,2.1381566700516026
contour_1e-08_R4.8,-0.21,s1*s2,1,-8.043361038792535,-2.7934763877226914
contour_1e-08_R4.8,-0.21,s2*s3,0,0.8269532383371412,1.0055008270935428
contour_1e-08_R4.8,-0.21,s2*s3,1,0.1140631105233992,-0.491895980400655
contour_1e-08_R4.8,-0.21,s3*s4,0,-0.2690144639369191,-2.501554343731673
contour_1e-08_R4.8,-0.21,s3*s4,1,-0.3190187366540294,0.751116962294265
contour_1e-08_R4.8,-0.21,s1*s4,0,18.66268037824348,31.374801841382652
contour_1e-08_R4.8,-0.21,s1*s4,1,-7.6291591960915905,-18.808706762813916
contour_1e-08_R4.8,-0.195,s1*s2,0,4.338725561597455,2.1376823436562167
contour_1e-08_R4.8,-0.195,s1*s2,1,-8.043458936411644,-2.793321199439034
contour_1e-08_R4.8,-0.195,s2*s3,0,0.8269621155367737,1.0055038900434825
contour_1e-08_R4.8,-0.195,s2*s3,1,0.11405958189193417,-0.49188844969456674
contour_1e-08_R4.8,-0.195,s3*s4,0,-0.2690369269388031,-2.501545444561717
contour_1e-08_R4.8,-0.195,s3*s4,1,-0.3189996159197762,0.7511025839607235
contour_1e-08_R4.8,-0.195,s1*s4,0,18.663486959025,31.37420187089266
contour_1e-08_R4.8,-0.195,s1*s4,1,-7.629523397296988,-18.8083472122147
contour_1e-08_R4.8,-0.18,s1*s2,0,4.338946492942462,2.1372121574421072
contour_1e-08_R4.8,-0.18,s1*s2,1,-8.043557067329106,-2.793167513451011
contour_1e-08_R4.8,-0.18,s2*s3,0,0.8269714631574627,1.0055040803027369
contour_1e-08_R4.8,-0.18,s2*s3,1,0.11405574890498169,-0.4918797298887623
contour_1e-08_R4.8,-0.18,s3*s4,0,-0.26906316964763427,-2.50153314851413
contour_1e-08_R4.8,-0.18,s3*s4,1,-0.318978712580574,0.7510869166729613
contour_1e-08_R4.8,-0.18,s1*s4,0,18.664312088456384,31.373549947735388
contour_1e-08_R4.8,-0.18,s1*s4,1,-7.629899734476734,-18.807966962450156
contour_1e-08_R4.8,-0.16499999999999998,s1*s2,0,4.33916477439719,2.1367400966677033
contour_1e-08_R4.8,-0.16499999999999998,s1*s2,1,-8.043655648009397,-2.7930125754436785
contour_1e-08_R4.8,-0.16499999999999998,s2*s3,0,0.8269815357727498,1.0055014302723972
contour_1e-08_R4.8,-0.16499999999999998,s2*s3,1,0.1140515099024746,-0.49186983196613876
contour_1e-08_R4.8,-0.16499999999999998,s3*s4,0,-0.2690935248577291,-2.501517481256616
contour_1e-08_R4.8,-0.16499999999999998,s3*s4,1,-0.3189558714639204,0.7510699513253787
contour_1e-08_R4.8,-0.16499999999999998,s1*s4,0,18.665163421489993,31.372837387410147
contour_1e-08_R4.8,-0.16499999999999998,s1*s4,1,-7.630292099405603,-18.80756208220392
contour_1e-08_R4.8,-0.15,s1*s2,0,4.339378015495241,2.1362619515796295
contour_1e-08_R4.8,-0.15,s1*s2,1,-8.043754429345263,-2.7928534918989496
contour_1e-08_R4.8,-0.15,s2*s3,0,0.8269927155861725,1.0054958369498328
contour_1e-08_R4.8,-0.15,s2*s3,1,0.11404666605060497,-0.49185879376037855
contour_1e-08_R4.8,-0.15,s3*s4,0,-0.26912855212223175,-2.5014985018297136
contour_1e-08_R4.8,-0.15,s3*s4,1,-0.31893085113963465,0.7510518179788984
contour_1e-08_R4.8,-0.15,s1*s4,0,18.66604755128915,31.372055411918208
contour_1e-08_R4.8,-0.15,s1*s4,1,-7.630705550518489,-18.807129219386592
contour_1e-08_R4.8,-0.135,s1*s2,0,4.339584585504028,2.135773588582702
contour_1e-08_R4.8,-0.135,s1*s2,1,-8.043853187927628,-2.7926876897291995
contour_1e-08_R4.8,-0.135,s2*s3,0,0.8270053006928333,1.0054872122964635
contour_1e-08_R4.8,-0.135,s2*s3,1,0.1140410558754178,-0.491846622807359
contour_1e-08_R4.8,-0.135,s3*s4,0,-0.2691687116394857,-2.5014762028212663
contour_1e-08_R4.8,-0.135,s3*s4,1,-0.31890342966018426,0.7510325774866319
contour_1e-08_R4.8,-0.135,s1*s4,0,18.666970509326553,31.371195653700344
contour_1e-08_R4.8,-0.135,s1*s4,1,-7.631144394431036,-18.806664764354537
contour_1e-08_R4.8,-0.12,s1*s2,0,4.339784262280658,2.1352689191675895
contour_1e-08_R4.8,-0.12,s1*s2,1,-8.04395208841016,-2.792512503280314
contour_1e-08_R4.8,-0.12,s2*s3,0,0.8270195256782793,1.0054755025270217
contour_1e-08_R4.8,-0.12,s2*s3,1,0.11403457807381122,-0.4918332741263626
contour_1e-08_R4.8,-0.12,s3*s4,0,-0.2692144128409104,-2.501450460360951
contour_1e-08_R4.8,-0.12,s3*s4,1,-0.3188733923205061,0.7510121442234159
contour_1e-08_R4.8,-0.12,s1*s4,0,18.667940286734826,31.370247467052778
contour_1e-08_R4.8,-0.12,s1*s4,1,-7.6316126666819395,-18.806163734720098
contour_1e-08_R4.8,-0.10499999999999998,s1*s2,0,4.339981487501996,2.1347409878475303
contour_1e-08_R4.8,-0.10499999999999998,s1*s2,1,-8.04405240791219,-2.792326406838256
contour_1e-08_R4.8,-0.10499999999999998,s2*s3,0,0.8270354508176815,1.0054608746675284
contour_1e-08_R4.8,-0.10499999999999998,s2*s3,1,0.11402725103946329,-0.49181867653369366
contour_1e-08_R4.8,-0.10499999999999998,s3*s4,0,-0.2692658066387514,-2.501421245164022
contour_1e-08_R4.8,-0.10499999999999998,s3*s4,1,-0.3188406146317482,0.7509903223455238
contour_1e-08_R4.8,-0.10499999999999998,s1*s4,0,18.668968649385928,31.369204870575906
contour_1e-08_R4.8,-0.10499999999999998,s1*s4,1,-7.632113365109907,-18.8056225465235
contour_1e-08_R4.8,-0.09,s1*s2,0,4.340163423246212,2.1341860735320983
contour_1e-08_R4.8,-0.09,s1*s2,1,-8.044151570592753,-2.7921236470124273
contour_1e-08_R4.8,-0.09,s2*s3,0,0.8270539115506842,1.0054425938019715
contour_1e-08_R4.8,-0.09,s2*s3,1,0.1140185906667744,-0.49180285770712323
contour_1e-08_R4.8,-0.09,s3*s4,0,-0.26932428197331854,-2.501388203800172
contour_1e-08_R4.8,-0.09,s3*s4,1,-0.3188045413348367,0.7509673941934961
contour_1e-08_R4.8,-0.09,s1*s4,0,18.670056516473053,31.368043542492014
contour_1e-08_R4.8,-0.09,s1*s4,1,-7.6326550343467945,-18.805032908034395
contour_1e-08_R4.8,-0.07500000000000001,s1*s2,0,4.340329508005893,2.1336011993619772
contour_1e-08_R4.8,-0.07500000000000001,s1*s2,1,-8.044248845867203,-2.7919019707093207
contour_1e-08_R4.8,-0.07500000000000001,s2*s3,0,0.8270750718852306,1.0054203453278816
contour_1e-08_R4.8,-0.07500000000000001,s2*s3,1,0.11400840856337736,-0.49178565355183096
contour_1e-08_R4.8,-0.07500000000000001,s3*s4,0,-0.2693904114969295,-2.5013509151588966
contour_1e-08_R4.8,-0.07500000000000001,s3*s4,1,-0.31876474555238266,0.7509432186271039
contour_1e-08_R4.8,-0.07500000000000001,s1*s4,0,18.671209525052493,31.3667522336769
contour_1e-08_R4.8,-0.07500000000000001,s1*s4,1,-7.633242379252688,-18.80438803266623
contour_1e-08_R4.8,-0.06,s1*s2,0,4.340486750058385,2.132975265616337
contour_1e-08_R4.8,-0.06,s1*s2,1,-8.044346607829825,-2.791659487796548
contour_1e-08_R4.8,-0.06,s2*s3,0,0.8270990124766695,1.0053943855973617
contour_1e-08_R4.8,-0.06,s2*s3,1,0.11399679092676611,-0.4917669515147332
contour_1e-08_R4.8,-0.06,s3*s4,0,-0.26946442112443914,-2.501309300064328
contour_1e-08_R4.8,-0.06,s3*s4,1,-0.31872109645263347,0.7509174495945807
contour_1e-08_R4.8,-0.06,s1*s4,0,18.672446038051593,31.365321063164444
contour_1e-08_R4.8,-0.06,s1*s4,1,-7.633879285091496,-18.803683054360334
contour_1e-08_R4.8,-0.044999999999999984,s1*s2,0,4.339869649681764,2.132305716922496
contour_1e-08_R4.8,-0.044999999999999984,s1*s2,1,-8.044262695021287,-2.7911585921716147
contour_1e-08_R4.8,-0.044999999999999984,s2*s3,0,0.8271534075995451,1.0053189541149588
contour_1e-08_R4.8,-0.044999999999999984,s2*s3,1,0.11396312490904105,-0.49174426278528294
contour_1e-08_R4.8,-0.044999999999999984,s3*s4,0,-0.26959866239959845,-2.5012257281950316
contour_1e-08_R4.8,-0.044999999999999984,s3*s4,1,-0.31864953899211357,0.7508969391614292
contour_1e-08_R4.8,-0.044999999999999984,s1*s4,0,18.673251126860755,31.362527216099647
contour_1e-08_R4.8,-0.044999999999999984,s1*s4,1,-7.63481833755697,-18.8024629145573
contour_1e-08_R4.8,-0.03,s1*s2,0,4.34002341450996,2.131571133567877
contour_1e-08_R4.8,-0.03,s1*s2,1,-8.044366696392201,-2.7908681602048664
contour_1e-08_R4.8,-0.03,s2*s3,0,0.8271821718526278,1.005285690339926
contour_1e-08_R4.8,-0.03,s2*s3,1,0.11394880551498177,-0.49172180224704354
contour_1e-08_R4.8,-0.03,s3*s4,0,-0.2696880632541033,-2.501173504154216
contour_1e-08_R4.8,-0.03,s3*s4,1,-0.31859727574182606,0.7508663937555055
contour_1e-08_R4.8,-0.03,s1*s4,0,18.674677104699686,31.360776210303168
contour_1e-08_R4.8,-0.03,s1*s4,1,-7.6355671964949146,-18.801612528240874
contour_1e-08_R4.8,-0.015000000000000013,s1*s2,0,4.340156180369295,2.130772642623091
contour_1e-08_R4.8,-0.015000000000000013,s1*s2,1,-8.044469313630081,-2.790543331849738
contour_1e-08_R4.8,-0.015000000000000013,s2*s3,0,0.8272153460566921,1.005247199379363
contour_1e-08_R4.8,-0.015000000000000013,s2*s3,1,0.11393213503032433,-0.49169743199616855
contour_1e-08_R4.8,-0.015000000000000013,s3*s4,0,-0.2697888611484523,-2.501115401189758
contour_1e-08_R4.8,-0.015000000000000013,s3*s4,1,-0.31853942340034097,0.7508339952057922
contour_1e-08_R4.8,-0.015000000000000013,s1*s4,0,18.676219364077113,31.358815721677928
contour_1e-08_R4.8,-0.015000000000000013,s1*s4,1,-7.636390798898051,-18.80067344151422
contour_1e-08_R4.8,0.0,s1*s2,0,4.34026630590375,2.129902692140668
contour_1e-08_R4.8,0.0,s1*s2,1,-8.044569456370843,-2.7901799627195074
contour_1e-08_R4.8,0.0,s2*s3,0,0.8272532208895124,1.005202886062639
contour_1e-08_R4.8,0.0,s2*s3,1,0.11391287824863099,-0.4916708254420842
contour_1e-08_R4.8,0.0,s3*s4,0,-0.26990208905801716,-2.5010505006474335
contour_1e-08_R4.8,0.0,s3*s4,1,-0.3184753159910775,0.7507993239221852
contour_1e-08_R4.8,0.0,s1*s4,0,18.67788814814385,31.35662072201996
contour_1e-08_R4.8,0.0,s1*s4,1,-7.637296027002618,-18.79963221027218
contour_1e-08_R4.8,0.015000000000000013,s1*s2,0,4.340350015443971,2.12895136298034
contour_1e-08_R4.8,0.015000000000000013,s1*s2,1,-8.044666278140523,-2.7897726065450033
contour_1e-08_R4.8,0.015000000000000013,s2*s3,0,0.8272963411586827,1.005152072975216
contour_1e-08_R4.8,0.015000000000000013,s2*s3,1,0.11389069831892774,-0.491641706940535
contour_1e-08_R4.8,0.015000000000000013,s3*s4,0,-0.2700291381346588,-2.5009779232817246
contour_1e-08_R4.8,0.015000000000000013,s3*s4,1,-0.31840418148320027,0.7507620826549027
contour_1e-08_R4.8,0.015000000000000013,s1*s4,0,18.679696980738296,31.35416052601026
contour_1e-08_R4.8,0.015000000000000013,s1*s4,1,-7.638292740811405,-18.798474843407202
contour_1e-08_R4.8,0.030000000000000027,s1*s2,0,4.3404056045180655,2.1279022571835755
contour_1e-08_R4.8,0.030000000000000027,s1*s2,1,-8.044761057572998,-2.789314638606413
contour_1e-08_R4.8,0.030000000000000027,s2*s3,0,0.8273455768452125,1.0050942185505825
contour_1e-08_R4.8,0.030000000000000027,s2*s3,1,0.1138652240481706,-0.49160988922759746
contour_1e-08_R4.8,0.030000000000000027,s3*s4,0,-0.270171843819663,-2.500897029338321
contour_1e-08_R4.8,0.030000000000000027,s3*s4,1,-0.3183251853933346,0.7507220879048921
contour_1e-08_R4.8,0.030000000000000027,s1*s4,0,18.681672504474506,31.35139876939577
contour_1e-08_R4.8,0.030000000000000027,s1*s4,1,-7.639395383044867,-18.797188438157228
contour_1e-08_R4.8,0.044999999999999984,s1*s2,0,4.340427014851323,2.1267497628367176
contour_1e-08_R4.8,0.044999999999999984,s1*s2,1,-8.04485161198706,-2.788801341320925
contour_1e-08_R4.8,0.044999999999999984,s2*s3,0,0.8274013485671117,1.0050285682287332
contour_1e-08_R4.8,0.044999999999999984,s2*s3,1,0.11383608976998237,-0.49157511071482674
contour_1e-08_R4.8,0.044999999999999984,s3*s4,0,-0.2703313731837864,-2.5008068994426407
contour_1e-08_R4.8,0.044999999999999984,s3*s4,1,-0.3182376008662911,0.7506791271062241
contour_1e-08_R4.8,0.044999999999999984,s1*s4,0,18.683819810632475,31.348308820637538
contour_1e-08_R4.8,0.044999999999999984,s1*s4,1,-7.640611640595472,-18.795760020758745
contour_1e-08_R4.8,0.06,s1*s2,0,4.340409428209799,2.125471229703092
contour_1e-08_R4.8,0.06,s1*s2,1,-8.044937101933582,-2.788221693981081
contour_1e-08_R4.8,0.06,s2*s3,0,0.8274646684881302,1.0049536300320194
contour_1e-08_R4.8,0.06,s2*s3,1,0.11380269290345978,-0.4915366485232875
contour_1e-08_R4.8,0.06,s3*s4,0,-0.2705107013866715,-2.500705357989766
contour_1e-08_R4.8,0.06,s3*s4,1,-0.3181397489146293,0.7506322757611361
contour_1e-08_R4.8,0.06,s1*s4,0,18.686171247639916,31.344822552079545
contour_1e-08_R4.8,0.06,s1*s4,1,-7.641962173459691,-18.794157856605548
contour_1e-08_R4.8,0.07500000000000001,s1*s2,0,4.340344092887812,2.1240262579579055
contour_1e-08_R4.8,0.07500000000000001,s1*s2,1,-8.045022306010186,-2.7875602167376754
contour_1e-08_R4.8,0.07500000000000001,s2*s3,0,0.8275378361151138,1.0048683661922435
contour_1e-08_R4.8,0.07500000000000001,s2*s3,1,0.11376421457041606,-0.4914944318350251
contour_1e-08_R4.8,0.07500000000000001,s3*s4,0,-0.27071400924728556,-2.5005914135318714
contour_1e-08_R4.8,0.07500000000000001,s3*s4,1,-0.31803007113661635,0.7505815843847186
contour_1e-08_R4.8,0.07500000000000001,s1*s4,0,18.688786284394702,31.34085503962131
contour_1e-08_R4.8,0.07500000000000001,s1*s4,1,-7.64348094435193,-18.792360190421267
contour_1e-08_R4.8,0.08999999999999997,s1*s2,0,4.340233931701235,2.1224203425753174
contour_1e-08_R4.8,0.08999999999999997,s1*s2,1,-8.045100312979018,-2.7868156169710927
contour_1e-08_R4.8,0.08999999999999997,s2*s3,0,0.8276202023289152,1.0047714231552074
contour_1e-08_R4.8,0.08999999999999997,s2*s3,1,0.11372042777783216,-0.4914473721202057
contour_1e-08_R4.8,0.08999999999999997,s3*s4,0,-0.27094201598011547,-2.500462680479195
contour_1e-08_R4.8,0.08999999999999997,s3*s4,1,-0.31790736242249606,0.7505256521899254
contour_1e-08_R4.8,0.08999999999999997,s1*s4,0,18.691660460974596,31.336385579643586
contour_1e-08_R4.8,0.08999999999999997,s1*s4,1,-7.645166956121566,-18.790339452787414
contour_1e-08_R4.8,0.10499999999999998,s1*s2,0,4.340056566313763,2.120638441554752
contour_1e-08_R4.8,0.10499999999999998,s1*s2,1,-8.045166976161125,-2.785975313927997
contour_1e-08_R4.8,0.10499999999999998,s2*s3,0,0.8277129978848871,1.0046610322450447
contour_1e-08_R4.8,0.10499999999999998,s2*s3,1,0.11367042708895225,-0.4913951246965692
contour_1e-08_R4.8,0.10499999999999998,s3*s4,0,-0.27119739997870373,-2.5003171525317773
contour_1e-08_R4.8,0.10499999999999998,s3*s4,1,-0.31777009680456747,0.7504643473624009
contour_1e-08_R4.8,0.10499999999999998,s1*s4,0,18.69479759750101,31.3313454618646
contour_1e-08_R4.8,0.10499999999999998,s1*s4,1,-7.647040343999519,-18.7880689789448
contour_1e-08_R4.8,0.12,s1*s2,0,4.339803056745509,2.1186614360223586
contour_1e-08_R4.8,0.12,s1*s2,1,-8.045219630949218,-2.7850282652083616
contour_1e-08_R4.8,0.12,s2*s3,0,0.8278171650677552,1.0045355933086597
contour_1e-08_R4.8,0.12,s2*s3,1,0.11361350455081247,-0.4913369943675765
contour_1e-08_R4.8,0.12,s3*s4,0,-0.2714829346474027,-2.50015258407294
contour_1e-08_R4.8,0.12,s3*s4,1,-0.3176165678343662,0.7503968958395658
contour_1e-08_R4.8,0.12,s1*s4,0,18.698220111703844,31.325667930421215
contour_1e-08_R4.8,0.12,s1*s4,1,-7.649120673429885,-18.785517170137993
contour_1e-08_R4.8,0.135,s1*s2,0,4.339456605141785,2.116415615628037
contour_1e-08_R4.8,0.135,s1*s2,1,-8.045262383494123,-2.7839436754765554
contour_1e-08_R4.8,0.135,s2*s3,0,0.8279364282881614,1.0043917194301821
contour_1e-08_R4.8,0.135,s2*s3,1,0.11354799229240883,-0.4912718615695591
contour_1e-08_R4.8,0.135,s3*s4,0,-0.2718072103998082,-2.4999644860879724
contour_1e-08_R4.8,0.135,s3*s4,1,-0.3174427922910615,0.7503220148070684
contour_1e-08_R4.8,0.135,s1*s4,0,18.70203283177799,31.319163784030184
contour_1e-08_R4.8,0.135,s1*s4,1,-7.651471949632764,-18.78261755773543
contour_1e-08_R4.8,0.15000000000000002,s1*s2,0,4.33902037237138,2.113899662868951
contour_1e-08_R4.8,0.15000000000000002,s1*s2,1,-8.045288676695973,-2.782718397242983
contour_1e-08_R4.8,0.15000000000000002,s2*s3,0,0.8280705167022168,1.0042282684571049
contour_1e-08_R4.8,0.15000000000000002,s2*s3,1,0.11347360913192435,-0.49119872533133146
contour_1e-08_R4.8,0.15000000000000002,s3*s4,0,-0.27217128994063666,-2.499750856951683
contour_1e-08_R4.8,0.15000000000000002,s3*s4,1,-0.31724756074355287,0.7502383972733558
contour_1e-08_R4.8,0.15000000000000002,s1*s4,0,18.70624212539331,31.31180696635194
contour_1e-08_R4.8,0.15000000000000002,s1*s4,1,-7.654095447075743,-18.779341645391195
contour_1e-08_R4.8,0.16499999999999998,s1*s2,0,4.3384623201368875,2.111074338493541
contour_1e-08_R4.8,0.16499999999999998,s1*s2,1,-8.045291456379799,-2.7813269171678656
contour_1e-08_R4.8,0.16499999999999998,s2*s3,0,0.828221544616198,1.0040414219341895
contour_1e-08_R4.8,0.16499999999999998,s2*s3,1,0.11338875595584773,-0.49111622701462987
contour_1e-08_R4.8,0.16499999999999998,s3*s4,0,-0.27258102951171603,-2.4995064711973876
contour_1e-08_R4.8,0.16499999999999998,s3*s4,1,-0.317027307570598,0.7501445660310953
contour_1e-08_R4.8,0.16499999999999998,s1*s4,0,18.710876696066926,31.303443035207042
contour_1e-08_R4.8,0.16499999999999998,s1*s4,1,-7.657032765618127,-18.775620975243307
contour_1e-08_R4.8,0.18,s1*s2,0,4.337754433072997,2.1078705494098724
contour_1e-08_R4.8,0.18,s1*s2,1,-8.045270165519467,-2.779736257859296
contour_1e-08_R4.8,0.18,s2*s3,0,0.8283930683503525,1.0038269337654182
contour_1e-08_R4.8,0.18,s2*s3,1,0.11329143447685938,-0.49102302423279587
contour_1e-08_R4.8,0.18,s3*s4,0,-0.27304515703310456,-2.4992256082763586
contour_1e-08_R4.8,0.18,s3*s4,1,-0.31677755284500597,0.7500391613906975
contour_1e-08_R4.8,0.18,s1*s4,0,18.716020311999493,31.293866063647776
contour_1e-08_R4.8,0.18,s1*s4,1,-7.660349016577824,-18.77137986400061
contour_1e-08_R4.8,0.195,s1*s2,0,4.336890339499395,2.104223154100816
contour_1e-08_R4.8,0.195,s1*s2,1,-8.045223770565638,-2.7779188540587096
contour_1e-08_R4.8,0.195,s2*s3,0,0.8285882724485164,1.0035812071972254
contour_1e-08_R4.8,0.195,s2*s3,1,0.11318000914629633,-0.49091739414612645
contour_1e-08_R4.8,0.195,s3*s4,0,-0.27357222154390826,-2.4989033452193183
contour_1e-08_R4.8,0.195,s3*s4,1,-0.31649395428817884,0.7499201420609595
contour_1e-08_R4.8,0.195,s1*s4,0,18.72178122894158,31.282900015802195
contour_1e-08_R4.8,0.195,s1*s4,1,-7.664099992839369,-18.7665419433589
contour_1e-08_R4.8,0.20999999999999996,s1*s2,0,4.335904784398632,2.1003728926922807
contour_1e-08_R4.8,0.20999999999999996,s1*s2,1,-8.045160638132213,-2.7760121543689693
contour_1e-08_R4.8,0.20999999999999996,s2*s3,0,0.8287947505725296,1.0033238655112584
contour_1e-08_R4.8,0.20999999999999996,s2*s3,1,0.11306288913800547,-0.49080990519943685
contour_1e-08_R4.8,0.20999999999999996,s3*s4,0,-0.2741231537088159,-2.4985662992714617
contour_1e-08_R4.8,0.20999999999999996,s3*s4,1,-0.31620059224327907,0.7498002554895563
contour_1e-08_R4.8,0.20999999999999996,s1*s4,0,18.727732931392694,31.27133112400422
contour_1e-08_R4.8,0.20999999999999996,s1*s4,1,-7.667997587058838,-18.76152996216559
contour_1e-08_R4.8,0.22499999999999998,s1*s2,0,4.3345833048806925,2.095691377700631
contour_1e-08_R4.8,0.22499999999999998,s1*s2,1,-8.04502710086749,-2.773641287661018
contour_1e-08_R4.8,0.22499999999999998,s2*s3,0,0.8290439461758826,1.0029991746303952
contour_1e-08_R4.8,0.22499999999999998,s2*s3,1,0.11291709434538719,-0.4906734160583996
contour_1e-08_R4.8,0.22499999999999998,s3*s4,0,-0.27479736474766486,-2.4981369809594907
contour_1e-08_R4.8,0.22499999999999998,s3*s4,1,-0.3158351906718,0.7496470874881803
contour_1e-08_R4.8,0.22499999999999998,s1*s4,0,18.73477657259194,31.256942997246714
contour_1e-08_R4.8,0.22499999999999998,s1*s4,1,-7.672766141603071,-18.755210486784467
contour_1e-08_R4.8,0.24,s1*s2,0,4.332950237941033,2.09038829458541
contour_1e-08_R4.8,0.24,s1*s2,1,-8.044823091544584,-2.7709237987968818
contour_1e-08_R4.8,0.24,s2*s3,0,0.829324426615969,1.002623827644722
contour_1e-08_R4.8,0.24,s2*s3,1,0.11274999707530295,-0.4905165541563325
contour_1e-08_R4.8,0.24,s3*s4,0,-0.2755600719642813,-2.497637272672402
contour_1e-08_R4.8,0.24,s3*s4,1,-0.31541850802972965,0.7494707184656155
contour_1e-08_R4.8,0.24,s1*s4,0,18.742519207864444,31.240405754388863
contour_1e-08_R4.8,0.24,s1*s4,1,-7.67814499773174,-18.74793172595318
contour_1e-10_R4.8,-0.24,s1*s2,0,4.34022632956411,2.1300483255228766
contour_1e-10_R4.8,-0.24,s1*s2,1,-8.044546319038133,-2.790236472781891
contour_1e-10_R4.8,-0.24,s2*s3,0,0.8272483951976397,1.0052073334058884
contour_1e-10_R4.8,-0.24,s2*s3,1,0.11391534568014883,-0.49167468150869464
contour_1e-10_R4.8,-0.24,s3*s4,0,-0.2698875602444091,-2.501058719599167
contour_1e-10_R4.8,-0.24,s3*s4,1,-0.31848459562962594,0.7508048762161972
contour_1e-10_R4.8,-0.24,s1*s4,0,18.677618385881896,31.356922282173457
contour_1e-10_R4.8,-0.24,s1*s4,1,-7.637154610079899,-18.799786989929206
contour_1e-10_R4.8,-0.22499999999999998,s1*s2,0,4.34026240215235,2.1300419711886103
contour_1e-10_R4.8,-0.22499999999999998,s1*s2,1,-8.044551691047818,-2.790245951121736
contour_1e-10_R4.8,-0.22499999999999998,s2*s3,0,0.8272455188792215,1.0052093284364185
contour_1e-10_R4.8,-0.22499999999999998,s2*s3,1,0.11391681484530322,-0.4916741495429263
contour_1e-10_R4.8,-0.22499999999999998,s3*s4,0,-0.269883039782979,-2.501058161032204
contour_1e-10_R4.8,-0.22499999999999998,s3*s4,1,-0.31848587056814576,0.7508029600305673
contour_1e-10_R4.8,-0.22499999999999998,s1*s4,0,18.677613793136825,31.356957153103703
contour_1e-10_R4.8,-0.22499999999999998,s1*s4,1,-7.63713087739037,-18.799787558768813
contour_1e-10_R4.8,-0.21,s1*s2,0,4.340291090998026,2.1300303787331667
contour_1e-10_R4.8,-0.21,s1*s2,1,-8.04455738419513,-2.7902509563321507
contour_1e-10_R4.8,-0.21,s2*s3,0,0.8272437216769707,1.0052108652682792
contour_1e-10_R4.8,-0.21,s2*s3,1,0.11391784986532959,-0.4916737488239383
contour_1e-10_R4.8,-0.21,s3*s4,0,-0.2698802302190744,-2.5010578645442267
contour_1e-10_R4.8,-0.21,s3*s4,1,-0.31848663607099637,0.7508014948941274
contour_1e-10_R4.8,-0.21,s1*s4,0,18.677624110488416,31.35697496971175
contour_1e-10_R4.8,-0.21,s1*s4,1,-7.637118486073597,-18.799785494625283
contour_1e-10_R4.8,-0.195,s1*s2,0,4.340278169036043,2.1300209158364405
contour_1e-10_R4.8,-0.195,s1*s2,1,-8.044557347144336,-2.790241927839989
contour_1e-10_R4.8,-0.195,s2*s3,0,0.8272455018204078,1.0052099699586379
contour_1e-10_R4.8,-0.195,s2*s3,1,0.11391699709353063,-0.49167387433453785
contour_1e-10_R4.8,-0.195,s3*s4,0,-0.26988317496232006,-2.5010580518175867
contour_1e-10_R4.8,-0.195,s3*s4,1,-0.3184855195193457,0.7508021758874146
contour_1e-10_R4.8,-0.195,s1*s4,0,18.67764855971133,31.356942086690744
contour_1e-10_R4.8,-0.195,s1*s4,1,-7.6371404061979185,-18.799776771872107
contour_1e-10_R4.8,-0.18,s1*s2,0,4.340243402563336,2.130020625540352
contour_1e-10_R4.8,-0.18,s1*s2,1,-8.044552645048624,-2.790228295120734
contour_1e-10_R4.8,-0.18,s2*s3,0,0.8272486142493493,1.0052077928222627
contour_1e-10_R4.8,-0.18,s2*s3,1,0.11391526103248815,-0.4916742258497839
contour_1e-10_R4.8,-0.18,s3*s4,0,-0.2698883314270279,-2.50105828127869
contour_1e-10_R4.8,-0.18,s3*s4,1,-0.318483607990507,0.7508039243510195
contour_1e-10_R4.8,-0.18,s1*s4,0,18.677664786665424,31.35689370670684
contour_1e-10_R4.8,-0.18,s1*s4,1,-7.637174007489448,-18.799766893405668
contour_1e-10_R4.8,-0.16499999999999998,s1*s2,0,4.340216519034328,2.130025120775464
contour_1e-10_R4.8,-0.16499999999999998,s1*s2,1,-8.044548045872403,-2.7902190544734697
contour_1e-10_R4.8,-0.16499999999999998,s2*s3,0,0.8272507294685603,1.0052060571825412
contour_1e-10_R4.8,-0.16499999999999998,s2*s3,1,0.11391393726057143,-0.4916744456045687
contour_1e-10_R4.8,-0.16499999999999998,s3*s4,0,-0.26989194063995525,-2.5010582957400156
contour_1e-10_R4.8,-0.16499999999999998,s3*s4,1,-0.3184821520171251,0.75080524311638
contour_1e-10_R4.8,-0.16499999999999998,s1*s4,0,18.67766901664029,31.35686192242445
contour_1e-10_R4.8,-0.16499999999999998,s1*s4,1,-7.637197510413398,-18.799759829020815
contour_1e-10_R4.8,-0.15,s1*s2,0,4.340212808822809,2.1300244044533057
contour_1e-10_R4.8,-0.15,s1*s2,1,-8.044547460116464,-2.7902162301674847
contour_1e-10_R4.8,-0.15,s2*s3,0,0.8272511338821817,1.005205605609447
contour_1e-10_R4.8,-0.15,s2*s3,1,0.11391359972526274,-0.4916743631390088
contour_1e-10_R4.8,-0.15,s3*s4,0,-0.26989284424230675,-2.501058051626372
contour_1e-10_R4.8,-0.15,s3*s4,1,-0.31848159317412056,0.7508053587135362
contour_1e-10_R4.8,-0.15,s1*s4,0,18.67767375135824,31.35685132755538
contour_1e-10_R4.8,-0.15,s1*s4,1,-7.637205481122933,-18.79975460583267
contour_1e-10_R4.8,-0.135,s1*s2,0,4.34022784857836,2.1300130620202373
contour_1e-10_R4.8,-0.135,s1*s2,1,-8.044551237228953,-2.790216489554182
contour_1e-10_R4.8,-0.135,s2*s3,0,0.8272505216781515,1.0052061322792234
contour_1e-10_R4.8,-0.135,s2*s3,1,0.113913994681095,-0.491674026987989
contour_1e-10_R4.8,-0.135,s3*s4,0,-0.26989217965642454,-2.501057598781795
contour_1e-10_R4.8,-0.135,s3*s4,1,-0.3184815910369855,0.750804458329902
contour_1e-10_R4.8,-0.135,s1*s4,0,18.67769027250864,31.356847326627815
contour_1e-10_R4.8,-0.135,s1*s4,1,-7.637205348752566,-18.79974792571465
contour_1e-10_R4.8,-0.12,s1*s2,0,4.340246202480576,2.1299955438239544
contour_1e-10_R4.8,-0.12,s1*s2,1,-8.04455644545983,-2.7902158932285706
contour_1e-10_R4.8,-0.12,s2*s3,0,0.8272499528007801,1.0052067475704474
contour_1e-10_R4.8,-0.12,s2*s3,1,0.11391447890359453,-0.49167361205635146
contour_1e-10_R4.8,-0.12,s3*s4,0,-0.2698916695751889,-2.5010570203019387
contour_1e-10_R4.8,-0.12,s3*s4,1,-0.3184815524129291,0.7508033060597795
contour_1e-10_R4.8,-0.12,s1*s4,0,18.677716236372227,31.35683637986079
contour_1e-10_R4.8,-0.12,s1*s4,1,-7.637206682588158,-18.799738384767224
contour_1e-10_R4.8,-0.10499999999999998,s1*s2,0,4.340255654023788,2.129981519714426
contour_1e-10_R4.8,-0.10499999999999998,s1*s2,1,-8.044559775095973,-2.7902133021486377
contour_1e-10_R4.8,-0.10499999999999998,s2*s3,0,0.8272499413345048,1.0052068201488393
contour_1e-10_R4.8,-0.10499999999999998,s2*s3,1,0.11391459675491256,-0.49167327892934487
contour_1e-10_R4.8,-0.10499999999999998,s3*s4,0,-0.26989210543760134,-2.5010564336645307
contour_1e-10_R4.8,-0.10499999999999998,s3*s4,1,-0.3184811674149688,0.7508025752850545
contour_1e-10_R4.8,-0.10499999999999998,s1*s4,0,18.677739384958873,31.35681833944652
contour_1e-10_R4.8,-0.10499999999999998,s1*s4,1,-7.637213065351943,-18.799727994729633
contour_1e-10_R4.8,-0.09,s1*s2,0,4.340256846908243,2.1299743166661096
contour_1e-10_R4.8,-0.09,s1*s2,1,-8.044560819127751,-2.7902100046086846
contour_1e-10_R4.8,-0.09,s2*s3,0,0.827250270172951,1.005206443701189
contour_1e-10_R4.8,-0.09,s2*s3,1,0.11391440350864526,-0.49167304335915246
contour_1e-10_R4.8,-0.09,s3*s4,0,-0.2698930898985838,-2.501055900811093
contour_1e-10_R4.8,-0.09,s3*s4,1,-0.31848055880778725,0.7508022904349545
contour_1e-10_R4.8,-0.09,s1*s4,0,18.6777540612669,31.356800189252095
contour_1e-10_R4.8,-0.09,s1*s4,1,-7.637221874373332,-18.799718834781626
contour_1e-10_R4.8,-0.07500000000000001,s1*s2,0,4.340259254167755,2.1299649264971405
contour_1e-10_R4.8,-0.07500000000000001,s1*s2,1,-8.044562282963096,-2.7902064062240353
contour_1e-10_R4.8,-0.07500000000000001,s2*s3,0,0.8272505882356491,1.00520607723839
contour_1e-10_R4.8,-0.07500000000000001,s2*s3,1,0.1139142464233284,-0.49167276076890676
contour_1e-10_R4.8,-0.07500000000000001,s3*s4,0,-0.2698941177059369,-2.5010552634495933
contour_1e-10_R4.8,-0.07500000000000001,s3*s4,1,-0.3184799267214201,0.7508018835624305
contour_1e-10_R4.8,-0.07500000000000001,s1*s4,0,18.677771713359526,31.35677901618106
contour_1e-10_R4.8,-0.07500000000000001,s1*s4,1,-7.6372310525957205,-18.799708194829076
contour_1e-10_R4.8,-0.06,s1*s2,0,4.3402621451464825,2.129953228187139
contour_1e-10_R4.8,-0.06,s1*s2,1,-8.044564064225039,-2.790202116745464
contour_1e-10_R4.8,-0.06,s2*s3,0,0.8272509736506001,1.0052056486802108
contour_1e-10_R4.8,-0.06,s2*s3,1,0.11391407536437682,-0.49167242749473944
contour_1e-10_R4.8,-0.06,s3*s4,0,-0.26989534558208333,-2.5010544970375763
contour_1e-10_R4.8,-0.06,s3*s4,1,-0.3184791987107086,0.7508013856063156
contour_1e-10_R4.8,-0.06,s1*s4,0,18.67779314477056,31.356753115163546
contour_1e-10_R4.8,-0.06,s1*s4,1,-7.63724169778278,-18.799695522510046
contour_1e-10_R4.8,-0.044999999999999984,s1*s2,0,4.340263678837497,2.1299422268226027
contour_1e-10_R4.8,-0.044999999999999984,s1*s2,1,-8.044565449405365,-2.7901974588151965
contour_1e-10_R4.8,-0.044999999999999984,s2*s3,0,0.82725143445931,1.0052050948867133
contour_1e-10_R4.8,-0.044999999999999984,s2*s3,1,0.11391383368633377,-0.49167208248549704
contour_1e-10_R4.8,-0.044999999999999984,s3*s4,0,-0.2698967511221509,-2.5010536658709053
contour_1e-10_R4.8,-0.044999999999999984,s3*s4,1,-0.3184783747555191,0.7508009300545461
contour_1e-10_R4.8,-0.044999999999999984,s1*s4,0,18.67781407823269,31.356725475958463
contour_1e-10_R4.8,-0.044999999999999984,s1*s4,1,-7.6372533900099855,-18.799682118511797
contour_1e-10_R4.8,-0.03,s1*s2,0,4.340264911256133,2.1299302454200078
contour_1e-10_R4.8,-0.03,s1*s2,1,-8.044566817086597,-2.7901922709177462
contour_1e-10_R4.8,-0.03,s2*s3,0,0.8272519575221142,1.0052044570896699
contour_1e-10_R4.8,-0.03,s2*s3,1,0.11391355691709203,-0.49167170388520226
contour_1e-10_R4.8,-0.03,s3*s4,0,-0.2698983290992469,-2.5010527330531915
contour_1e-10_R4.8,-0.03,s3*s4,1,-0.3184774614280159,0.7508004386994863
contour_1e-10_R4.8,-0.03,s1*s4,0,18.677836737814204,31.3566945266549
contour_1e-10_R4.8,-0.03,s1*s4,1,-7.637266238107136,-18.799667256402692
contour_1e-10_R4.8,-0.015000000000000013,s1*s2,0,4.34026583403298,2.1299171039713483
contour_1e-10_R4.8,-0.015000000000000013,s1*s2,1,-8.04456816300581,-2.790186471373469
contour_1e-10_R4.8,-0.015000000000000013,s2*s3,0,0.8272525493038647,1.0052037253582504
contour_1e-10_R4.8,-0.015000000000000013,s2*s3,1,0.11391324100826523,-0.4916712859141102
contour_1e-10_R4.8,-0.015000000000000013,s3*s4,0,-0.2699001002422401,-2.5010516823979017
contour_1e-10_R4.8,-0.015000000000000013,s3*s4,1,-0.3184764463094746,0.7507999036197096
contour_1e-10_R4.8,-0.015000000000000013,s1*s4,0,18.677861389617394,31.356659773781676
contour_1e-10_R4.8,-0.015000000000000013,s1*s4,1,-7.637280391998325,-18.799650690979682
contour_1e-10_R4.8,0.0,s1*s2,0,4.34026630590375,2.1299026921406683
contour_1e-10_R4.8,0.0,s1*s2,1,-8.04456945637084,-2.7901799627195056
contour_1e-10_R4.8,0.0,s2*s3,0,0.8272532208895126,1.0052028860626394
contour_1e-10_R4.8,0.0,s2*s3,1,0.11391287824863092,-0.49167082544208424
contour_1e-10_R4.8,0.0,s3*s4,0,-0.2699020890580167,-2.501050500647434
contour_1e-10_R4.8,0.0,s3*s4,1,-0.3184753159910775,0.7507993239221852
contour_1e-10_R4.8,0.0,s1*s4,0,18.67788814814385,31.356620722019976
contour_1e-10_R4.8,0.0,s1*s4,1,-7.637296027002618,-18.799632210272176
contour_1e-10_R4.8,0.015000000000000013,s1*s2,0,4.340270530763182,2.1299092262136576
contour_1e-10_R4.8,0.015000000000000013,s1*s2,1,-8.044571144051154,-2.7901853281014817
contour_1e-10_R4.8,0.015000000000000013,s2*s3,0,0.8272528848319638,1.0052039577042517
contour_1e-10_R4.8,0.015000000000000013,s2*s3,1,0.11391323623482286,-0.4916713405779859
contour_1e-10_R4.8,0.015000000000000013,s3*s4,0,-0.2699005896719502,-2.501052010962573
contour_1e-10_R4.8,0.015000000000000013,s3*s4,1,-0.31847634495687266,0.7507999406416243
contour_1e-10_R4.8,0.015000000000000013,s1*s4,0,18.677879531453122,31.356655106983034
contour_1e-10_R4.8,0.015000000000000013,s1*s4,1,-7.637285998891344,-18.799651425226052
contour_1e-10_R4.8,0.030000000000000027,s1*s2,0,4.340270527618726,2.1298941259436774
contour_1e-10_R4.8,0.030000000000000027,s1*s2,1,-8.04457245451007,-2.790178506046498
contour_1e-10_R4.8,0.030000000000000027,s2*s3,0,0.8272536277183223,1.0052030866750283
contour_1e-10_R4.8,0.030000000000000027,s2*s3,1,0.11391284641548907,-0.4916708912680808
contour_1e-10_R4.8,0.030000000000000027,s3*s4,0,-0.2699026951235857,-2.501050827056895
contour_1e-10_R4.8,0.030000000000000027,s3*s4,1,-0.31847518626154975,0.7507993915710744
contour_1e-10_R4.8,0.030000000000000027,s1*s4,0,18.677907483227187,31.35661430811594
contour_1e-10_R4.8,0.030000000000000027,s1*s4,1,-7.6373023383820255,-18.799632781321037
contour_1e-10_R4.8,0.044999999999999984,s1*s2,0,4.34027005965715,2.1298774000917358
contour_1e-10_R4.8,0.044999999999999984,s1*s2,1,-8.044573708036411,-2.790170838439219
contour_1e-10_R4.8,0.044999999999999984,s2*s3,0,0.827254461534821,1.005202092993639
contour_1e-10_R4.8,0.044999999999999984,s2*s3,1,0.11391240381270873,-0.49167039097135784
contour_1e-10_R4.8,0.044999999999999984,s3*s4,0,-0.2699050518634691,-2.50104948477012
contour_1e-10_R4.8,0.044999999999999984,s3*s4,1,-0.3184738939913475,0.7507987854067731
contour_1e-10_R4.8,0.044999999999999984,s1*s4,0,18.677938013881473,31.356568324395244
contour_1e-10_R4.8,0.044999999999999984,s1*s4,1,-7.637320390740282,-18.79961183427514
contour_1e-10_R4.8,0.06,s1*s2,0,4.340268945564036,2.129858795354237
contour_1e-10_R4.8,0.06,s1*s2,1,-8.044574890139712,-2.790162166039124
contour_1e-10_R4.8,0.06,s2*s3,0,0.8272554053406688,1.005200957471178
contour_1e-10_R4.8,0.06,s2*s3,1,0.11391189683099863,-0.4916698354376844
contour_1e-10_R4.8,0.06,s3*s4,0,-0.269907700622328,-2.501047964406414
contour_1e-10_R4.8,0.06,s3*s4,1,-0.3184724468302424,0.7507981209375549
contour_1e-10_R4.8,0.06,s1*s4,0,18.677971438842086,31.35651631473074
contour_1e-10_R4.8,0.06,s1*s4,1,-7.637340479274671,-18.799588269417157
contour_1e-10_R4.8,0.07500000000000001,s1*s2,0,4.340261300874863,2.1298422369820744
contour_1e-10_R4.8,0.07500000000000001,s1*s2,1,-8.044573821621448,-2.790151897540572
contour_1e-10_R4.8,0.07500000000000001,s2*s3,0,0.8272563540520441,1.0051993693666978
contour_1e-10_R4.8,0.07500000000000001,s2*s3,1,0.11391124487790313,-0.49166916689512996
contour_1e-10_R4.8,0.07500000000000001,s3*s4,0,-0.26991052593962583,-2.501045878561087
contour_1e-10_R4.8,0.07500000000000001,s3*s4,1,-0.3184707725719272,0.7507973675477986
contour_1e-10_R4.8,0.07500000000000001,s1*s4,0,18.677994853083757,31.356454979388367
contour_1e-10_R4.8,0.07500000000000001,s1*s4,1,-7.637361107504825,-18.79955912203373
contour_1e-10_R4.8,0.08999999999999997,s1*s2,0,4.3402533684636655,2.129820415655665
contour_1e-10_R4.8,0.08999999999999997,s1*s2,1,-8.044573139351092,-2.7901395378341585
contour_1e-10_R4.8,0.08999999999999997,s2*s3,0,0.8272575261237052,1.0051975592345226
contour_1e-10_R4.8,0.08999999999999997,s2*s3,1,0.11391049419722318,-0.4916683889274009
contour_1e-10_R4.8,0.08999999999999997,s3*s4,0,-0.2699139275467458,-2.5010434561713435
contour_1e-10_R4.8,0.08999999999999997,s3*s4,1,-0.31846880563565266,0.7507964630860743
contour_1e-10_R4.8,0.08999999999999997,s1*s4,0,18.678026343313654,31.356380807030177
contour_1e-10_R4.8,0.08999999999999997,s1*s4,1,-7.6373861353475085,-18.799524739950662
contour_1e-10_R4.8,0.10499999999999998,s1*s2,0,4.340253305410426,2.129789213767773
contour_1e-10_R4.8,0.10499999999999998,s1*s2,1,-8.044575709923924,-2.790126343953097
contour_1e-10_R4.8,0.10499999999999998,s2*s3,0,0.8272590779473129,1.0051959851426566
contour_1e-10_R4.8,0.10499999999999998,s2*s3,1,0.1139097460031691,-0.4916676191948582
contour_1e-10_R4.8,0.10499999999999998,s3*s4,0,-0.26991804513977435,-2.50104135296481
contour_1e-10_R4.8,0.10499999999999998,s3*s4,1,-0.31846668283574675,0.7507955375028122
contour_1e-10_R4.8,0.10499999999999998,s1*s4,0,18.678083194601772,31.35630130674712
contour_1e-10_R4.8,0.10499999999999998,s1*s4,1,-7.637417168616413,-18.79949075847347
contour_1e-10_R4.8,0.12,s1*s2,0,4.340225510428613,2.129798037351663
contour_1e-10_R4.8,0.12,s1*s2,1,-8.044564488365411,-2.7901172200801896
contour_1e-10_R4.8,0.12,s2*s3,0,0.82725886614411,1.0051934842065189
contour_1e-10_R4.8,0.12,s2*s3,1,0.11390897883412832,-0.49166665059177034
contour_1e-10_R4.8,0.12,s3*s4,0,-0.2699191088811585,-2.5010378640326403
contour_1e-10_R4.8,0.12,s3*s4,1,-0.318465026180812,0.7507945024649376
contour_1e-10_R4.8,0.12,s1*s4,0,18.67803859027707,31.35624853469957
contour_1e-10_R4.8,0.12,s1*s4,1,-7.637423481287124,-18.79945260307352
contour_1e-10_R4.8,0.135,s1*s2,0,4.3401734261003115,2.129865866829363
contour_1e-10_R4.8,0.135,s1*s2,1,-8.04453707563753,-2.790119169953678
contour_1e-10_R4.8,0.135,s2*s3,0,0.8272555981141987,1.005190821257208
contour_1e-10_R4.8,0.135,s2*s3,1,0.11390865887457077,-0.491665544205889
contour_1e-10_R4.8,0.135,s3*s4,0,-0.2699145032206653,-2.501033612133423
contour_1e-10_R4.8,0.135,s3*s4,1,-0.3184647230551461,0.7507932682170496
contour_1e-10_R4.8,0.135,s1*s4,0,18.677857537384945,31.35626677996746
contour_1e-10_R4.8,0.135,s1*s4,1,-7.637387133134658,-18.79942011224403
contour_1e-10_R4.8,0.15000000000000002,s1*s2,0,4.340143143595732,2.1299325210831643
contour_1e-10_R4.8,0.15000000000000002,s1*s2,1,-8.044514821573566,-2.790126984855285
contour_1e-10_R4.8,0.15000000000000002,s2*s3,0,0.8272519568388259,1.005189625496264
contour_1e-10_R4.8,0.15000000000000002,s2*s3,1,0.11390886225220863,-0.4916646158491955
contour_1e-10_R4.8,0.15000000000000002,s3*s4,0,-0.2699088230672578,-2.501031071252542
contour_1e-10_R4.8,0.15000000000000002,s3*s4,1,-0.3184651321762159,0.7507920185490027
contour_1e-10_R4.8,0.15000000000000002,s1*s4,0,18.677699681294563,31.356323256994486
contour_1e-10_R4.8,0.15000000000000002,s1*s4,1,-7.637344798749587,-18.799401575536628
contour_1e-10_R4.8,0.16499999999999998,s1*s2,0,4.340177695013253,2.1298786410918176
contour_1e-10_R4.8,0.16499999999999998,s1*s2,1,-8.044527759892944,-2.7901157310100055
contour_1e-10_R4.8,0.16499999999999998,s2*s3,0,0.8272543486033868,1.0051895477549166
contour_1e-10_R4.8,0.16499999999999998,s2*s3,1,0.11390842211489718,-0.49166394303465044
contour_1e-10_R4.8,0.16499999999999998,s3*s4,0,-0.26991431037478525,-2.5010310411092918
contour_1e-10_R4.8,0.16499999999999998,s3*s4,1,-0.3184630409178536,0.750791023313101
contour_1e-10_R4.8,0.16499999999999998,s1*s4,0,18.677838597779807,31.356258053187048
contour_1e-10_R4.8,0.16499999999999998,s1*s4,1,-7.637385905468748,-18.79937682424781
contour_1e-10_R4.8,0.18,s1*s2,0,4.34026839759453,2.129612121721251
contour_1e-10_R4.8,0.18,s1*s2,1,-8.044588022721056,-2.7900534652794824
contour_1e-10_R4.8,0.18,s2*s3,0,0.8272683598777858,1.0051871224493516
contour_1e-10_R4.8,0.18,s2*s3,1,0.11390534029276696,-0.4916629743132473
contour_1e-10_R4.8,0.18,s3*s4,0,-0.26994280292996065,-2.5010301108451203
contour_1e-10_R4.8,0.18,s3*s4,1,-0.31845421823571235,0.7507901600649747
contour_1e-10_R4.8,0.18,s1*s4,0,18.678442380688352,31.35586206864314
contour_1e-10_R4.8,0.18,s1*s4,1,-7.6375930602198006,-18.799295211141317
contour_1e-10_R4.8,0.195,s1*s2,0,4.340345251540157,2.129189503821244
contour_1e-10_R4.8,0.195,s1*s2,1,-8.044667982393776,-2.789936724364533
contour_1e-10_R4.8,0.195,s2*s3,0,0.827291470413194,1.0051786934948617
contour_1e-10_R4.8,0.195,s2*s3,1,0.1138989121339652,-0.49166083137056704
contour_1e-10_R4.8,0.195,s3*s4,0,-0.26999101897688593,-2.5010228009517963
contour_1e-10_R4.8,0.195,s3*s4,1,-0.3184380554037065,0.7507886792099878
contour_1e-10_R4.8,0.195,s1*s4,0,18.679325475563733,31.355107522845337
contour_1e-10_R4.8,0.195,s1*s4,1,-7.637939274304432,-18.799121477628898
contour_1e-10_R4.8,0.20999999999999996,s1*s2,0,4.340333709768723,2.128881386954034
contour_1e-10_R4.8,0.20999999999999996,s1*s2,1,-8.04470583940942,-2.7898286086750756
contour_1e-10_R4.8,0.20999999999999996,s2*s3,0,0.8273087225497285,1.0051669606420233
contour_1e-10_R4.8,0.20999999999999996,s2*s3,1,0.11389241204649482,-0.4916576740452415
contour_1e-10_R4.8,0.20999999999999996,s3*s4,0,-0.2700296035714413,-2.5010096392063543
contour_1e-10_R4.8,0.20999999999999996,s3*s4,1,-0.3184228224213447,0.7507861012538453
contour_1e-10_R4.8,0.20999999999999996,s1*s4,0,18.679888806184138,31.35440682239851
contour_1e-10_R4.8,0.20999999999999996,s1*s4,1,-7.638214390513936,-18.798919893421232
contour_1e-10_R4.8,0.22499999999999998,s1*s2,0,4.34024609485545,2.1290213535363636
contour_1e-10_R4.8,0.22499999999999998,s1*s2,1,-8.044654158339071,-2.7898385514308313
contour_1e-10_R4.8,0.22499999999999998,s2*s3,0,0.8273011282662495,1.0051635050679815
contour_1e-10_R4.8,0.22499999999999998,s2*s3,1,0.11389243097935262,-0.49165568585944414
contour_1e-10_R4.8,0.22499999999999998,s3*s4,0,-0.27001759149946414,-2.501002913723644
contour_1e-10_R4.8,0.22499999999999998,s3*s4,1,-0.31842327879869403,0.7507835330976639
contour_1e-10_R4.8,0.22499999999999998,s1*s4,0,18.679521427637514,31.354493318268744
contour_1e-10_R4.8,0.22499999999999998,s1*s4,1,-7.638129018234409,-18.798868409707673
contour_1e-10_R4.8,0.24,s1*s2,0,4.340191598408544,2.1293510745385853
contour_1e-10_R4.8,0.24,s1*s2,1,-8.044581686085271,-2.7899177524836953
contour_1e-10_R4.8,0.24,s2*s3,0,0.8272828078924654,1.0051686436548979
contour_1e-10_R4.8,0.24,s2*s3,1,0.11389675385819395,-0.4916553757315775
contour_1e-10_R4.8,0.24,s3*s4,0,-0.2699814542755004,-2.5010062449705948
contour_1e-10_R4.8,0.24,s3*s4,1,-0.31843313056973277,0.750781976633986
contour_1e-10_R4.8,0.24,s1*s4,0,18.678843261232252,31.355053133334522
contour_1e-10_R4.8,0.24,s1*s4,1,-7.637872261059391,-18.79893989733285
contour_3e-13_R4.8,-0.24,s1*s2,0,4.340265907090804,2.1299028728463454
contour_3e-13_R4.8,-0.24,s1*s2,1,-8.044569346700927,-2.790179972377219
contour_3e-13_R4.8,-0.24,s2*s3,0,0.8272532271939338,1.0052028829047015
contour_3e-13_R4.8,-0.24,s2*s3,1,0.11391287833425151,-0.49167083496827735
contour_3e-13_R4.8,-0.24,s3*s4,0,-0.269902080693949,-2.501050510897105
contour_3e-13_R4.8,-0.24,s3*s4,1,-0.31847533245943704,0.750799337594089
contour_3e-13_R4.8,-0.24,s1*s4,0,18.67788750822002,31.356620795184103
contour_3e-13_R4.8,-0.24,s1*s4,1,-7.637295780186733,-18.799632369862767
contour_3e-13_R4.8,-0.22499999999999998,s1*s2,0,4.3402659757215964,2.129902801087698
contour_3e-13_R4.8,-0.22499999999999998,s1*s2,1,-8.044569361506257,-2.7901799747238227
contour_3e-13_R4.8,-0.22499999999999998,s2*s3,0,0.8272532216540078,1.0052028869713205
contour_3e-13_R4.8,-0.22499999999999998,s2*s3,1,0.1139128820266781,-0.4916708331985775
contour_3e-13_R4.8,-0.22499999999999998,s3*s4,0,-0.26990207191619286,-2.5010505071108806
contour_3e-13_R4.8,-0.22499999999999998,s3*s4,1,-0.318475335029177,0.7507993310681484
contour_3e-13_R4.8,-0.22499999999999998,s1*s4,0,18.677887527722493,31.3566207629496
contour_3e-13_R4.8,-0.22499999999999998,s1*s4,1,-7.637295736210381,-18.799632325468306
contour_3e-13_R4.8,-0.21,s1*s2,0,4.340265916659319,2.1299028289186097
contour_3e-13_R4.8,-0.21,s1*s2,1,-8.044569360268255,-2.790179953815607
contour_3e-13_R4.8,-0.21,s2*s3,0,0.8272532294639914,1.0052028832071245
contour_3e-13_R4.8,-0.21,s2*s3,1,0.11391287734431041,-0.49167083508332055
contour_3e-13_R4.8,-0.21,s3*s4,0,-0.2699020842690453,-2.5010505116885775
contour_3e-13_R4.8,-0.21,s3*s4,1,-0.31847533040549186,0.7507993379808596
contour_3e-13_R4.8,-0.21,s1*s4,0,18.677887593925988,31.35662074168056
contour_3e-13_R4.8,-0.21,s1*s4,1,-7.637295833702622,-18.799632352102382
contour_3e-13_R4.8,-0.195,s1*s2,0,4.340265907392541,2.129902819420705
contour_3e-13_R4.8,-0.195,s1*s2,1,-8.044569364272427,-2.790179942753599
contour_3e-13_R4.8,-0.195,s2*s3,0,0.827253231785045,1.0052028823353245
contour_3e-13_R4.8,-0.195,s2*s3,1,0.11391287597909179,-0.49167083539561846
contour_3e-13_R4.8,-0.195,s3*s4,0,-0.2699020881513047,-2.5010505125308673
contour_3e-13_R4.8,-0.195,s3*s4,1,-0.3184753285492241,0.7507993394192877
contour_3e-13_R4.8,-0.195,s1*s4,0,18.677887636015353,31.356620713913554
contour_3e-13_R4.8,-0.195,s1*s4,1,-7.637295873536091,-18.799632348503504
contour_3e-13_R4.8,-0.18,s1*s2,0,4.340265938384535,2.129902751839117
contour_3e-13_R4.8,-0.18,s1*s2,1,-8.044569376274596,-2.7901799307767408
contour_3e-13_R4.8,-0.18,s2*s3,0,0.8272532306403517,1.005202883446597
contour_3e-13_R4.8,-0.18,s2*s3,1,0.11391287725236761,-0.49167083416007434
contour_3e-13_R4.8,-0.18,s3*s4,0,-0.2699020870877288,-2.5010505095157423
contour_3e-13_R4.8,-0.18,s3*s4,1,-0.3184753283315941,0.7507993356451329
contour_3e-13_R4.8,-0.18,s1*s4,0,18.67788769539165,31.356620629805906
contour_3e-13_R4.8,-0.18,s1*s4,1,-7.637295880254864,-18.799632301361967
contour_3e-13_R4.8,-0.16499999999999998,s1*s2,0,4.340265943923601,2.129902719733251
contour_3e-13_R4.8,-0.16499999999999998,s1*s2,1,-8.044569383582377,-2.790179919273713
contour_3e-13_R4.8,-0.16499999999999998,s2*s3,0,0.8272532317376424,1.0052028831539483
contour_3e-13_R4.8,-0.16499999999999998,s2*s3,1,0.11391287685074251,-0.49167083383411064
contour_3e-13_R4.8,-0.16499999999999998,s3*s4,0,-0.2699020893975188,-2.501050508717879
contour_3e-13_R4.8,-0.16499999999999998,s3*s4,1,-0.3184753269719859,0.750799335071039
contour_3e-13_R4.8,-0.16499999999999998,s1*s4,0,18.677887746328068,31.3566205762597
contour_3e-13_R4.8,-0.16499999999999998,s1*s4,1,-7.6372959090904455,-18.799632280342852
contour_3e-13_R4.8,-0.15,s1*s2,0,4.340270974369141,2.1299015363176315
contour_3e-13_R4.8,-0.15,s1*s2,1,-8.044570463719452,-2.790181182575592
contour_3e-13_R4.8,-0.15,s2*s3,0,0.8272529500103795,1.0052031613065084
contour_3e-13_R4.8,-0.15,s2*s3,1,0.11391305340984285,-0.4916707943260715
contour_3e-13_R4.8,-0.15,s3*s4,0,-0.2699016317814904,-2.5010505500384776
contour_3e-13_R4.8,-0.15,s3*s4,1,-0.3184754860422544,0.750799147856093
contour_3e-13_R4.8,-0.15,s1*s4,0,18.67788977108399,31.35662553370303
contour_3e-13_R4.8,-0.15,s1*s4,1,-7.637293623681241,-18.7996333047666
contour_3e-13_R4.8,-0.135,s1*s2,0,4.3402743752666595,2.129900193240596
contour_3e-13_R4.8,-0.135,s1*s2,1,-8.044571294700518,-2.7901818553389823
contour_3e-13_R4.8,-0.135,s2*s3,0,0.8272527994641226,1.0052033429305822
contour_3e-13_R4.8,-0.135,s2*s3,1,0.11391316445508534,-0.49167076888112937
contour_3e-13_R4.8,-0.135,s3*s4,0,-0.2699013890651293,-2.5010505860540113
contour_3e-13_R4.8,-0.135,s3*s4,1,-0.31847557723783293,0.7507990236266954
contour_3e-13_R4.8,-0.135,s1*s4,0,18.677892294960653,31.356628009537413
contour_3e-13_R4.8,-0.135,s1*s4,1,-7.637292516877032,-18.799633803341397
contour_3e-13_R4.8,-0.12,s1*s2,0,4.340268304318398,2.129902210551164
contour_3e-13_R4.8,-0.12,s1*s2,1,-8.044569895266308,-2.790180515411687
contour_3e-13_R4.8,-0.12,s2*s3,0,0.8272531079823895,1.0052030092679878
contour_3e-13_R4.8,-0.12,s2*s3,1,0.11391295624695577,-0.4916708160826612
contour_3e-13_R4.8,-0.12,s3*s4,0,-0.2699018915828221,-2.5010505336280864
contour_3e-13_R4.8,-0.12,s3*s4,1,-0.31847539730476604,0.7507992524300259
contour_3e-13_R4.8,-0.12,s1*s4,0,18.677888872419196,31.356622933530698
contour_3e-13_R4.8,-0.12,s1*s4,1,-7.637294911918717,-18.799632803690553
contour_3e-13_R4.8,-0.10499999999999998,s1*s2,0,4.340262292536422,2.129905279513398
contour_3e-13_R4.8,-0.10499999999999998,s1*s2,1,-8.04456833033625,-2.7901795346972165
contour_3e-13_R4.8,-0.10499999999999998,s2*s3,0,0.8272533466984892,1.0052026927664661
contour_3e-13_R4.8,-0.10499999999999998,s2*s3,1,0.11391276274136584,-0.4916708639876415
contour_3e-13_R4.8,-0.10499999999999998,s3*s4,0,-0.2699022734891495,-2.5010504810151764
contour_3e-13_R4.8,-0.10499999999999998,s3*s4,1,-0.3184752490762332,0.750799483345545
contour_3e-13_R4.8,-0.10499999999999998,s1*s4,0,18.677883449657433,31.356619722125483
contour_3e-13_R4.8,-0.10499999999999998,s1*s4,1,-7.637296518967299,-18.799632282791446
contour_3e-13_R4.8,-0.09,s1*s2,0,4.3402619418006285,2.1299059008089474
contour_3e-13_R4.8,-0.09,s1*s2,1,-8.0445681728294,-2.790179609693321
contour_3e-13_R4.8,-0.09,s2*s3,0,0.8272533368178299,1.0052026802948864
contour_3e-13_R4.8,-0.09,s2*s3,1,0.11391275456305114,-0.4916708682731919
contour_3e-13_R4.8,-0.09,s3*s4,0,-0.2699022531310911,-2.5010504822598274
contour_3e-13_R4.8,-0.09,s3*s4,1,-0.31847525044815095,0.7507995019354842
contour_3e-13_R4.8,-0.09,s1*s4,0,18.67788237169266,31.356620308719965
contour_3e-13_R4.8,-0.09,s1*s4,1,-7.637296355507433,-18.799632463578753
contour_3e-13_R4.8,-0.07500000000000001,s1*s2,0,4.340264789830896,2.129904077169268
contour_3e-13_R4.8,-0.07500000000000001,s1*s2,1,-8.044568975690327,-2.790179939560367
contour_3e-13_R4.8,-0.07500000000000001,s2*s3,0,0.8272532467536242,1.0052028231325185
contour_3e-13_R4.8,-0.07500000000000001,s2*s3,1,0.1139128395917815,-0.4916708440148168
contour_3e-13_R4.8,-0.07500000000000001,s3*s4,0,-0.2699021146947582,-2.5010505040860664
contour_3e-13_R4.8,-0.07500000000000001,s3*s4,1,-0.31847530572290034,0.7507993911485381
contour_3e-13_R4.8,-0.07500000000000001,s1*s4,0,18.677885653780926,31.35662115509695
contour_3e-13_R4.8,-0.07500000000000001,s1*s4,1,-7.637295919128753,-18.799632508935048
contour_3e-13_R4.8,-0.06,s1*s2,0,4.340266257088258,2.129902829438399
contour_3e-13_R4.8,-0.06,s1*s2,1,-8.044569433820987,-2.7901800080288846
contour_3e-13_R4.8,-0.06,s2*s3,0,0.8272532169521132,1.0052028903769437
contour_3e-13_R4.8,-0.06,s2*s3,1,0.11391287985227803,-0.4916708293756245
contour_3e-13_R4.8,-0.06,s3*s4,0,-0.2699020755376139,-2.501050509216665
contour_3e-13_R4.8,-0.06,s3*s4,1,-0.3184753240441033,0.7507993299901458
contour_3e-13_R4.8,-0.06,s1*s4,0,18.67788788668346,31.356621006219633
contour_3e-13_R4.8,-0.06,s1*s4,1,-7.637295910202356,-18.79963235191274
contour_3e-13_R4.8,-0.044999999999999984,s1*s2,0,4.3402660439205905,2.1299031053840976
contour_3e-13_R4.8,-0.044999999999999984,s1*s2,1,-8.044569353773696,-2.7901800246889885
contour_3e-13_R4.8,-0.044999999999999984,s2*s3,0,0.827253217090326,1.0052028815374625
contour_3e-13_R4.8,-0.044999999999999984,s2*s3,1,0.11391287436979187,-0.4916708317930828
contour_3e-13_R4.8,-0.044999999999999984,s3*s4,0,-0.2699020737974114,-2.5010505099070435
contour_3e-13_R4.8,-0.044999999999999984,s3*s4,1,-0.31847532302374265,0.7507993401835841
contour_3e-13_R4.8,-0.044999999999999984,s1*s4,0,18.677887420096443,31.356621190761203
contour_3e-13_R4.8,-0.044999999999999984,s1*s4,1,-7.637295864951872,-18.79963241827704
contour_3e-13_R4.8,-0.03,s1*s2,0,4.340266303118937,2.129902787303788
contour_3e-13_R4.8,-0.03,s1*s2,1,-8.044569447814965,-2.7901800058611252
contour_3e-13_R4.8,-0.03,s2*s3,0,0.8272532164599661,1.0052028914909252
contour_3e-13_R4.8,-0.03,s2*s3,1,0.11391288064159934,-0.49167082842679943
contour_3e-13_R4.8,-0.03,s3*s4,0,-0.26990207607808236,-2.5010505082940977
contour_3e-13_R4.8,-0.03,s3*s4,1,-0.3184753233897901,0.7507993276806029
contour_3e-13_R4.8,-0.03,s1*s4,0,18.677887972724196,31.356620977691094
contour_3e-13_R4.8,-0.03,s1*s4,1,-7.637295923987823,-18.799632331418454
contour_3e-13_R4.8,-0.015000000000000013,s1*s2,0,4.340266304971877,2.1299027423318315
contour_3e-13_R4.8,-0.015000000000000013,s1*s2,1,-8.044569452023255,-2.7901799855113603
contour_3e-13_R4.8,-0.015000000000000013,s2*s3,0,0.8272532185299543,1.0052028889351512
contour_3e-13_R4.8,-0.015000000000000013,s2*s3,1,0.11391287951742456,-0.49167082700145187
contour_3e-13_R4.8,-0.015000000000000013,s3*s4,0,-0.2699020821952185,-2.5010505046703044
contour_3e-13_R4.8,-0.015000000000000013,s3*s4,1,-0.31847531987800926,0.7507993258784076
contour_3e-13_R4.8,-0.015000000000000013,s1*s4,0,18.677888056022823,31.356620857229252
contour_3e-13_R4.8,-0.015000000000000013,s1*s4,1,-7.637295972874788,-18.799632273975455
contour_3e-13_R4.8,0.0,s1*s2,0,4.340266305903751,2.1299026921406687
contour_3e-13_R4.8,0.0,s1*s2,1,-8.04456945637084,-2.790179962719507
contour_3e-13_R4.8,0.0,s2*s3,0,0.8272532208895127,1.0052028860626396
contour_3e-13_R4.8,0.0,s2*s3,1,0.11391287824863092,-0.49167082544208435
contour_3e-13_R4.8,0.0,s3*s4,0,-0.26990208905801677,-2.5010505006474344
contour_3e-13_R4.8,0.0,s3*s4,1,-0.3184753159910777,0.7507993239221854
contour_3e-13_R4.8,0.0,s1*s4,0,18.677888148143854,31.35662072201998
contour_3e-13_R4.8,0.0,s1*s4,1,-7.637296027002616,-18.79963221027218
contour_3e-13_R4.8,0.015000000000000013,s1*s2,0,4.340266304629488,2.129902637513091
contour_3e-13_R4.8,0.015000000000000013,s1*s2,1,-8.044569460222796,-2.79017993720384
contour_3e-13_R4.8,0.015000000000000013,s2*s3,0,0.8272532235304791,1.0052028827500452
contour_3e-13_R4.8,0.015000000000000013,s2*s3,1,0.11391287679600187,-0.49167082370829773
contour_3e-13_R4.8,0.015000000000000013,s3*s4,0,-0.26990209672563437,-2.5010504960742086
contour_3e-13_R4.8,0.015000000000000013,s3*s4,1,-0.3184753116584707,0.7507993217814689
contour_3e-13_R4.8,0.015000000000000013,s1*s4,0,18.677888246914065,31.35662057012352
contour_3e-13_R4.8,0.015000000000000013,s1*s4,1,-7.637296086447595,-18.79963213884261
contour_3e-13_R4.8,0.030000000000000027,s1*s2,0,4.34026630171983,2.1299025766660384
contour_3e-13_R4.8,0.030000000000000027,s1*s2,1,-8.0445694639483,-2.790179908497848
contour_3e-13_R4.8,0.030000000000000027,s2*s3,0,0.8272532265210046,1.005202878990627
contour_3e-13_R4.8,0.030000000000000027,s2*s3,1,0.11391287514534335,-0.4916708217854182
contour_3e-13_R4.8,0.030000000000000027,s3*s4,0,-0.26990210533883985,-2.501050490930655
contour_3e-13_R4.8,0.030000000000000027,s3*s4,1,-0.3184753068227452,0.750799319429625
contour_3e-13_R4.8,0.030000000000000027,s1*s4,0,18.677888355721734,31.356620398953346
contour_3e-13_R4.8,0.030000000000000027,s1*s4,1,-7.637296152469654,-18.799632058836494
contour_3e-13_R4.8,0.044999999999999984,s1*s2,0,4.340265569041614,2.129903009381422
contour_3e-13_R4.8,0.044999999999999984,s1*s2,1,-8.044569205519796,-2.79017981231655
contour_3e-13_R4.8,0.044999999999999984,s2*s3,0,0.827253221151228,1.005202837680537
contour_3e-13_R4.8,0.044999999999999984,s2*s3,1,0.11391286242147095,-0.49167081519168465
contour_3e-13_R4.8,0.044999999999999984,s3*s4,0,-0.2699021052114089,-2.5010504447656516
contour_3e-13_R4.8,0.044999999999999984,s3*s4,1,-0.31847529390014434,0.750799318408467
contour_3e-13_R4.8,0.044999999999999984,s1*s4,0,18.677886953730734,31.3566198751056
contour_3e-13_R4.8,0.044999999999999984,s1*s4,1,-7.637296053822833,-18.799631683555138
contour_3e-13_R4.8,0.06,s1*s2,0,4.34026590927104,2.1299023925746168
contour_3e-13_R4.8,0.06,s1*s2,1,-8.04456937154343,-2.790179704523066
contour_3e-13_R4.8,0.06,s2*s3,0,0.8272532406684338,1.0052028425047979
contour_3e-13_R4.8,0.06,s2*s3,1,0.11391286229854712,-0.4916708107738578
contour_3e-13_R4.8,0.06,s3*s4,0,-0.26990214747870067,-2.501050443570001
contour_3e-13_R4.8,0.06,s3*s4,1,-0.3184752798911846,0.7507993073390802
contour_3e-13_R4.8,0.06,s1*s4,0,18.677888252984836,31.356619179603577
contour_3e-13_R4.8,0.06,s1*s4,1,-7.637296424409931,-18.799631489964458
contour_3e-13_R4.8,0.07500000000000001,s1*s2,0,4.3402633590529796,2.12990643284518
contour_3e-13_R4.8,0.07500000000000001,s1*s2,1,-8.04456812572343,-2.790180228340315
contour_3e-13_R4.8,0.07500000000000001,s2*s3,0,0.8272530929072276,1.0052027701606774
contour_3e-13_R4.8,0.07500000000000001,s2*s3,1,0.11391285607703015,-0.4916708127152783
contour_3e-13_R4.8,0.07500000000000001,s3*s4,0,-0.26990187150157086,-2.5010503692008514
contour_3e-13_R4.8,0.07500000000000001,s3*s4,1,-0.31847533852375626,0.7507993390849635
contour_3e-13_R4.8,0.07500000000000001,s1*s4,0,18.677878972974927,31.35662260889336
contour_3e-13_R4.8,0.07500000000000001,s1*s4,1,-7.637294102597207,-18.79963182666774
contour_3e-13_R4.8,0.08999999999999997,s1*s2,0,4.340259246310722,2.129915464439594
contour_3e-13_R4.8,0.08999999999999997,s1*s2,1,-8.044565731869756,-2.790181893056126
contour_3e-13_R4.8,0.08999999999999997,s2*s3,0,0.8272527113193511,1.005202721595033
contour_3e-13_R4.8,0.08999999999999997,s2*s3,1,0.11391288886794779,-0.4916708299538324
contour_3e-13_R4.8,0.08999999999999997,s3*s4,0,-0.26990113428854745,-2.5010503138378364
contour_3e-13_R4.8,0.08999999999999997,s3*s4,1,-0.31847553319500194,0.7507994026132586
contour_3e-13_R4.8,0.08999999999999997,s1*s4,0,18.677859334598384,31.35663321679031
contour_3e-13_R4.8,0.08999999999999997,s1*s4,1,-7.637288288363347,-18.799633674107497
contour_3e-13_R4.8,0.10499999999999998,s1*s2,0,4.34026152456266,2.129915799902193
contour_3e-13_R4.8,0.10499999999999998,s1*s2,1,-8.04456622432716,-2.7901827003109627
contour_3e-13_R4.8,0.10499999999999998,s2*s3,0,0.8272526404548007,1.0052028831150708
contour_3e-13_R4.8,0.10499999999999998,s2*s3,1,0.11391295342786995,-0.4916708526278782
contour_3e-13_R4.8,0.10499999999999998,s3*s4,0,-0.26990096524658685,-2.5010504918711485
contour_3e-13_R4.8,0.10499999999999998,s3*s4,1,-0.3184756295026828,0.7507994054519285
contour_3e-13_R4.8,0.10499999999999998,s1*s4,0,18.677860808019002,31.356638018832278
contour_3e-13_R4.8,0.10499999999999998,s1*s4,1,-7.637287251953931,-18.79963548141677
contour_3e-13_R4.8,0.12,s1*s2,0,4.340271848253454,2.1298955886326816
contour_3e-13_R4.8,0.12,s1*s2,1,-8.044571779092305,-2.7901793320129094
contour_3e-13_R4.8,0.12,s2*s3,0,0.8272535053281981,1.0052030377169383
contour_3e-13_R4.8,0.12,s2*s3,1,0.11391289432828347,-0.49167082537270423
contour_3e-13_R4.8,0.12,s3*s4,0,-0.2699026360340903,-2.5010506983152405
contour_3e-13_R4.8,0.12,s3*s4,1,-0.31847521842165394,0.7507992823973533
contour_3e-13_R4.8,0.12,s1*s4,0,18.67790670045423,31.356615884785636
contour_3e-13_R4.8,0.12,s1*s4,1,-7.637300063305143,-18.799632236640942
contour_3e-13_R4.8,0.135,s1*s2,0,4.3402792211113,2.129870899628251
contour_3e-13_R4.8,0.135,s1*s2,1,-8.044577240577985,-2.7901736140945106
contour_3e-13_R4.8,0.135,s2*s3,0,0.8272546887136604,1.0052028467319867
contour_3e-13_R4.8,0.135,s2*s3,1,0.11391267748528094,-0.49167073594161365
contour_3e-13_R4.8,0.135,s3*s4,0,-0.26990502048899817,-2.5010505276723296
contour_3e-13_R4.8,0.135,s3*s4,1,-0.31847450647668396,0.7507991276683492
contour_3e-13_R4.8,0.135,s1*s4,0,18.677958257282135,31.356578786357865
contour_3e-13_R4.8,0.135,s1*s4,1,-7.637317571519851,-18.799624354257514
contour_3e-13_R4.8,0.15000000000000002,s1*s2,0,4.340273177529931,2.1298829960121903
contour_3e-13_R4.8,0.15000000000000002,s1*s2,1,-8.044573965604792,-2.7901756321600977
contour_3e-13_R4.8,0.15000000000000002,s2*s3,0,0.827254173942617,1.0052027605838179
contour_3e-13_R4.8,0.15000000000000002,s2*s3,1,0.11391270964530709,-0.49167075343800926
contour_3e-13_R4.8,0.15000000000000002,s3*s4,0,-0.2699040243196387,-2.501050417012192
contour_3e-13_R4.8,0.15000000000000002,s3*s4,1,-0.3184747467134356,0.7507992069317125
contour_3e-13_R4.8,0.15000000000000002,s1*s4,0,18.677931053332973,31.356592252692604
contour_3e-13_R4.8,0.15000000000000002,s1*s4,1,-7.637310050552142,-18.799626367190125
contour_3e-13_R4.8,0.16499999999999998,s1*s2,0,4.340268294986229,2.129902694134243
contour_3e-13_R4.8,0.16499999999999998,s1*s2,1,-8.044569892732618,-2.7901804462723696
contour_3e-13_R4.8,0.16499999999999998,s2*s3,0,0.8272532268628887,1.0052029893743517
contour_3e-13_R4.8,0.16499999999999998,s2*s3,1,0.11391290157084655,-0.4916708412026101
contour_3e-13_R4.8,0.16499999999999998,s3*s4,0,-0.26990208253708997,-2.5010506634818923
contour_3e-13_R4.8,0.16499999999999998,s3*s4,1,-0.31847534687755236,0.750799346574728
contour_3e-13_R4.8,0.16499999999999998,s1*s4,0,18.677891206247082,31.35662396381244
contour_3e-13_R4.8,0.16499999999999998,s1*s4,1,-7.6372959639732105,-18.799633491179137
contour_3e-13_R4.8,0.18,s1*s2,0,4.34026843261056,2.129902572807749
contour_3e-13_R4.8,0.18,s1*s2,1,-8.044569916982132,-2.79018042165858
contour_3e-13_R4.8,0.18,s2*s3,0,0.8272532371993169,1.0052029896194214
contour_3e-13_R4.8,0.18,s2*s3,1,0.11391289963629811,-0.49167083890852686
contour_3e-13_R4.8,0.18,s3*s4,0,-0.2699021045795591,-2.5010506698165638
contour_3e-13_R4.8,0.18,s3*s4,1,-0.3184753401872305,0.7507993442938
contour_3e-13_R4.8,0.18,s1*s4,0,18.677891725181585,31.35662388239264
contour_3e-13_R4.8,0.18,s1*s4,1,-7.637296071486283,-18.799633422631324
contour_3e-13_R4.8,0.195,s1*s2,0,4.340268156421608,2.129902967711895
contour_3e-13_R4.8,0.195,s1*s2,1,-8.044569738991486,-2.790180424288676
contour_3e-13_R4.8,0.195,s2*s3,0,0.82725321763888,1.0052029753068634
contour_3e-13_R4.8,0.195,s2*s3,1,0.11391289896104019,-0.49167082981678106
contour_3e-13_R4.8,0.195,s3*s4,0,-0.2699020770332314,-2.5010506462741984
contour_3e-13_R4.8,0.195,s3*s4,1,-0.31847533804830325,0.7507993314471003
contour_3e-13_R4.8,0.195,s1*s4,0,18.677890700849666,31.35662402499702
contour_3e-13_R4.8,0.195,s1*s4,1,-7.637295821018951,-18.799633146869695
contour_3e-13_R4.8,0.20999999999999996,s1*s2,0,4.340268757994033,2.1299025126492888
contour_3e-13_R4.8,0.20999999999999996,s1*s2,1,-8.044569927615461,-2.7901804340855265
contour_3e-13_R4.8,0.20999999999999996,s2*s3,0,0.8272532496934357,1.0052029969049037
contour_3e-13_R4.8,0.20999999999999996,s2*s3,1,0.11391289927960696,-0.491670834235482
contour_3e-13_R4.8,0.20999999999999996,s3*s4,0,-0.2699021311232892,-2.5010506925244793
contour_3e-13_R4.8,0.20999999999999996,s3*s4,1,-0.3184753339170289,0.7507993386511633
contour_3e-13_R4.8,0.20999999999999996,s1*s4,0,18.67789254851641,31.3566241643852
contour_3e-13_R4.8,0.20999999999999996,s1*s4,1,-7.637296115065754,-18.79963335338648
contour_3e-13_R4.8,0.22499999999999998,s1*s2,0,4.340270114418387,2.1299007331772426
contour_3e-13_R4.8,0.22499999999999998,s1*s2,1,-8.044570537737142,-2.7901802695562714
contour_3e-13_R4.8,0.22499999999999998,s2*s3,0,0.8272533673913459,1.0052030312311178
contour_3e-13_R4.8,0.22499999999999998,s2*s3,1,0.11391288696159134,-0.49167085093942126
contour_3e-13_R4.8,0.22499999999999998,s3*s4,0,-0.26990233739684283,-2.5010507889532416
contour_3e-13_R4.8,0.22499999999999998,s3*s4,1,-0.3184753033459073,0.7507993704629862
contour_3e-13_R4.8,0.22499999999999998,s1*s4,0,18.67789813568367,31.356623097671893
contour_3e-13_R4.8,0.22499999999999998,s1*s4,1,-7.637297436571969,-18.799633798925313
contour_3e-13_R4.8,0.24,s1*s2,0,4.340269305037465,2.12990186842441
contour_3e-13_R4.8,0.24,s1*s2,1,-8.044570074690137,-2.7901803159190384
contour_3e-13_R4.8,0.24,s2*s3,0,0.8272533013540745,1.0052030016069111
contour_3e-13_R4.8,0.24,s2*s3,1,0.11391289022136303,-0.49167083088484803
contour_3e-13_R4.8,0.24,s3*s4,0,-0.2699022303564157,-2.5010507267370303
contour_3e-13_R4.8,0.24,s3*s4,1,-0.318475309191663,0.7507993385799528
contour_3e-13_R4.8,0.24,s1*s4,0,18.677894898748796,31.356623691442024
contour_3e-13_R4.8,0.24,s1*s4,1,-7.637296640444282,-18.799633200242344
balanced_contour_1e-08_R4.8,-0.24,s1*s2,0,4.3402648938268795,2.1299044843155146
balanced_contour_1e-08_R4.8,-0.24,s1*s2,1,-8.044568574950482,-2.7901802991561864
balanced_contour_1e-08_R4.8,-0.24,s2*s3,0,0.827253101679836,1.0052027986354264
balanced_contour_1e-08_R4.8,-0.24,s2*s3,1,0.11391290519558002,-0.4916707991413667
balanced_contour_1e-08_R4.8,-0.24,s3*s4,0,-0.2699019375280052,-2.5010503266343225
balanced_contour_1e-08_R4.8,-0.24,s3*s4,1,-0.3184753712372926,0.7507992695692698
balanced_contour_1e-08_R4.8,-0.24,s1*s4,0,18.67788269862168,31.356620657614876
balanced_contour_1e-08_R4.8,-0.24,s1*s4,1,-7.637293885225909,-18.79963164596566
balanced_contour_1e-08_R4.8,-0.22499999999999998,s1*s2,0,4.340265101512003,2.1299039947568676
balanced_contour_1e-08_R4.8,-0.22499999999999998,s1*s2,1,-8.044568736300123,-2.7901801337806336
balanced_contour_1e-08_R4.8,-0.22499999999999998,s2*s3,0,0.8272531372980756,1.005202806069973
balanced_contour_1e-08_R4.8,-0.22499999999999998,s2*s3,1,0.11391289135150579,-0.49167080140250197
balanced_contour_1e-08_R4.8,-0.22499999999999998,s3*s4,0,-0.2699019927686811,-2.501050353295928
balanced_contour_1e-08_R4.8,-0.22499999999999998,s3*s4,1,-0.3184753450492177,0.7507992806011395
balanced_contour_1e-08_R4.8,-0.22499999999999998,s1*s4,0,18.67788402587916,31.35662025241214
balanced_contour_1e-08_R4.8,-0.22499999999999998,s1*s4,1,-7.637294531805568,-18.79963156060592
balanced_contour_1e-08_R4.8,-0.21,s1*s2,0,4.340265024233381,2.1299047857486215
balanced_contour_1e-08_R4.8,-0.21,s1*s2,1,-8.044568493301675,-2.7901802815625225
balanced_contour_1e-08_R4.8,-0.21,s2*s3,0,0.8272531044509619,1.0052027607148026
balanced_contour_1e-08_R4.8,-0.21,s2*s3,1,0.11391288293773968,-0.49167078062538855
balanced_contour_1e-08_R4.8,-0.21,s3*s4,0,-0.26990198970859125,-2.501050291088933
balanced_contour_1e-08_R4.8,-0.21,s3*s4,1,-0.3184753224867997,0.7507992668167959
balanced_contour_1e-08_R4.8,-0.21,s1*s4,0,18.6778830220454,31.35662046746885
balanced_contour_1e-08_R4.8,-0.21,s1*s4,1,-7.637294315332762,-18.799631297918793
balanced_contour_1e-08_R4.8,-0.195,s1*s2,0,4.3402651530660705,2.129904707941539
balanced_contour_1e-08_R4.8,-0.195,s1*s2,1,-8.044568552045947,-2.790180290435661
balanced_contour_1e-08_R4.8,-0.195,s2*s3,0,0.8272531052968624,1.0052027719356242
balanced_contour_1e-08_R4.8,-0.195,s2*s3,1,0.11391288510086886,-0.49167078276031473
balanced_contour_1e-08_R4.8,-0.195,s3*s4,0,-0.2699019851408522,-2.5010503046955206
balanced_contour_1e-08_R4.8,-0.195,s3*s4,1,-0.318475325043271,0.75079926812327
balanced_contour_1e-08_R4.8,-0.195,s1*s4,0,18.677883247058986,31.356620639279726
balanced_contour_1e-08_R4.8,-0.195,s1*s4,1,-7.637294356580996,-18.79963137772259
balanced_contour_1e-08_R4.8,-0.18,s1*s2,0,4.340265176909856,2.129904740409505
balanced_contour_1e-08_R4.8,-0.18,s1*s2,1,-8.044568550437237,-2.7901803459273053
balanced_contour_1e-08_R4.8,-0.18,s2*s3,0,0.8272530905925158,1.0052027878022542
balanced_contour_1e-08_R4.8,-0.18,s2*s3,1,0.11391289631718254,-0.491670786808999
balanced_contour_1e-08_R4.8,-0.18,s3*s4,0,-0.26990194723158567,-2.5010503126836165
balanced_contour_1e-08_R4.8,-0.18,s3*s4,1,-0.3184753460142253,0.7507992641298968
balanced_contour_1e-08_R4.8,-0.18,s1*s4,0,18.677882880956613,31.356620966261396
balanced_contour_1e-08_R4.8,-0.18,s1*s4,1,-7.637294068250137,-18.799631501008673
balanced_contour_1e-08_R4.8,-0.16499999999999998,s1*s2,0,4.340265596495934,2.1299046088406657
balanced_contour_1e-08_R4.8,-0.16499999999999998,s1*s2,1,-8.044568664986299,-2.790180424822517
balanced_contour_1e-08_R4.8,-0.16499999999999998,s2*s3,0,0.8272530755302959,1.0052028132285866
balanced_contour_1e-08_R4.8,-0.16499999999999998,s2*s3,1,0.1139129074288089,-0.4916707858747242
balanced_contour_1e-08_R4.8,-0.16499999999999998,s3*s4,0,-0.2699019188050503,-2.501050327156763
balanced_contour_1e-08_R4.8,-0.16499999999999998,s3*s4,1,-0.31847535540048694,0.7507992547234458
balanced_contour_1e-08_R4.8,-0.16499999999999998,s1*s4,0,18.67788323288793,31.356621412691872
balanced_contour_1e-08_R4.8,-0.16499999999999998,s1*s4,1,-7.637293997875949,-18.799631621296896
balanced_contour_1e-08_R4.8,-0.15,s1*s2,0,4.340272479357264,2.1299027181688928
balanced_contour_1e-08_R4.8,-0.15,s1*s2,1,-8.044570170957314,-2.790182072525185
balanced_contour_1e-08_R4.8,-0.15,s2*s3,0,0.827252697177628,1.0052031955987242
balanced_contour_1e-08_R4.8,-0.15,s2*s3,1,0.11391315031302275,-0.4916707300514142
balanced_contour_1e-08_R4.8,-0.15,s3*s4,0,-0.2699013019166481,-2.501050380464868
balanced_contour_1e-08_R4.8,-0.15,s3*s4,1,-0.31847557120380315,0.7507989905490172
balanced_contour_1e-08_R4.8,-0.15,s1*s4,0,18.67788628501237,31.35662779704736
balanced_contour_1e-08_R4.8,-0.15,s1*s4,1,-7.637290943421523,-18.79963285296225
balanced_contour_1e-08_R4.8,-0.135,s1*s2,0,4.3402713560052995,2.1299026005304817
balanced_contour_1e-08_R4.8,-0.135,s1*s2,1,-8.044570020994616,-2.790181651276216
balanced_contour_1e-08_R4.8,-0.135,s2*s3,0,0.8272527952409353,1.005203132498644
balanced_contour_1e-08_R4.8,-0.135,s2*s3,1,0.11391310224877733,-0.49167074262109123
balanced_contour_1e-08_R4.8,-0.135,s3*s4,0,-0.2699014571812883,-2.5010503899649086
balanced_contour_1e-08_R4.8,-0.135,s3*s4,1,-0.3184755223179234,0.7507990407303774
balanced_contour_1e-08_R4.8,-0.135,s1*s4,0,18.677886775799116,31.356626184748762
balanced_contour_1e-08_R4.8,-0.135,s1*s4,1,-7.637291847467683,-18.799632552519174
balanced_contour_1e-08_R4.8,-0.12,s1*s2,0,4.340264772541468,2.129905215860367
balanced_contour_1e-08_R4.8,-0.12,s1*s2,1,-8.044568474248287,-2.7901803216472154
balanced_contour_1e-08_R4.8,-0.12,s2*s3,0,0.8272531216200483,1.0052027802248864
balanced_contour_1e-08_R4.8,-0.12,s2*s3,1,0.11391287440344175,-0.4916708008124564
balanced_contour_1e-08_R4.8,-0.12,s3*s4,0,-0.2699019779801832,-2.501050359401635
balanced_contour_1e-08_R4.8,-0.12,s3*s4,1,-0.3184753340731936,0.7507993074082494
balanced_contour_1e-08_R4.8,-0.12,s1*s4,0,18.67788262047164,31.35662158409192
balanced_contour_1e-08_R4.8,-0.12,s1*s4,1,-7.637294336956733,-18.799631826136075
balanced_contour_1e-08_R4.8,-0.10499999999999998,s1*s2,0,4.3402614263802155,2.1299072245962307
balanced_contour_1e-08_R4.8,-0.10499999999999998,s1*s2,1,-8.04456760173466,-2.7901798664729336
balanced_contour_1e-08_R4.8,-0.10499999999999998,s2*s3,0,0.8272532522368417,1.005202616363313
balanced_contour_1e-08_R4.8,-0.10499999999999998,s2*s3,1,0.11391276493813146,-0.4916708361522055
balanced_contour_1e-08_R4.8,-0.10499999999999998,s3*s4,0,-0.2699021723211161,-2.501050360560155
balanced_contour_1e-08_R4.8,-0.10499999999999998,s3*s4,1,-0.318475259226883,0.7507994549972263
balanced_contour_1e-08_R4.8,-0.10499999999999998,s1*s4,0,18.677879335105303,31.356620567230625
balanced_contour_1e-08_R4.8,-0.10499999999999998,s1*s4,1,-7.637295174076513,-18.799631884867548
balanced_contour_1e-08_R4.8,-0.09,s1*s2,0,4.340263028336077,2.1299064001847103
balanced_contour_1e-08_R4.8,-0.09,s1*s2,1,-8.044568052293739,-2.790180116818079
balanced_contour_1e-08_R4.8,-0.09,s2*s3,0,0.8272531944876629,1.0052027083324255
balanced_contour_1e-08_R4.8,-0.09,s2*s3,1,0.11391281391186323,-0.4916708280320039
balanced_contour_1e-08_R4.8,-0.09,s3*s4,0,-0.2699020704101085,-2.5010503918103213
balanced_contour_1e-08_R4.8,-0.09,s3*s4,1,-0.3184752984850172,0.7507994026249377
balanced_contour_1e-08_R4.8,-0.09,s1*s4,0,18.677880867562266,31.356621602008477
balanced_contour_1e-08_R4.8,-0.09,s1*s4,1,-7.6372948405775,-18.79963213297845
balanced_contour_1e-08_R4.8,-0.07500000000000001,s1*s2,0,4.340265687286257,2.1299043846923618
balanced_contour_1e-08_R4.8,-0.07500000000000001,s1*s2,1,-8.044568882854112,-2.7901803264603457
balanced_contour_1e-08_R4.8,-0.07500000000000001,s2*s3,0,0.8272531312845051,1.0052028428114157
balanced_contour_1e-08_R4.8,-0.07500000000000001,s2*s3,1,0.11391288890629674,-0.4916708083667541
balanced_contour_1e-08_R4.8,-0.07500000000000001,s3*s4,0,-0.26990197109352854,-2.5010504213905747
balanced_contour_1e-08_R4.8,-0.07500000000000001,s3*s4,1,-0.3184753426458593,0.750799303724221
balanced_contour_1e-08_R4.8,-0.07500000000000001,s1*s4,0,18.677884527915158,31.356621978118724
balanced_contour_1e-08_R4.8,-0.07500000000000001,s1*s4,1,-7.637294702395862,-18.799632131497727
balanced_contour_1e-08_R4.8,-0.06,s1*s2,0,4.34026627986652,2.1299038882553027
balanced_contour_1e-08_R4.8,-0.06,s1*s2,1,-8.044569141736668,-2.79018034785058
balanced_contour_1e-08_R4.8,-0.06,s2*s3,0,0.8272531381359053,1.005202883050361
balanced_contour_1e-08_R4.8,-0.06,s2*s3,1,0.11391289885109196,-0.49167081523755557
balanced_contour_1e-08_R4.8,-0.06,s3*s4,0,-0.2699019676664619,-2.501050463911758
balanced_contour_1e-08_R4.8,-0.06,s3*s4,1,-0.31847535158049073,0.7507993044681759
balanced_contour_1e-08_R4.8,-0.06,s1*s4,0,18.677885755699023,31.35662230314893
balanced_contour_1e-08_R4.8,-0.06,s1*s4,1,-7.637294897768095,-18.79963239685504
balanced_contour_1e-08_R4.8,-0.044999999999999984,s1*s2,0,4.340266417731472,2.1299038024084807
balanced_contour_1e-08_R4.8,-0.044999999999999984,s1*s2,1,-8.044569241959712,-2.7901803536736374
balanced_contour_1e-08_R4.8,-0.044999999999999984,s2*s3,0,0.8272531491836478,1.0052029000848945
balanced_contour_1e-08_R4.8,-0.044999999999999984,s2*s3,1,0.11391289791961823,-0.4916708244340513
balanced_contour_1e-08_R4.8,-0.044999999999999984,s3*s4,0,-0.26990197170454394,-2.501050496987149
balanced_contour_1e-08_R4.8,-0.044999999999999984,s3*s4,1,-0.31847535551847866,0.7507993194100359
balanced_contour_1e-08_R4.8,-0.044999999999999984,s1*s4,0,18.677886185249815,31.356622640340255
balanced_contour_1e-08_R4.8,-0.044999999999999984,s1*s4,1,-7.637295041620225,-18.799632657320746
balanced_contour_1e-08_R4.8,-0.03,s1*s2,0,4.340266141094442,2.1299030794373115
balanced_contour_1e-08_R4.8,-0.03,s1*s2,1,-8.04456931129854,-2.7901800023269905
balanced_contour_1e-08_R4.8,-0.03,s2*s3,0,0.8272532006429327,1.0052028667405306
balanced_contour_1e-08_R4.8,-0.03,s2*s3,1,0.1139128769028429,-0.4916708171540334
balanced_contour_1e-08_R4.8,-0.03,s3*s4,0,-0.26990207186446097,-2.5010504691671502
balanced_contour_1e-08_R4.8,-0.03,s3*s4,1,-0.3184753122574618,0.7507993149929914
balanced_contour_1e-08_R4.8,-0.03,s1*s4,0,18.677887333101996,31.35662080049233
balanced_contour_1e-08_R4.8,-0.03,s1*s4,1,-7.637295824597375,-18.799632036400965
balanced_contour_1e-08_R4.8,-0.015000000000000013,s1*s2,0,4.340266346669495,2.129902880149359
balanced_contour_1e-08_R4.8,-0.015000000000000013,s1*s2,1,-8.044569447652796,-2.790179987591492
balanced_contour_1e-08_R4.8,-0.015000000000000013,s2*s3,0,0.8272532195589383,1.0052028816715486
balanced_contour_1e-08_R4.8,-0.015000000000000013,s2*s3,1,0.11391287293381186,-0.49167082456642736
balanced_contour_1e-08_R4.8,-0.015000000000000013,s3*s4,0,-0.2699020934544424,-2.5010505025615135
balanced_contour_1e-08_R4.8,-0.015000000000000013,s3*s4,1,-0.31847530790417033,0.7507993298815028
balanced_contour_1e-08_R4.8,-0.015000000000000013,s1*s4,0,18.67788811588593,31.35662097155199
balanced_contour_1e-08_R4.8,-0.015000000000000013,s1*s4,1,-7.63729611512193,-18.79963225796685
balanced_contour_1e-08_R4.8,0.0,s1*s2,0,4.3402663059037465,2.1299026921406656
balanced_contour_1e-08_R4.8,0.0,s1*s2,1,-8.04456945637084,-2.790179962719505
balanced_contour_1e-08_R4.8,0.0,s2*s3,0,0.8272532208895128,1.0052028860626396
balanced_contour_1e-08_R4.8,0.0,s2*s3,1,0.11391287824863114,-0.4916708254420842
balanced_contour_1e-08_R4.8,0.0,s3*s4,0,-0.2699020890580166,-2.5010505006474344
balanced_contour_1e-08_R4.8,0.0,s3*s4,1,-0.3184753159910778,0.7507993239221848
balanced_contour_1e-08_R4.8,0.0,s1*s4,0,18.677888148143847,31.356620722019976
balanced_contour_1e-08_R4.8,0.0,s1*s4,1,-7.637296027002613,-18.799632210272172
balanced_contour_1e-08_R4.8,0.015000000000000013,s1*s2,0,4.340266357343412,2.1299023833949455
balanced_contour_1e-08_R4.8,0.015000000000000013,s1*s2,1,-8.044569535537574,-2.7901798816969725
balanced_contour_1e-08_R4.8,0.015000000000000013,s2*s3,0,0.8272532384377468,1.0052028857541035
balanced_contour_1e-08_R4.8,0.015000000000000013,s2*s3,1,0.11391287463913734,-0.4916708259993753
balanced_contour_1e-08_R4.8,0.015000000000000013,s3*s4,0,-0.26990211841186934,-2.5010505044436897
balanced_contour_1e-08_R4.8,0.015000000000000013,s3*s4,1,-0.31847530709532,0.7507993249626803
balanced_contour_1e-08_R4.8,0.015000000000000013,s1*s4,0,18.67788876900343,31.35662029472768
balanced_contour_1e-08_R4.8,0.015000000000000013,s1*s4,1,-7.637296280097566,-18.79963214062252
balanced_contour_1e-08_R4.8,0.030000000000000027,s1*s2,0,4.340266576586842,2.129902144061737
balanced_contour_1e-08_R4.8,0.030000000000000027,s1*s2,1,-8.044569645186035,-2.790179866744843
balanced_contour_1e-08_R4.8,0.030000000000000027,s2*s3,0,0.8272532501266083,1.0052028948178944
balanced_contour_1e-08_R4.8,0.030000000000000027,s2*s3,1,0.1139128743277828,-0.49167082793994565
balanced_contour_1e-08_R4.8,0.030000000000000027,s3*s4,0,-0.2699021370686487,-2.5010505192804873
balanced_contour_1e-08_R4.8,0.030000000000000027,s3*s4,1,-0.3184753031958454,0.7507993277558944
balanced_contour_1e-08_R4.8,0.030000000000000027,s1*s4,0,18.677889474641432,31.356620242636296
balanced_contour_1e-08_R4.8,0.030000000000000027,s1*s4,1,-7.6372964754387,-18.799632214056857
balanced_contour_1e-08_R4.8,0.044999999999999984,s1*s2,0,4.340266188595813,2.1299021096317414
balanced_contour_1e-08_R4.8,0.044999999999999984,s1*s2,1,-8.044569574023292,-2.7901797290972485
balanced_contour_1e-08_R4.8,0.044999999999999984,s2*s3,0,0.8272532668620995,1.005202868228349
balanced_contour_1e-08_R4.8,0.044999999999999984,s2*s3,1,0.11391286117370436,-0.4916708252963636
balanced_contour_1e-08_R4.8,0.044999999999999984,s3*s4,0,-0.26990217144508055,-2.50105049669122
balanced_contour_1e-08_R4.8,0.044999999999999984,s3*s4,1,-0.3184752844151167,0.750799331494005
balanced_contour_1e-08_R4.8,0.044999999999999984,s1*s4,0,18.67788930530625,31.35661950766922
balanced_contour_1e-08_R4.8,0.044999999999999984,s1*s4,1,-7.637296713297979,-18.799631949293147
balanced_contour_1e-08_R4.8,0.06,s1*s2,0,4.3402662153665865,2.129901621078156
balanced_contour_1e-08_R4.8,0.06,s1*s2,1,-8.044569680350877,-2.7901795557060667
balanced_contour_1e-08_R4.8,0.06,s2*s3,0,0.827253298243809,1.005202856286121
balanced_contour_1e-08_R4.8,0.06,s2*s3,1,0.11391284950458155,-0.4916708228481441
balanced_contour_1e-08_R4.8,0.06,s3*s4,0,-0.2699022332055547,-2.501050490100631
balanced_contour_1e-08_R4.8,0.06,s3*s4,1,-0.318475258819715,0.7507993326925878
balanced_contour_1e-08_R4.8,0.06,s1*s4,0,18.677890327460727,31.356618580852764
balanced_contour_1e-08_R4.8,0.06,s1*s4,1,-7.637297246695413,-18.79963171113335
balanced_contour_1e-08_R4.8,0.07500000000000001,s1*s2,0,4.340265171339561,2.129902909613447
balanced_contour_1e-08_R4.8,0.07500000000000001,s1*s2,1,-8.044569197198886,-2.790179789269482
balanced_contour_1e-08_R4.8,0.07500000000000001,s2*s3,0,0.8272532249618,1.0052028461102973
balanced_contour_1e-08_R4.8,0.07500000000000001,s2*s3,1,0.11391286862863556,-0.4916708300846536
balanced_contour_1e-08_R4.8,0.07500000000000001,s3*s4,0,-0.2699020813311696,-2.5010504545909176
balanced_contour_1e-08_R4.8,0.07500000000000001,s3*s4,1,-0.31847531992810424,0.7507993316191992
balanced_contour_1e-08_R4.8,0.07500000000000001,s1*s4,0,18.677886349731697,31.35661969114671
balanced_contour_1e-08_R4.8,0.07500000000000001,s1*s4,1,-7.637295844260809,-18.79963192031248
balanced_contour_1e-08_R4.8,0.08999999999999997,s1*s2,0,4.340261248697825,2.1299095889930784
balanced_contour_1e-08_R4.8,0.08999999999999997,s1*s2,1,-8.044567225653685,-2.7901807619031533
balanced_contour_1e-08_R4.8,0.08999999999999997,s2*s3,0,0.8272529615875612,1.0052027547118254
balanced_contour_1e-08_R4.8,0.08999999999999997,s2*s3,1,0.11391287181833808,-0.4916708362722181
balanced_contour_1e-08_R4.8,0.08999999999999997,s3*s4,0,-0.26990158081921917,-2.501050351781247
balanced_contour_1e-08_R4.8,0.08999999999999997,s3*s4,1,-0.318475435501064,0.7507993789693463
balanced_contour_1e-08_R4.8,0.08999999999999997,s1*s4,0,18.677870972581594,31.35662600794448
balanced_contour_1e-08_R4.8,0.08999999999999997,s1*s4,1,-7.637291805051349,-18.799632701904375
balanced_contour_1e-08_R4.8,0.10499999999999998,s1*s2,0,4.340260486351115,2.1299140107756322
balanced_contour_1e-08_R4.8,0.10499999999999998,s1*s2,1,-8.044566364362188,-2.7901819191955717
balanced_contour_1e-08_R4.8,0.10499999999999998,s2*s3,0,0.8272527473689776,1.0052028114468756
balanced_contour_1e-08_R4.8,0.10499999999999998,s2*s3,1,0.11391291540589552,-0.49167085335636423
balanced_contour_1e-08_R4.8,0.10499999999999998,s3*s4,0,-0.2699011535324122,-2.5010504142725782
balanced_contour_1e-08_R4.8,0.10499999999999998,s3*s4,1,-0.3184755655960195,0.7507994100871396
balanced_contour_1e-08_R4.8,0.10499999999999998,s1*s4,0,18.677862547298126,31.356633404782162
balanced_contour_1e-08_R4.8,0.10499999999999998,s1*s4,1,-7.637288698160258,-18.799634404516063
balanced_contour_1e-08_R4.8,0.12,s1*s2,0,4.340267634921332,2.1299027100452075
balanced_contour_1e-08_R4.8,0.12,s1*s2,1,-8.044569796961444,-2.7901804363401466
balanced_contour_1e-08_R4.8,0.12,s2*s3,0,0.8272532105097755,1.0052029817133548
balanced_contour_1e-08_R4.8,0.12,s2*s3,1,0.11391291132927427,-0.49167085014681433
balanced_contour_1e-08_R4.8,0.12,s3*s4,0,-0.2699020340066679,-2.50105063236821
balanced_contour_1e-08_R4.8,0.12,s3*s4,1,-0.3184753758108173,0.7507993475715407
balanced_contour_1e-08_R4.8,0.12,s1*s4,0,18.677889743806,31.356623402788433
balanced_contour_1e-08_R4.8,0.12,s1*s4,1,-7.6372955511726754,-18.799633561914057
balanced_contour_1e-08_R4.8,0.135,s1*s2,0,4.340276760014578,2.1298821105719763
balanced_contour_1e-08_R4.8,0.135,s1*s2,1,-8.044574757886526,-2.7901764008497043
balanced_contour_1e-08_R4.8,0.135,s2*s3,0,0.827254141239089,1.005202948404081
balanced_contour_1e-08_R4.8,0.135,s2*s3,1,0.11391279109766893,-0.4916707555499841
balanced_contour_1e-08_R4.8,0.135,s3*s4,0,-0.26990395150565905,-2.5010506186058445
balanced_contour_1e-08_R4.8,0.135,s3*s4,1,-0.3184748287397243,0.7507991603657922
balanced_contour_1e-08_R4.8,0.135,s1*s4,0,18.677936101173845,31.356596356169643
balanced_contour_1e-08_R4.8,0.135,s1*s4,1,-7.637309306973143,-18.799627744218533
balanced_contour_1e-08_R4.8,0.15000000000000002,s1*s2,0,4.340274765902683,2.129882282766233
balanced_contour_1e-08_R4.8,0.15000000000000002,s1*s2,1,-8.044574082198992,-2.790175775062698
balanced_contour_1e-08_R4.8,0.15000000000000002,s2*s3,0,0.8272541727960308,1.0052027805744344
balanced_contour_1e-08_R4.8,0.15000000000000002,s2*s3,1,0.11391273604156242,-0.4916707117688215
balanced_contour_1e-08_R4.8,0.15000000000000002,s3*s4,0,-0.2699040836999969,-2.5010504141561873
balanced_contour_1e-08_R4.8,0.15000000000000002,s3*s4,1,-0.3184747323357248,0.7507991250339409
balanced_contour_1e-08_R4.8,0.15000000000000002,s1*s4,0,18.677934064374796,31.356592251576075
balanced_contour_1e-08_R4.8,0.15000000000000002,s1*s4,1,-7.637309838439891,-18.79962566497796
balanced_contour_1e-08_R4.8,0.16499999999999998,s1*s2,0,4.340268753946195,2.1299057962904895
balanced_contour_1e-08_R4.8,0.16499999999999998,s1*s2,1,-8.044569026635179,-2.7901813325221148
balanced_contour_1e-08_R4.8,0.16499999999999998,s2*s3,0,0.8272530366449615,1.0052030106989243
balanced_contour_1e-08_R4.8,0.16499999999999998,s2*s3,1,0.11391295560001598,-0.49167078483428084
balanced_contour_1e-08_R4.8,0.16499999999999998,s3*s4,0,-0.26990179676751935,-2.5010506395590886
balanced_contour_1e-08_R4.8,0.16499999999999998,s3*s4,1,-0.3184754084885302,0.750799246553015
balanced_contour_1e-08_R4.8,0.16499999999999998,s1*s4,0,18.67788628180233,31.356629076672014
balanced_contour_1e-08_R4.8,0.16499999999999998,s1*s4,1,-7.637293147819175,-18.799633121112624
balanced_contour_1e-08_R4.8,0.18,s1*s2,0,4.340269456253685,2.1299072200298044
balanced_contour_1e-08_R4.8,0.18,s1*s2,1,-8.044568734652337,-2.7901818971606085
balanced_contour_1e-08_R4.8,0.18,s2*s3,0,0.8272529492601874,1.0052030656633404
balanced_contour_1e-08_R4.8,0.18,s2*s3,1,0.1139129949962022,-0.4916707706917686
balanced_contour_1e-08_R4.8,0.18,s3*s4,0,-0.2699016396438022,-2.501050695272513
balanced_contour_1e-08_R4.8,0.18,s3*s4,1,-0.31847546618112826,0.7507992094978453
balanced_contour_1e-08_R4.8,0.18,s1*s4,0,18.67788464411433,31.356632628600604
balanced_contour_1e-08_R4.8,0.18,s1*s4,1,-7.6372915896846285,-18.799633452747113
balanced_contour_1e-08_R4.8,0.195,s1*s2,0,4.340270195474657,2.1299094465614803
balanced_contour_1e-08_R4.8,0.195,s1*s2,1,-8.04456824517973,-2.7901826508910115
balanced_contour_1e-08_R4.8,0.195,s2*s3,0,0.8272528197410656,1.005203134926449
balanced_contour_1e-08_R4.8,0.195,s2*s3,1,0.11391304569133483,-0.49167074854770004
balanced_contour_1e-08_R4.8,0.195,s3*s4,0,-0.26990140470641816,-2.501050765091213
balanced_contour_1e-08_R4.8,0.195,s3*s4,1,-0.3184755418689595,0.7507991570969075
balanced_contour_1e-08_R4.8,0.195,s1*s4,0,18.677881693443425,31.356637682129286
balanced_contour_1e-08_R4.8,0.195,s1*s4,1,-7.637289392693658,-18.7996337846294
balanced_contour_1e-08_R4.8,0.20999999999999996,s1*s2,0,4.340267572828973,2.129918909676902
balanced_contour_1e-08_R4.8,0.20999999999999996,s1*s2,1,-8.04456472348477,-2.7901840277842243
balanced_contour_1e-08_R4.8,0.20999999999999996,s2*s3,0,0.8272521951730261,1.0052030601887356
balanced_contour_1e-08_R4.8,0.20999999999999996,s2*s3,1,0.11391316654769622,-0.49167053582426223
balanced_contour_1e-08_R4.8,0.20999999999999996,s3*s4,0,-0.2699004219555575,-2.501050426103727
balanced_contour_1e-08_R4.8,0.20999999999999996,s3*s4,1,-0.3184756604762316,0.7507987720376189
balanced_contour_1e-08_R4.8,0.20999999999999996,s1*s4,0,18.67785945160217,31.35664801802775
balanced_contour_1e-08_R4.8,0.20999999999999996,s1*s4,1,-7.637281094225476,-18.79962925584839
balanced_contour_1e-08_R4.8,0.22499999999999998,s1*s2,0,4.340263277031321,2.1299200278868877
balanced_contour_1e-08_R4.8,0.22499999999999998,s1*s2,1,-8.044563198743965,-2.7901828958500166
balanced_contour_1e-08_R4.8,0.22499999999999998,s2*s3,0,0.82725206916529,1.005202774565267
balanced_contour_1e-08_R4.8,0.22499999999999998,s2*s3,1,0.1139131135784604,-0.49167041382112603
balanced_contour_1e-08_R4.8,0.22499999999999998,s3*s4,0,-0.26990033961336424,-2.5010499143768374
balanced_contour_1e-08_R4.8,0.22499999999999998,s3*s4,1,-0.3184755202878563,0.7507985929613631
balanced_contour_1e-08_R4.8,0.22499999999999998,s1*s4,0,18.677850205870477,31.356641076457407
balanced_contour_1e-08_R4.8,0.22499999999999998,s1*s4,1,-7.6372807684898945,-18.79962419762308
balanced_contour_1e-08_R4.8,0.24,s1*s2,0,4.340264145016098,2.1299252196806533
balanced_contour_1e-08_R4.8,0.24,s1*s2,1,-8.044561862609363,-2.7901844079723532
balanced_contour_1e-08_R4.8,0.24,s2*s3,0,0.8272517329419167,1.0052029352374938
balanced_contour_1e-08_R4.8,0.24,s2*s3,1,0.11391324027531315,-0.4916703532562573
balanced_contour_1e-08_R4.8,0.24,s3*s4,0,-0.2698997000040394,-2.5010500342234563
balanced_contour_1e-08_R4.8,0.24,s3*s4,1,-0.3184757079036814,0.7507984351602008
balanced_contour_1e-08_R4.8,0.24,s1*s4,0,18.677841119975707,31.35665222138076
balanced_contour_1e-08_R4.8,0.24,s1*s4,1,-7.637275301508635,-18.799624211282868
balanced_contour_1e-10_R4.8,-0.24,s1*s2,0,4.340266293531146,2.129902714572589
balanced_contour_1e-10_R4.8,-0.24,s1*s2,1,-8.044569446099944,-2.790179969649474
balanced_contour_1e-10_R4.8,-0.24,s2*s3,0,0.827253219409414,1.0052028850034105
balanced_contour_1e-10_R4.8,-0.24,s2*s3,1,0.11391287860215511,-0.49167082488998376
balanced_contour_1e-10_R4.8,-0.24,s3*s4,0,-0.2699020874092357,-2.5010504985532576
balanced_contour_1e-10_R4.8,-0.24,s3*s4,1,-0.3184753164265227,0.7507993230445256
balanced_contour_1e-10_R4.8,-0.24,s1*s4,0,18.677888089247542,31.356620724768025
balanced_contour_1e-10_R4.8,-0.24,s1*s4,1,-7.637296000912828,-18.799632203570432
balanced_contour_1e-10_R4.8,-0.22499999999999998,s1*s2,0,4.340266326969429,2.1299026953100646
balanced_contour_1e-10_R4.8,-0.22499999999999998,s1*s2,1,-8.04456944994645,-2.7901799772187865
balanced_contour_1e-10_R4.8,-0.22499999999999998,s2*s3,0,0.8272532159355988,1.005202886884038
balanced_contour_1e-10_R4.8,-0.22499999999999998,s2*s3,1,0.11391288065830746,-0.4916708239628734
balanced_contour_1e-10_R4.8,-0.22499999999999998,s3*s4,0,-0.26990208207285227,-2.5010504964905778
balanced_contour_1e-10_R4.8,-0.22499999999999998,s3*s4,1,-0.31847531817085467,0.7507993197964855
balanced_contour_1e-10_R4.8,-0.22499999999999998,s1*s4,0,18.677888074803814,31.35662073031106
balanced_contour_1e-10_R4.8,-0.22499999999999998,s1*s4,1,-7.637295965202583,-18.799632188695536
balanced_contour_1e-10_R4.8,-0.21,s1*s2,0,4.340266291327184,2.129902729970017
balanced_contour_1e-10_R4.8,-0.21,s1*s2,1,-8.044569446418246,-2.7901799720833087
balanced_contour_1e-10_R4.8,-0.21,s2*s3,0,0.8272532199634216,1.0052028848578727
balanced_contour_1e-10_R4.8,-0.21,s2*s3,1,0.11391287811364717,-0.4916708252793466
balanced_contour_1e-10_R4.8,-0.21,s3*s4,0,-0.26990208819892003,-2.501050499743465
balanced_contour_1e-10_R4.8,-0.21,s3*s4,1,-0.3184753161558544,0.7507993242794153
balanced_contour_1e-10_R4.8,-0.21,s1*s4,0,18.67788808978888,31.356620750229926
balanced_contour_1e-10_R4.8,-0.21,s1*s4,1,-7.637296008469581,-18.79963221867386
balanced_contour_1e-10_R4.8,-0.195,s1*s2,0,4.340266290203921,2.129902730896229
balanced_contour_1e-10_R4.8,-0.195,s1*s2,1,-8.044569447098803,-2.7901799714856166
balanced_contour_1e-10_R4.8,-0.195,s2*s3,0,0.8272532202704891,1.0052028848760846
balanced_contour_1e-10_R4.8,-0.195,s2*s3,1,0.1139128779542819,-0.49167082542998686
balanced_contour_1e-10_R4.8,-0.195,s3*s4,0,-0.2699020885594768,-2.5010505001584056
balanced_contour_1e-10_R4.8,-0.195,s3*s4,1,-0.31847531605936896,0.7507993246476844
balanced_contour_1e-10_R4.8,-0.195,s1*s4,0,18.677888093716042,31.35662075321947
balanced_contour_1e-10_R4.8,-0.195,s1*s4,1,-7.637296012543887,-18.79963222197439
balanced_contour_1e-10_R4.8,-0.18,s1*s2,0,4.3402663029343636,2.1299027144129496
balanced_contour_1e-10_R4.8,-0.18,s1*s2,1,-8.044569450347936,-2.7901799709287545
balanced_contour_1e-10_R4.8,-0.18,s2*s3,0,0.8272532194753075,1.0052028856826218
balanced_contour_1e-10_R4.8,-0.18,s2*s3,1,0.11391287861709726,-0.4916708251652724
balanced_contour_1e-10_R4.8,-0.18,s3*s4,0,-0.2699020872187422,-2.5010504996305314
balanced_contour_1e-10_R4.8,-0.18,s3*s4,1,-0.3184753165462352,0.7507993235043852
balanced_contour_1e-10_R4.8,-0.18,s1*s4,0,18.677888103601187,31.35662074399886
balanced_contour_1e-10_R4.8,-0.18,s1*s4,1,-7.637296005917196,-18.799632213718475
balanced_contour_1e-10_R4.8,-0.16499999999999998,s1*s2,0,4.340266301340671,2.129902709020069
balanced_contour_1e-10_R4.8,-0.16499999999999998,s1*s2,1,-8.044569451585872,-2.7901799688001336
balanced_contour_1e-10_R4.8,-0.16499999999999998,s2*s3,0,0.8272532198486084,1.005202885818828
balanced_contour_1e-10_R4.8,-0.16499999999999998,s2*s3,1,0.11391287856342822,-0.49167082531681117
balanced_contour_1e-10_R4.8,-0.16499999999999998,s3*s4,0,-0.2699020875410528,-2.5010504999664063
balanced_contour_1e-10_R4.8,-0.16499999999999998,s3*s4,1,-0.3184753165687852,0.7507993236789313
balanced_contour_1e-10_R4.8,-0.16499999999999998,s1*s4,0,18.677888110781897,31.356620738564253
balanced_contour_1e-10_R4.8,-0.16499999999999998,s1*s4,1,-7.63729600953006,-18.799632214119526
balanced_contour_1e-10_R4.8,-0.15,s1*s2,0,4.340266356806374,2.129902674026659
balanced_contour_1e-10_R4.8,-0.15,s1*s2,1,-8.044569465071229,-2.7901799761920394
balanced_contour_1e-10_R4.8,-0.15,s2*s3,0,0.8272532169887912,1.0052028886782431
balanced_contour_1e-10_R4.8,-0.15,s2*s3,1,0.11391288067194717,-0.49167082453296673
balanced_contour_1e-10_R4.8,-0.15,s3*s4,0,-0.2699020831665427,-2.5010504992845064
balanced_contour_1e-10_R4.8,-0.15,s3*s4,1,-0.31847531805796014,0.7507993206053408
balanced_contour_1e-10_R4.8,-0.15,s1*s4,0,18.677888150780426,31.356620751903886
balanced_contour_1e-10_R4.8,-0.15,s1*s4,1,-7.63729598886844,-18.799632206693904
balanced_contour_1e-10_R4.8,-0.135,s1*s2,0,4.340266271673181,2.129902737149063
balanced_contour_1e-10_R4.8,-0.135,s1*s2,1,-8.044569442708568,-2.7901799673864582
balanced_contour_1e-10_R4.8,-0.135,s2*s3,0,0.8272532209218486,1.0052028842684628
balanced_contour_1e-10_R4.8,-0.135,s2*s3,1,0.11391287749101223,-0.4916708257056259
balanced_contour_1e-10_R4.8,-0.135,s3*s4,0,-0.2699020892138553,-2.5010505002666195
balanced_contour_1e-10_R4.8,-0.135,s3*s4,1,-0.31847531591137657,0.7507993253400443
balanced_contour_1e-10_R4.8,-0.135,s1*s4,0,18.677888075005825,31.356620745036626
balanced_contour_1e-10_R4.8,-0.135,s1*s4,1,-7.637296015356124,-18.799632220724245
balanced_contour_1e-10_R4.8,-0.12,s1*s2,0,4.340266279524528,2.129902726278078
balanced_contour_1e-10_R4.8,-0.12,s1*s2,1,-8.04456944539063,-2.790179966535455
balanced_contour_1e-10_R4.8,-0.12,s2*s3,0,0.8272532206585412,1.0052028846882535
balanced_contour_1e-10_R4.8,-0.12,s2*s3,1,0.11391287779252036,-0.4916708255599264
balanced_contour_1e-10_R4.8,-0.12,s3*s4,0,-0.26990208880336447,-2.501050500049445
balanced_contour_1e-10_R4.8,-0.12,s3*s4,1,-0.31847531604091334,0.7507993247578088
balanced_contour_1e-10_R4.8,-0.12,s1*s4,0,18.67788808664461,31.356620737657693
balanced_contour_1e-10_R4.8,-0.12,s1*s4,1,-7.637296014880195,-18.799632216023177
balanced_contour_1e-10_R4.8,-0.10499999999999998,s1*s2,0,4.34026629493091,2.1299027051792634
balanced_contour_1e-10_R4.8,-0.10499999999999998,s1*s2,1,-8.044569451020832,-2.7901799647731327
balanced_contour_1e-10_R4.8,-0.10499999999999998,s2*s3,0,0.8272532203991655,1.0052028853728179
balanced_contour_1e-10_R4.8,-0.10499999999999998,s2*s3,1,0.11391287826690512,-0.49167082529524103
balanced_contour_1e-10_R4.8,-0.10499999999999998,s3*s4,0,-0.26990208852318864,-2.501050499725556
balanced_contour_1e-10_R4.8,-0.10499999999999998,s3*s4,1,-0.31847531613165264,0.7507993237747386
balanced_contour_1e-10_R4.8,-0.10499999999999998,s1*s4,0,18.67788811548739,31.356620721988175
balanced_contour_1e-10_R4.8,-0.10499999999999998,s1*s4,1,-7.63729601698917,-18.79963220788082
balanced_contour_1e-10_R4.8,-0.09,s1*s2,0,4.340266322061258,2.1299026929878595
balanced_contour_1e-10_R4.8,-0.09,s1*s2,1,-8.044569458439003,-2.7901799691253353
balanced_contour_1e-10_R4.8,-0.09,s2*s3,0,0.8272532195413246,1.0052028867694947
balanced_contour_1e-10_R4.8,-0.09,s2*s3,1,0.11391287899767588,-0.4916708251540197
balanced_contour_1e-10_R4.8,-0.09,s3*s4,0,-0.2699020871437493,-2.5010505002488754
balanced_contour_1e-10_R4.8,-0.09,s3*s4,1,-0.31847531666213497,0.7507993229983834
balanced_contour_1e-10_R4.8,-0.09,s1*s4,0,18.6778881438676,31.356620739831563
balanced_contour_1e-10_R4.8,-0.09,s1*s4,1,-7.637296013003439,-18.799632212596986
balanced_contour_1e-10_R4.8,-0.07500000000000001,s1*s2,0,4.340266366958648,2.129902668830003
balanced_contour_1e-10_R4.8,-0.07500000000000001,s1*s2,1,-8.044569471030629,-2.7901799752715073
balanced_contour_1e-10_R4.8,-0.07500000000000001,s2*s3,0,0.8272532183424451,1.0052028889916884
balanced_contour_1e-10_R4.8,-0.07500000000000001,s2*s3,1,0.1139128802026429,-0.49167082488603064
balanced_contour_1e-10_R4.8,-0.07500000000000001,s3*s4,0,-0.2699020852951084,-2.5010505010326898
balanced_contour_1e-10_R4.8,-0.07500000000000001,s3*s4,1,-0.31847531747446395,0.7507993216166484
balanced_contour_1e-10_R4.8,-0.07500000000000001,s1*s4,0,18.677888198016753,31.35662076168384
balanced_contour_1e-10_R4.8,-0.07500000000000001,s1*s4,1,-7.637296007778824,-18.799632218027963
balanced_contour_1e-10_R4.8,-0.06,s1*s2,0,4.34026625647745,2.129902746429739
balanced_contour_1e-10_R4.8,-0.06,s1*s2,1,-8.044569437280147,-2.7901799646973307
balanced_contour_1e-10_R4.8,-0.06,s2*s3,0,0.8272532207256671,1.0052028835441071
balanced_contour_1e-10_R4.8,-0.06,s2*s3,1,0.11391287721370823,-0.49167082560440545
balanced_contour_1e-10_R4.8,-0.06,s3*s4,0,-0.2699020889379336,-2.5010504994183465
balanced_contour_1e-10_R4.8,-0.06,s3*s4,1,-0.3184753156654088,0.7507993253488423
balanced_contour_1e-10_R4.8,-0.06,s1*s4,0,18.677888043292658,31.356620737047713
balanced_contour_1e-10_R4.8,-0.06,s1*s4,1,-7.63729601364605,-18.79963221250812
balanced_contour_1e-10_R4.8,-0.044999999999999984,s1*s2,0,4.3402662913628145,2.1299027169428313
balanced_contour_1e-10_R4.8,-0.044999999999999984,s1*s2,1,-8.044569448593624,-2.7901799657668596
balanced_contour_1e-10_R4.8,-0.044999999999999984,s2*s3,0,0.8272532202894771,1.0052028851077726
balanced_contour_1e-10_R4.8,-0.044999999999999984,s2*s3,1,0.11391287802241161,-0.4916708253135908
balanced_contour_1e-10_R4.8,-0.044999999999999984,s3*s4,0,-0.2699020884374748,-2.5010504998061944
balanced_contour_1e-10_R4.8,-0.044999999999999984,s3*s4,1,-0.31847531592847106,0.7507993241176091
balanced_contour_1e-10_R4.8,-0.044999999999999984,s1*s4,0,18.67788810220116,31.35662073448531
balanced_contour_1e-10_R4.8,-0.044999999999999984,s1*s4,1,-7.63729601728778,-18.799632209990676
balanced_contour_1e-10_R4.8,-0.03,s1*s2,0,4.340266302693643,2.129902705447333
balanced_contour_1e-10_R4.8,-0.03,s1*s2,1,-8.044569452758418,-2.7901799654958106
balanced_contour_1e-10_R4.8,-0.03,s2*s3,0,0.8272532202932078,1.0052028856590522
balanced_contour_1e-10_R4.8,-0.03,s2*s3,1,0.11391287825014122,-0.4916708252588617
balanced_contour_1e-10_R4.8,-0.03,s3*s4,0,-0.26990208844214303,-2.5010505000609538
balanced_contour_1e-10_R4.8,-0.03,s3*s4,1,-0.31847531598124557,0.7507993237846788
balanced_contour_1e-10_R4.8,-0.03,s1*s4,0,18.67788812516654,31.356620731975525
balanced_contour_1e-10_R4.8,-0.03,s1*s4,1,-7.637296020176102,-18.799632209367324
balanced_contour_1e-10_R4.8,-0.015000000000000013,s1*s2,0,4.340266306509457,2.129902702804602
balanced_contour_1e-10_R4.8,-0.015000000000000013,s1*s2,1,-8.044569453401095,-2.7901799657111086
balanced_contour_1e-10_R4.8,-0.015000000000000013,s2*s3,0,0.8272532201817001,1.0052028858025466
balanced_contour_1e-10_R4.8,-0.015000000000000013,s2*s3,1,0.11391287835811731,-0.4916708251854897
balanced_contour_1e-10_R4.8,-0.015000000000000013,s3*s4,0,-0.269902088324322,-2.5010505000219907
balanced_contour_1e-10_R4.8,-0.015000000000000013,s3*s4,1,-0.31847531602196905,0.7507993235713314
balanced_contour_1e-10_R4.8,-0.015000000000000013,s1*s4,0,18.677888130107803,31.356620731805645
balanced_contour_1e-10_R4.8,-0.015000000000000013,s1*s4,1,-7.637296019291241,-18.799632207981503
balanced_contour_1e-10_R4.8,0.0,s1*s2,0,4.340266305903749,2.1299026921406705
balanced_contour_1e-10_R4.8,0.0,s1*s2,1,-8.04456945637084,-2.790179962719506
balanced_contour_1e-10_R4.8,0.0,s2*s3,0,0.8272532208895124,1.0052028860626394
balanced_contour_1e-10_R4.8,0.0,s2*s3,1,0.11391287824863101,-0.49167082544208424
balanced_contour_1e-10_R4.8,0.0,s3*s4,0,-0.26990208905801677,-2.501050500647434
balanced_contour_1e-10_R4.8,0.0,s3*s4,1,-0.31847531599107765,0.7507993239221851
balanced_contour_1e-10_R4.8,0.0,s1*s4,0,18.677888148143847,31.356620722019972
balanced_contour_1e-10_R4.8,0.0,s1*s4,1,-7.637296027002615,-18.799632210272176
balanced_contour_1e-10_R4.8,0.015000000000000013,s1*s2,0,4.340266304573258,2.1299026907771683
balanced_contour_1e-10_R4.8,0.015000000000000013,s1*s2,1,-8.04456945590674,-2.790179961836442
balanced_contour_1e-10_R4.8,0.015000000000000013,s2*s3,0,0.8272532209708633,1.0052028859307356
balanced_contour_1e-10_R4.8,0.015000000000000013,s2*s3,1,0.113912878201927,-0.4916708253907679
balanced_contour_1e-10_R4.8,0.015000000000000013,s3*s4,0,-0.2699020892610202,-2.501050500474083
balanced_contour_1e-10_R4.8,0.015000000000000013,s3*s4,1,-0.31847531588645445,0.7507993238538218
balanced_contour_1e-10_R4.8,0.015000000000000013,s1*s4,0,18.677888148922985,31.35662071658953
balanced_contour_1e-10_R4.8,0.015000000000000013,s1*s4,1,-7.637296027898795,-18.799632207649704
balanced_contour_1e-10_R4.8,0.030000000000000027,s1*s2,0,4.340266295817528,2.1299026938891896
balanced_contour_1e-10_R4.8,0.030000000000000027,s1*s2,1,-8.044569452673576,-2.7901799599093176
balanced_contour_1e-10_R4.8,0.030000000000000027,s2*s3,0,0.8272532209999144,1.0052028853420816
balanced_contour_1e-10_R4.8,0.030000000000000027,s2*s3,1,0.11391287801499413,-0.49167082524700334
balanced_contour_1e-10_R4.8,0.030000000000000027,s3*s4,0,-0.2699020895081085,-2.501050499786068
balanced_contour_1e-10_R4.8,0.030000000000000027,s3*s4,1,-0.3184753156132254,0.7507993237473911
balanced_contour_1e-10_R4.8,0.030000000000000027,s1*s4,0,18.677888135689344,31.35662070522584
balanced_contour_1e-10_R4.8,0.030000000000000027,s1*s4,1,-7.637296027939848,-18.79963220054842
balanced_contour_1e-10_R4.8,0.044999999999999984,s1*s2,0,4.3402662743216,2.1299027129939456
balanced_contour_1e-10_R4.8,0.044999999999999984,s1*s2,1,-8.044569444196862,-2.7901799591239227
balanced_contour_1e-10_R4.8,0.044999999999999984,s2*s3,0,0.8272532205906146,1.0052028843514993
balanced_contour_1e-10_R4.8,0.044999999999999984,s2*s3,1,0.11391287769866865,-0.4916708251530843
balanced_contour_1e-10_R4.8,0.044999999999999984,s3*s4,0,-0.26990208886861944,-2.501050498793048
balanced_contour_1e-10_R4.8,0.044999999999999984,s3*s4,1,-0.3184753154813689,0.7507993238968236
balanced_contour_1e-10_R4.8,0.044999999999999984,s1*s4,0,18.677888084783415,31.35662070438784
balanced_contour_1e-10_R4.8,0.044999999999999984,s1*s4,1,-7.637296020715229,-18.799632194421662
balanced_contour_1e-10_R4.8,0.06,s1*s2,0,4.340266235768351,2.1299027801528028
balanced_contour_1e-10_R4.8,0.06,s1*s2,1,-8.044569424255004,-2.7901799686036775
balanced_contour_1e-10_R4.8,0.06,s2*s3,0,0.8272532181841749,1.0052028833218487
balanced_contour_1e-10_R4.8,0.06,s2*s3,1,0.11391287759618739,-0.49167082521878247
balanced_contour_1e-10_R4.8,0.06,s3*s4,0,-0.2699020843537637,-2.501050497876003
balanced_contour_1e-10_R4.8,0.06,s3*s4,1,-0.31847531645874977,0.7507993245139426
balanced_contour_1e-10_R4.8,0.06,s1*s4,0,18.677887937374297,31.35662076727844
balanced_contour_1e-10_R4.8,0.06,s1*s4,1,-7.637295982865517,-18.799632202462437
balanced_contour_1e-10_R4.8,0.07500000000000001,s1*s2,0,4.3402663807672806,2.129902564829055
balanced_contour_1e-10_R4.8,0.07500000000000001,s1*s2,1,-8.044569489218874,-2.7901799428803162
balanced_contour_1e-10_R4.8,0.07500000000000001,s2*s3,0,0.827253225117553,1.0052028872370349
balanced_contour_1e-10_R4.8,0.07500000000000001,s2*s3,1,0.1139128783694584,-0.49167082457319233
balanced_contour_1e-10_R4.8,0.07500000000000001,s3*s4,0,-0.26990209810314764,-2.5010505008994994
balanced_contour_1e-10_R4.8,0.07500000000000001,s3*s4,1,-0.3184753134398877,0.7507993216515901
balanced_contour_1e-10_R4.8,0.07500000000000001,s1*s4,0,18.67788842766604,31.356620585665503
balanced_contour_1e-10_R4.8,0.07500000000000001,s1*s4,1,-7.637296096466262,-18.799632173925026
balanced_contour_1e-10_R4.8,0.08999999999999997,s1*s2,0,4.340266305600831,2.1299026777694046
balanced_contour_1e-10_R4.8,0.08999999999999997,s1*s2,1,-8.044569453016239,-2.7901799551909408
balanced_contour_1e-10_R4.8,0.08999999999999997,s2*s3,0,0.827253221327727,1.0052028847482875
balanced_contour_1e-10_R4.8,0.08999999999999997,s2*s3,1,0.11391287789869586,-0.49167082449129185
balanced_contour_1e-10_R4.8,0.08999999999999997,s3*s4,0,-0.2699020912063385,-2.5010504985183215
balanced_contour_1e-10_R4.8,0.08999999999999997,s3*s4,1,-0.31847531456001643,0.750799322553371
balanced_contour_1e-10_R4.8,0.08999999999999997,s1*s4,0,18.677888171061728,31.356620671443807
balanced_contour_1e-10_R4.8,0.08999999999999997,s1*s4,1,-7.637296037320456,-18.79963217721797
balanced_contour_1e-10_R4.8,0.10499999999999998,s1*s2,0,4.340266284629826,2.1299027073306367
balanced_contour_1e-10_R4.8,0.10499999999999998,s1*s2,1,-8.044569441661547,-2.7901799571838017
balanced_contour_1e-10_R4.8,0.10499999999999998,s2*s3,0,0.8272532201101984,1.0052028837529385
balanced_contour_1e-10_R4.8,0.10499999999999998,s2*s3,1,0.11391287777403793,-0.4916708241571251
balanced_contour_1e-10_R4.8,0.10499999999999998,s3*s4,0,-0.26990208939831334,-2.501050497142567
balanced_contour_1e-10_R4.8,0.10499999999999998,s3*s4,1,-0.3184753145900249,0.7507993222721374
balanced_contour_1e-10_R4.8,0.10499999999999998,s1*s4,0,18.677888098664564,31.35662068483659
balanced_contour_1e-10_R4.8,0.10499999999999998,s1*s4,1,-7.637296020843827,-18.799632168395572
balanced_contour_1e-10_R4.8,0.12,s1*s2,0,4.340266213024689,2.1299027911985147
balanced_contour_1e-10_R4.8,0.12,s1*s2,1,-8.04456941011438,-2.7901799615174565
balanced_contour_1e-10_R4.8,0.12,s2*s3,0,0.8272532165100952,1.0052028811822908
balanced_contour_1e-10_R4.8,0.12,s2*s3,1,0.11391287748659759,-0.49167082365847037
balanced_contour_1e-10_R4.8,0.12,s3*s4,0,-0.26990208315729936,-2.501050493392615
balanced_contour_1e-10_R4.8,0.12,s3*s4,1,-0.31847531523766426,0.7507993219807704
balanced_contour_1e-10_R4.8,0.12,s1*s4,0,18.677887867809808,31.356620721098476
balanced_contour_1e-10_R4.8,0.12,s1*s4,1,-7.637295972245443,-18.79963215051998
balanced_contour_1e-10_R4.8,0.135,s1*s2,0,4.340266249653832,2.129902766599222
balanced_contour_1e-10_R4.8,0.135,s1*s2,1,-8.044569421427012,-2.790179965857619
balanced_contour_1e-10_R4.8,0.135,s2*s3,0,0.8272532168861405,1.0052028830049125
balanced_contour_1e-10_R4.8,0.135,s2*s3,1,0.11391287821050038,-0.4916708238189104
balanced_contour_1e-10_R4.8,0.135,s3*s4,0,-0.2699020836034877,-2.5010504953216315
balanced_contour_1e-10_R4.8,0.135,s3*s4,1,-0.3184753158987844,0.7507993216600326
balanced_contour_1e-10_R4.8,0.135,s1*s4,0,18.67788794295938,31.356620737557627
balanced_contour_1e-10_R4.8,0.135,s1*s4,1,-7.637295973652164,-18.7996321636159
balanced_contour_1e-10_R4.8,0.15000000000000002,s1*s2,0,4.340266452925599,2.129902456098918
balanced_contour_1e-10_R4.8,0.15000000000000002,s1*s2,1,-8.044569520570832,-2.79017993017767
balanced_contour_1e-10_R4.8,0.15000000000000002,s2*s3,0,0.8272532317913146,1.0052028883033572
balanced_contour_1e-10_R4.8,0.15000000000000002,s2*s3,1,0.11391287761272599,-0.4916708250158228
balanced_contour_1e-10_R4.8,0.15000000000000002,s3*s4,0,-0.26990211057840596,-2.501050504687577
balanced_contour_1e-10_R4.8,0.15000000000000002,s3*s4,1,-0.3184753112067312,0.7507993226132751
balanced_contour_1e-10_R4.8,0.15000000000000002,s1*s4,0,18.67788874479737,31.356620490570236
balanced_contour_1e-10_R4.8,0.15000000000000002,s1*s4,1,-7.637296171328522,-18.799632181321766
balanced_contour_1e-10_R4.8,0.16499999999999998,s1*s2,0,4.340266257328314,2.129902711621832
balanced_contour_1e-10_R4.8,0.16499999999999998,s1*s2,1,-8.04456943071381,-2.7901799504758475
balanced_contour_1e-10_R4.8,0.16499999999999998,s2*s3,0,0.827253219347854,1.0052028820422136
balanced_contour_1e-10_R4.8,0.16499999999999998,s2*s3,1,0.1139128776257726,-0.49167082337367934
balanced_contour_1e-10_R4.8,0.16499999999999998,s3*s4,0,-0.26990208882217503,-2.501050493944239
balanced_contour_1e-10_R4.8,0.16499999999999998,s3*s4,1,-0.3184753140271188,0.7507993209327131
balanced_contour_1e-10_R4.8,0.16499999999999998,s1*s4,0,18.67788804164093,31.3566206382361
balanced_contour_1e-10_R4.8,0.16499999999999998,s1*s4,1,-7.637296012412011,-18.79963213531833
balanced_contour_1e-10_R4.8,0.18,s1*s2,0,4.340266232791987,2.129902728797874
balanced_contour_1e-10_R4.8,0.18,s1*s2,1,-8.044569419529587,-2.790179948131681
balanced_contour_1e-10_R4.8,0.18,s2*s3,0,0.8272532181045408,1.0052028806652233
balanced_contour_1e-10_R4.8,0.18,s2*s3,1,0.1139128775589944,-0.491670822703693
balanced_contour_1e-10_R4.8,0.18,s3*s4,0,-0.2699020872713601,-2.5010504913444507
balanced_contour_1e-10_R4.8,0.18,s3*s4,1,-0.318475313737664,0.7507993198822667
balanced_contour_1e-10_R4.8,0.18,s1*s4,0,18.677887970892353,31.356620620023584
balanced_contour_1e-10_R4.8,0.18,s1*s4,1,-7.637295998994638,-18.799632111662703
balanced_contour_1e-10_R4.8,0.195,s1*s2,0,4.340266066448077,2.1299029426317206
balanced_contour_1e-10_R4.8,0.195,s1*s2,1,-8.044569334945482,-2.7901799610582985
balanced_contour_1e-10_R4.8,0.195,s2*s3,0,0.8272532049893003,1.005202874589891
balanced_contour_1e-10_R4.8,0.195,s2*s3,1,0.11391287841038061,-0.4916708194690014
balanced_contour_1e-10_R4.8,0.195,s3*s4,0,-0.26990206598807265,-2.501050478098027
balanced_contour_1e-10_R4.8,0.195,s3*s4,1,-0.3184753156730943,0.7507993146116603
balanced_contour_1e-10_R4.8,0.195,s1*s4,0,18.677887325315922,31.356620710740213
balanced_contour_1e-10_R4.8,0.195,s1*s4,1,-7.637295843658203,-18.799632017758487
balanced_contour_1e-10_R4.8,0.20999999999999996,s1*s2,0,4.340266397896862,2.129902631107651
balanced_contour_1e-10_R4.8,0.20999999999999996,s1*s2,1,-8.044569469250645,-2.790179967639646
balanced_contour_1e-10_R4.8,0.20999999999999996,s2*s3,0,0.8272532236164849,1.0052028879436523
balanced_contour_1e-10_R4.8,0.20999999999999996,s2*s3,1,0.11391287914212267,-0.4916708242415825
balanced_contour_1e-10_R4.8,0.20999999999999996,s3*s4,0,-0.26990209577235785,-2.5010505036637762
balanced_contour_1e-10_R4.8,0.20999999999999996,s3*s4,1,-0.318475315286593,0.7507993214900518
balanced_contour_1e-10_R4.8,0.20999999999999996,s1*s4,0,18.677888387819447,31.356620717174618
balanced_contour_1e-10_R4.8,0.20999999999999996,s1*s4,1,-7.637296034259442,-18.799632195716686
balanced_contour_1e-10_R4.8,0.22499999999999998,s1*s2,0,4.340266406928886,2.129902565531026
balanced_contour_1e-10_R4.8,0.22499999999999998,s1*s2,1,-8.044569480778163,-2.790179948975855
balanced_contour_1e-10_R4.8,0.22499999999999998,s2*s3,0,0.827253227706291,1.0052028863927587
balanced_contour_1e-10_R4.8,0.22499999999999998,s2*s3,1,0.11391287795787117,-0.49167082400486084
balanced_contour_1e-10_R4.8,0.22499999999999998,s3*s4,0,-0.26990210410678894,-2.501050502737154
balanced_contour_1e-10_R4.8,0.22499999999999998,s3*s4,1,-0.3184753126589351,0.7507993215778589
balanced_contour_1e-10_R4.8,0.22499999999999998,s1*s4,0,18.677888531669378,31.356620596059177
balanced_contour_1e-10_R4.8,0.22499999999999998,s1*s4,1,-7.637296090185188,-18.799632170317295
balanced_contour_1e-10_R4.8,0.24,s1*s2,0,4.34026623298596,2.1299028225718972
balanced_contour_1e-10_R4.8,0.24,s1*s2,1,-8.044569387549936,-2.7901799712025657
balanced_contour_1e-10_R4.8,0.24,s2*s3,0,0.8272532113177808,1.0052028816954277
balanced_contour_1e-10_R4.8,0.24,s2*s3,1,0.11391287972250584,-0.4916708206216876
balanced_contour_1e-10_R4.8,0.24,s3*s4,0,-0.2699020760161071,-2.50105048995868
balanced_contour_1e-10_R4.8,0.24,s3*s4,1,-0.3184753162150022,0.7507993155089101
balanced_contour_1e-10_R4.8,0.24,s1*s4,0,18.677887774452962,31.356620770242458
balanced_contour_1e-10_R4.8,0.24,s1*s4,1,-7.637295896515482,-18.7996320803108
balanced_contour_3e-13_R4.8,-0.24,s1*s2,0,4.340266304839127,2.129902696599954
balanced_contour_3e-13_R4.8,-0.24,s1*s2,1,-8.044569454623792,-2.7901799658622073
balanced_contour_3e-13_R4.8,-0.24,s2*s3,0,0.8272532206811136,1.005202886041632
balanced_contour_3e-13_R4.8,-0.24,s2*s3,1,0.1139128783965328,-0.4916708253621142
balanced_contour_3e-13_R4.8,-0.24,s3*s4,0,-0.2699020887113644,-2.501050500605433
balanced_contour_3e-13_R4.8,-0.24,s3*s4,1,-0.31847531621448605,0.7507993237940979
balanced_contour_3e-13_R4.8,-0.24,s1*s4,0,18.67788813970095,31.3566207277156
balanced_contour_3e-13_R4.8,-0.24,s1*s4,1,-7.637296019627628,-18.79963221239454
balanced_contour_3e-13_R4.8,-0.22499999999999998,s1*s2,0,4.340266305339237,2.1299026970586272
balanced_contour_3e-13_R4.8,-0.22499999999999998,s1*s2,1,-8.04456945486201,-2.790179966108477
balanced_contour_3e-13_R4.8,-0.22499999999999998,s2*s3,0,0.8272532206470392,1.0052028860548419
balanced_contour_3e-13_R4.8,-0.22499999999999998,s2*s3,1,0.11391287841381198,-0.4916708253678009
balanced_contour_3e-13_R4.8,-0.22499999999999998,s3*s4,0,-0.26990208867050486,-2.501050500611342
balanced_contour_3e-13_R4.8,-0.22499999999999998,s3*s4,1,-0.3184753162348126,0.7507993237962135
balanced_contour_3e-13_R4.8,-0.22499999999999998,s1*s4,0,18.677888139542095,31.356620728881087
balanced_contour_3e-13_R4.8,-0.22499999999999998,s1*s4,1,-7.637296019518421,-18.799632212979233
balanced_contour_3e-13_R4.8,-0.21,s1*s2,0,4.340266305850122,2.129902697354649
balanced_contour_3e-13_R4.8,-0.21,s1*s2,1,-8.044569455105776,-2.790179966296478
balanced_contour_3e-13_R4.8,-0.21,s2*s3,0,0.8272532206139189,1.0052028860712419
balanced_contour_3e-13_R4.8,-0.21,s2*s3,1,0.1139128784317974,-0.49167082537279055
balanced_contour_3e-13_R4.8,-0.21,s3*s4,0,-0.26990208863000154,-2.5010505006147636
balanced_contour_3e-13_R4.8,-0.21,s3*s4,1,-0.31847531625429265,0.7507993237937832
balanced_contour_3e-13_R4.8,-0.21,s1*s4,0,18.67788813950253,31.356620729835626
balanced_contour_3e-13_R4.8,-0.21,s1*s4,1,-7.637296019444122,-18.799632213445797
balanced_contour_3e-13_R4.8,-0.195,s1*s2,0,4.340266306214368,2.1299026976469335
balanced_contour_3e-13_R4.8,-0.195,s1*s2,1,-8.044569455347961,-2.790179966412352
balanced_contour_3e-13_R4.8,-0.195,s2*s3,0,0.8272532206007455,1.0052028860866842
balanced_contour_3e-13_R4.8,-0.195,s2*s3,1,0.11391287843928194,-0.49167082538582396
balanced_contour_3e-13_R4.8,-0.195,s3*s4,0,-0.2699020886115206,-2.5010505006384776
balanced_contour_3e-13_R4.8,-0.195,s3*s4,1,-0.3184753162676672,0.7507993238110588
balanced_contour_3e-13_R4.8,-0.195,s1*s4,0,18.677888139631538,31.356620730790933
balanced_contour_3e-13_R4.8,-0.195,s1*s4,1,-7.637296019582623,-18.799632214010085
balanced_contour_3e-13_R4.8,-0.18,s1*s2,0,4.340266306668355,2.1299026977321187
balanced_contour_3e-13_R4.8,-0.18,s1*s2,1,-8.044569455582316,-2.7901799664914484
balanced_contour_3e-13_R4.8,-0.18,s2*s3,0,0.8272532205772957,1.0052028861066085
balanced_contour_3e-13_R4.8,-0.18,s2*s3,1,0.11391287845248524,-0.49167082539292034
balanced_contour_3e-13_R4.8,-0.18,s3*s4,0,-0.2699020885782418,-2.5010505006459165
balanced_contour_3e-13_R4.8,-0.18,s3*s4,1,-0.31847531628280507,0.7507993238108781
balanced_contour_3e-13_R4.8,-0.18,s1*s4,0,18.677888139778744,31.35662073146688
balanced_contour_3e-13_R4.8,-0.18,s1*s4,1,-7.637296019635163,-18.799632214346822
balanced_contour_3e-13_R4.8,-0.16499999999999998,s1*s2,0,4.340266306859439,2.12990269797495
balanced_contour_3e-13_R4.8,-0.16499999999999998,s1*s2,1,-8.044569455759753,-2.7901799665078886
balanced_contour_3e-13_R4.8,-0.16499999999999998,s2*s3,0,0.8272532205764241,1.0052028861156876
balanced_contour_3e-13_R4.8,-0.16499999999999998,s2*s3,1,0.11391287844999615,-0.4916708254073284
balanced_contour_3e-13_R4.8,-0.16499999999999998,s3*s4,0,-0.2699020885754605,-2.5010505006713286
balanced_contour_3e-13_R4.8,-0.16499999999999998,s3*s4,1,-0.31847531628658254,0.75079932383587
balanced_contour_3e-13_R4.8,-0.16499999999999998,s1*s4,0,18.677888139920825,31.356620732181337
balanced_contour_3e-13_R4.8,-0.16499999999999998,s1*s4,1,-7.637296019913063,-18.799632214785778
balanced_contour_3e-13_R4.8,-0.15,s1*s2,0,4.340266307186986,2.1299026978758535
balanced_contour_3e-13_R4.8,-0.15,s1*s2,1,-8.044569455968219,-2.79017996645381
balanced_contour_3e-13_R4.8,-0.15,s2*s3,0,0.8272532205709456,1.0052028861320443
balanced_contour_3e-13_R4.8,-0.15,s2*s3,1,0.11391287845284637,-0.49167082541613377
balanced_contour_3e-13_R4.8,-0.15,s3*s4,0,-0.26990208856647147,-2.5010505006849217
balanced_contour_3e-13_R4.8,-0.15,s3*s4,1,-0.31847531628956816,0.7507993238434133
balanced_contour_3e-13_R4.8,-0.15,s1*s4,0,18.67788814034455,31.35662073249356
balanced_contour_3e-13_R4.8,-0.15,s1*s4,1,-7.637296020200451,-18.799632214969446
balanced_contour_3e-13_R4.8,-0.135,s1*s2,0,4.340266307353899,2.1299026978132454
balanced_contour_3e-13_R4.8,-0.135,s1*s2,1,-8.044569456124878,-2.7901799663487425
balanced_contour_3e-13_R4.8,-0.135,s2*s3,0,0.8272532205747534,1.0052028861419737
balanced_contour_3e-13_R4.8,-0.135,s2*s3,1,0.11391287844831488,-0.49167082542696294
balanced_contour_3e-13_R4.8,-0.135,s3*s4,0,-0.26990208857006975,-2.501050500701311
balanced_contour_3e-13_R4.8,-0.135,s3*s4,1,-0.31847531628669645,0.7507993238594827
balanced_contour_3e-13_R4.8,-0.135,s1*s4,0,18.677888140701977,31.356620732701984
balanced_contour_3e-13_R4.8,-0.135,s1*s4,1,-7.6372960205692655,-18.79963221512044
balanced_contour_3e-13_R4.8,-0.12,s1*s2,0,4.340266307499561,2.129902697531327
balanced_contour_3e-13_R4.8,-0.12,s1*s2,1,-8.044569456276395,-2.7901799661624036
balanced_contour_3e-13_R4.8,-0.12,s2*s3,0,0.8272532205846154,1.0052028861524267
balanced_contour_3e-13_R4.8,-0.12,s2*s3,1,0.11391287844184533,-0.49167082543594326
balanced_contour_3e-13_R4.8,-0.12,s3*s4,0,-0.26990208858089604,-2.5010505007132324
balanced_contour_3e-13_R4.8,-0.12,s3*s4,1,-0.31847531627908143,0.7507993238706164
balanced_contour_3e-13_R4.8,-0.12,s1*s4,0,18.677888141254723,31.356620732553633
balanced_contour_3e-13_R4.8,-0.12,s1*s4,1,-7.6372960210200205,-18.79963221509522
balanced_contour_3e-13_R4.8,-0.10499999999999998,s1*s2,0,4.3402663077175605,2.129902697103947
balanced_contour_3e-13_R4.8,-0.10499999999999998,s1*s2,1,-8.044569456446192,-2.7901799659461477
balanced_contour_3e-13_R4.8,-0.10499999999999998,s2*s3,0,0.8272532205975331,1.0052028861669164
balanced_contour_3e-13_R4.8,-0.10499999999999998,s2*s3,1,0.11391287843482785,-0.49167082544355234
balanced_contour_3e-13_R4.8,-0.10499999999999998,s3*s4,0,-0.26990208859542014,-2.501050500727574
balanced_contour_3e-13_R4.8,-0.10499999999999998,s3*s4,1,-0.3184753162683076,0.7507993238790223
balanced_contour_3e-13_R4.8,-0.10499999999999998,s1*s4,0,18.677888142051696,31.35662073229458
balanced_contour_3e-13_R4.8,-0.10499999999999998,s1*s4,1,-7.637296021535447,-18.79963221500325
balanced_contour_3e-13_R4.8,-0.09,s1*s2,0,4.3402663075752965,2.1299026967920573
balanced_contour_3e-13_R4.8,-0.09,s1*s2,1,-8.044569456506922,-2.790179965644866
balanced_contour_3e-13_R4.8,-0.09,s2*s3,0,0.8272532206271368,1.0052028861645874
balanced_contour_3e-13_R4.8,-0.09,s2*s3,1,0.11391287841437266,-0.491670825453696
balanced_contour_3e-13_R4.8,-0.09,s3*s4,0,-0.26990208863380694,-2.5010505007410067
balanced_contour_3e-13_R4.8,-0.09,s3*s4,1,-0.31847531624641723,0.7507993239014673
balanced_contour_3e-13_R4.8,-0.09,s1*s4,0,18.67788814259509,31.35662073178007
balanced_contour_3e-13_R4.8,-0.09,s1*s4,1,-7.637296022173817,-18.799632214828236
balanced_contour_3e-13_R4.8,-0.07500000000000001,s1*s2,0,4.340266307725374,2.129902696048211
balanced_contour_3e-13_R4.8,-0.07500000000000001,s1*s2,1,-8.044569456640568,-2.790179965300968
balanced_contour_3e-13_R4.8,-0.07500000000000001,s2*s3,0,0.8272532206508614,1.0052028861735232
balanced_contour_3e-13_R4.8,-0.07500000000000001,s2*s3,1,0.11391287840243798,-0.4916708254562501
balanced_contour_3e-13_R4.8,-0.07500000000000001,s3*s4,0,-0.269902088668577,-2.5010505007430592
balanced_contour_3e-13_R4.8,-0.07500000000000001,s3*s4,1,-0.31847531622394215,0.7507993239014329
balanced_contour_3e-13_R4.8,-0.07500000000000001,s1*s4,0,18.677888143698265,31.356620730871708
balanced_contour_3e-13_R4.8,-0.07500000000000001,s1*s4,1,-7.637296022823743,-18.799632214413585
balanced_contour_3e-13_R4.8,-0.06,s1*s2,0,4.340266307200747,2.129902695717269
balanced_contour_3e-13_R4.8,-0.06,s1*s2,1,-8.044569456552471,-2.790179964871452
balanced_contour_3e-13_R4.8,-0.06,s2*s3,0,0.8272532206928364,1.0052028861496627
balanced_contour_3e-13_R4.8,-0.06,s2*s3,1,0.11391287837000898,-0.49167082546231317
balanced_contour_3e-13_R4.8,-0.06,s3*s4,0,-0.269902088730126,-2.5010505007368797
balanced_contour_3e-13_R4.8,-0.06,s3*s4,1,-0.31847531618705377,0.7507993239243019
balanced_contour_3e-13_R4.8,-0.06,s1*s4,0,18.677888143956757,31.356620729734466
balanced_contour_3e-13_R4.8,-0.06,s1*s4,1,-7.637296023542344,-18.799632213911934
balanced_contour_3e-13_R4.8,-0.044999999999999984,s1*s2,0,4.340266307076173,2.129902694855369
balanced_contour_3e-13_R4.8,-0.044999999999999984,s1*s2,1,-8.044569456588437,-2.790179964398188
balanced_contour_3e-13_R4.8,-0.044999999999999984,s2*s3,0,0.8272532207335945,1.005202886140412
balanced_contour_3e-13_R4.8,-0.044999999999999984,s2*s3,1,0.11391287834636993,-0.49167082546060337
balanced_contour_3e-13_R4.8,-0.044999999999999984,s3*s4,0,-0.26990208879623334,-2.50105050072568
balanced_contour_3e-13_R4.8,-0.044999999999999984,s3*s4,1,-0.31847531614753827,0.7507993239246755
balanced_contour_3e-13_R4.8,-0.044999999999999984,s1*s4,0,18.677888145097892,31.356620728187426
balanced_contour_3e-13_R4.8,-0.044999999999999984,s1*s4,1,-7.637296024358483,-18.799632213194084
balanced_contour_3e-13_R4.8,-0.03,s1*s2,0,4.3402663066209985,2.129902694169129
balanced_contour_3e-13_R4.8,-0.03,s1*s2,1,-8.044569456503217,-2.7901799638821148
balanced_contour_3e-13_R4.8,-0.03,s2*s3,0,0.8272532207811949,1.005202886115378
balanced_contour_3e-13_R4.8,-0.03,s2*s3,1,0.11391287831357887,-0.4916708254588685
balanced_contour_3e-13_R4.8,-0.03,s3*s4,0,-0.2699020888721786,-2.5010505007071284
balanced_contour_3e-13_R4.8,-0.03,s3*s4,1,-0.3184753161009404,0.7507993239327293
balanced_contour_3e-13_R4.8,-0.03,s1*s4,0,18.67788814579257,31.35662072647837
balanced_contour_3e-13_R4.8,-0.03,s1*s4,1,-7.6372960251768855,-18.799632212385077
balanced_contour_3e-13_R4.8,-0.015000000000000013,s1*s2,0,4.34026630636866,2.129902693135467
balanced_contour_3e-13_R4.8,-0.015000000000000013,s1*s2,1,-8.044569456482536,-2.7901799633208277
balanced_contour_3e-13_R4.8,-0.015000000000000013,s2*s3,0,0.8272532208337513,1.0052028860951687
balanced_contour_3e-13_R4.8,-0.015000000000000013,s2*s3,1,0.11391287828322388,-0.4916708254518857
balanced_contour_3e-13_R4.8,-0.015000000000000013,s3*s4,0,-0.2699020889613578,-2.5010505006841433
balanced_contour_3e-13_R4.8,-0.015000000000000013,s3*s4,1,-0.31847531604843315,0.7507993239285327
balanced_contour_3e-13_R4.8,-0.015000000000000013,s1*s4,0,18.67788814710139,31.356620724394904
balanced_contour_3e-13_R4.8,-0.015000000000000013,s1*s4,1,-7.637296026108083,-18.799632211408237
balanced_contour_3e-13_R4.8,0.0,s1*s2,0,4.3402663059037545,2.1299026921406723
balanced_contour_3e-13_R4.8,0.0,s1*s2,1,-8.04456945637084,-2.790179962719507
balanced_contour_3e-13_R4.8,0.0,s2*s3,0,0.8272532208895123,1.0052028860626399
balanced_contour_3e-13_R4.8,0.0,s2*s3,1,0.1139128782486311,-0.49167082544208424
balanced_contour_3e-13_R4.8,0.0,s3*s4,0,-0.2699020890580161,-2.5010505006474344
balanced_contour_3e-13_R4.8,0.0,s3*s4,1,-0.3184753159910778,0.7507993239221851
balanced_contour_3e-13_R4.8,0.0,s1*s4,0,18.677888148143847,31.356620722019986
balanced_contour_3e-13_R4.8,0.0,s1*s4,1,-7.637296027002613,-18.799632210272176
balanced_contour_3e-13_R4.8,0.015000000000000013,s1*s2,0,4.3402663052727135,2.129902691119727
balanced_contour_3e-13_R4.8,0.015000000000000013,s1*s2,1,-8.044569456178001,-2.7901799620759866
balanced_contour_3e-13_R4.8,0.015000000000000013,s2*s3,0,0.8272532209459194,1.005202886018235
balanced_contour_3e-13_R4.8,0.015000000000000013,s2*s3,1,0.11391287821184502,-0.49167082542708923
balanced_contour_3e-13_R4.8,0.015000000000000013,s3*s4,0,-0.26990208916094616,-2.501050500591831
balanced_contour_3e-13_R4.8,0.015000000000000013,s3*s4,1,-0.31847531592870804,0.7507993239080732
balanced_contour_3e-13_R4.8,0.015000000000000013,s1*s4,0,18.677888148988753,31.35662071926181
balanced_contour_3e-13_R4.8,0.015000000000000013,s1*s4,1,-7.637296027851353,-18.799632208920848
balanced_contour_3e-13_R4.8,0.030000000000000027,s1*s2,0,4.34026630448077,2.12990269020854
balanced_contour_3e-13_R4.8,0.030000000000000027,s1*s2,1,-8.04456945591091,-2.7901799614259244
balanced_contour_3e-13_R4.8,0.030000000000000027,s2*s3,0,0.8272532210020512,1.0052028859638813
balanced_contour_3e-13_R4.8,0.030000000000000027,s2*s3,1,0.11391287817193979,-0.491670825409232
balanced_contour_3e-13_R4.8,0.030000000000000027,s3*s4,0,-0.2699020892658459,-2.501050500527569
balanced_contour_3e-13_R4.8,0.030000000000000027,s3*s4,1,-0.3184753158624363,0.7507993238932529
balanced_contour_3e-13_R4.8,0.030000000000000027,s1*s4,0,18.677888149543655,31.35662071640915
balanced_contour_3e-13_R4.8,0.030000000000000027,s1*s4,1,-7.637296028655417,-18.799632207479437
balanced_contour_3e-13_R4.8,0.044999999999999984,s1*s2,0,4.340266303914787,2.129902688885809
balanced_contour_3e-13_R4.8,0.044999999999999984,s1*s2,1,-8.044569455727572,-2.790179960727523
balanced_contour_3e-13_R4.8,0.044999999999999984,s2*s3,0,0.8272532210685594,1.005202885912237
balanced_contour_3e-13_R4.8,0.044999999999999984,s2*s3,1,0.11391287813427634,-0.4916708253861353
balanced_contour_3e-13_R4.8,0.044999999999999984,s3*s4,0,-0.2699020893954018,-2.501050500459258
balanced_contour_3e-13_R4.8,0.044999999999999984,s3*s4,1,-0.31847531578906013,0.7507993238664706
balanced_contour_3e-13_R4.8,0.044999999999999984,s1*s4,0,18.67788815090465,31.35662071307277
balanced_contour_3e-13_R4.8,0.044999999999999984,s1*s4,1,-7.637296029607848,-18.799632205877856
balanced_contour_3e-13_R4.8,0.06,s1*s2,0,4.340266302931091,2.129902687961316
balanced_contour_3e-13_R4.8,0.06,s1*s2,1,-8.044569455353196,-2.790179960049753
balanced_contour_3e-13_R4.8,0.06,s2*s3,0,0.8272532211232844,1.0052028858409237
balanced_contour_3e-13_R4.8,0.06,s2*s3,1,0.11391287809364295,-0.49167082535920553
balanced_contour_3e-13_R4.8,0.06,s3*s4,0,-0.26990208950823896,-2.501050500367819
balanced_contour_3e-13_R4.8,0.06,s3*s4,1,-0.31847531571671533,0.7507993238378209
balanced_contour_3e-13_R4.8,0.06,s1*s4,0,18.677888151195802,31.356620709732173
balanced_contour_3e-13_R4.8,0.06,s1*s4,1,-7.6372960303039665,-18.79963220414615
balanced_contour_3e-13_R4.8,0.07500000000000001,s1*s2,0,4.34026630262249,2.129902686251921
balanced_contour_3e-13_R4.8,0.07500000000000001,s1*s2,1,-8.044569455226108,-2.7901799593506666
balanced_contour_3e-13_R4.8,0.07500000000000001,s2*s3,0,0.8272532211982445,1.0052028857907178
balanced_contour_3e-13_R4.8,0.07500000000000001,s2*s3,1,0.11391287806152287,-0.49167082532835604
balanced_contour_3e-13_R4.8,0.07500000000000001,s3*s4,0,-0.26990208966246076,-2.501050500291981
balanced_contour_3e-13_R4.8,0.07500000000000001,s3*s4,1,-0.31847531564003145,0.750799323793443
balanced_contour_3e-13_R4.8,0.07500000000000001,s1*s4,0,18.677888153376376,31.356620705927853
balanced_contour_3e-13_R4.8,0.07500000000000001,s1*s4,1,-7.637296031276919,-18.799632202379744
balanced_contour_3e-13_R4.8,0.08999999999999997,s1*s2,0,4.3402663013564435,2.1299026855645806
balanced_contour_3e-13_R4.8,0.08999999999999997,s1*s2,1,-8.044569454696411,-2.790179958720587
balanced_contour_3e-13_R4.8,0.08999999999999997,s2*s3,0,0.8272532212415062,1.0052028857029955
balanced_contour_3e-13_R4.8,0.08999999999999997,s2*s3,1,0.11391287802301807,-0.491670825294267
balanced_contour_3e-13_R4.8,0.08999999999999997,s3*s4,0,-0.2699020897618791,-2.5010505001740695
balanced_contour_3e-13_R4.8,0.08999999999999997,s3*s4,1,-0.3184753155707141,0.7507993237534396
balanced_contour_3e-13_R4.8,0.08999999999999997,s1*s4,0,18.67788815289088,31.356620702442484
balanced_contour_3e-13_R4.8,0.08999999999999997,s1*s4,1,-7.637296031668227,-18.799632200484666
balanced_contour_3e-13_R4.8,0.10499999999999998,s1*s2,0,4.34026630128702,2.129902683540005
balanced_contour_3e-13_R4.8,0.10499999999999998,s1*s2,1,-8.04456945467896,-2.7901799580867515
balanced_contour_3e-13_R4.8,0.10499999999999998,s2*s3,0,0.8272532213328523,1.0052028856665576
balanced_contour_3e-13_R4.8,0.10499999999999998,s2*s3,1,0.11391287799724523,-0.4916708252691358
balanced_contour_3e-13_R4.8,0.10499999999999998,s3*s4,0,-0.26990208993846504,-2.5010505001217775
balanced_contour_3e-13_R4.8,0.10499999999999998,s3*s4,1,-0.3184753155038793,0.7507993237141886
balanced_contour_3e-13_R4.8,0.10499999999999998,s1*s4,0,18.67788815593272,31.356620698588586
balanced_contour_3e-13_R4.8,0.10499999999999998,s1*s4,1,-7.637296032638511,-18.799632198977864
balanced_contour_3e-13_R4.8,0.12,s1*s2,0,4.340266299800708,2.129902682858485
balanced_contour_3e-13_R4.8,0.12,s1*s2,1,-8.044569454067263,-2.7901799574675565
balanced_contour_3e-13_R4.8,0.12,s2*s3,0,0.8272532213720729,1.0052028855632948
balanced_contour_3e-13_R4.8,0.12,s2*s3,1,0.11391287796208589,-0.4916708252288551
balanced_contour_3e-13_R4.8,0.12,s3*s4,0,-0.2699020900380634,-2.501050499977953
balanced_contour_3e-13_R4.8,0.12,s3*s4,1,-0.31847531543703544,0.7507993236624129
balanced_contour_3e-13_R4.8,0.12,s1*s4,0,18.67788815505873,31.356620694666454
balanced_contour_3e-13_R4.8,0.12,s1*s4,1,-7.637296032841309,-18.7996321969191
balanced_contour_3e-13_R4.8,0.135,s1*s2,0,4.3402662990959815,2.1299026817277364
balanced_contour_3e-13_R4.8,0.135,s1*s2,1,-8.044569453681163,-2.7901799569771972
balanced_contour_3e-13_R4.8,0.135,s2*s3,0,0.8272532214206537,1.005202885494391
balanced_contour_3e-13_R4.8,0.135,s2*s3,1,0.11391287794189148,-0.49167082519067173
balanced_contour_3e-13_R4.8,0.135,s3*s4,0,-0.26990209015467453,-2.501050499872969
balanced_contour_3e-13_R4.8,0.135,s3*s4,1,-0.318475315382211,0.750799323604009
balanced_contour_3e-13_R4.8,0.135,s1*s4,0,18.67788815580151,31.3566206911158
balanced_contour_3e-13_R4.8,0.135,s1*s4,1,-7.637296033051737,-18.799632195160275
balanced_contour_3e-13_R4.8,0.15000000000000002,s1*s2,0,4.340266297803523,2.1299026809239594
balanced_contour_3e-13_R4.8,0.15000000000000002,s1*s2,1,-8.044569453112574,-2.790179956445191
balanced_contour_3e-13_R4.8,0.15000000000000002,s2*s3,0,0.827253221456663,1.0052028853930275
balanced_contour_3e-13_R4.8,0.15000000000000002,s2*s3,1,0.1139128779168475,-0.4916708251453473
balanced_contour_3e-13_R4.8,0.15000000000000002,s3*s4,0,-0.26990209025712575,-2.5010504997236898
balanced_contour_3e-13_R4.8,0.15000000000000002,s3*s4,1,-0.3184753153223502,0.7507993235388448
balanced_contour_3e-13_R4.8,0.15000000000000002,s1*s4,0,18.677888155241742,31.356620687111736
balanced_contour_3e-13_R4.8,0.15000000000000002,s1*s4,1,-7.637296033095945,-18.799632193120775
balanced_contour_3e-13_R4.8,0.16499999999999998,s1*s2,0,4.3402662966535015,2.1299026806964347
balanced_contour_3e-13_R4.8,0.16499999999999998,s1*s2,1,-8.044569452452157,-2.7901799561840255
balanced_contour_3e-13_R4.8,0.16499999999999998,s2*s3,0,0.8272532214554007,1.0052028853081434
balanced_contour_3e-13_R4.8,0.16499999999999998,s2*s3,1,0.1139128779095407,-0.49167082509870497
balanced_contour_3e-13_R4.8,0.16499999999999998,s3*s4,0,-0.2699020902920487,-2.501050499586038
balanced_contour_3e-13_R4.8,0.16499999999999998,s3*s4,1,-0.3184753152926026,0.750799323465156
balanced_contour_3e-13_R4.8,0.16499999999999998,s1*s4,0,18.67788815376059,31.356620684342072
balanced_contour_3e-13_R4.8,0.16499999999999998,s1*s4,1,-7.637296032471219,-18.799632191387754
balanced_contour_3e-13_R4.8,0.18,s1*s2,0,4.340266296125433,2.1299026797626883
balanced_contour_3e-13_R4.8,0.18,s1*s2,1,-8.044569452084156,-2.7901799559878
balanced_contour_3e-13_R4.8,0.18,s2*s3,0,0.8272532214895547,1.0052028852539165
balanced_contour_3e-13_R4.8,0.18,s2*s3,1,0.11391287791111548,-0.49167082506585125
balanced_contour_3e-13_R4.8,0.18,s3*s4,0,-0.26990209037815766,-2.5010504994949105
balanced_contour_3e-13_R4.8,0.18,s3*s4,1,-0.318475315276445,0.7507993234036656
balanced_contour_3e-13_R4.8,0.18,s1*s4,0,18.67788815431691,31.356620681461493
balanced_contour_3e-13_R4.8,0.18,s1*s4,1,-7.637296032063356,-18.799632190148476
balanced_contour_3e-13_R4.8,0.195,s1*s2,0,4.340266294715743,2.129902680118229
balanced_contour_3e-13_R4.8,0.195,s1*s2,1,-8.044569451248465,-2.790179955951285
balanced_contour_3e-13_R4.8,0.195,s2*s3,0,0.8272532214442083,1.0052028851690078
balanced_contour_3e-13_R4.8,0.195,s2*s3,1,0.11391287792492316,-0.4916708250174738
balanced_contour_3e-13_R4.8,0.195,s3*s4,0,-0.26990209033550855,-2.5010504993338007
balanced_contour_3e-13_R4.8,0.195,s3*s4,1,-0.3184753152845356,0.7507993233125552
balanced_contour_3e-13_R4.8,0.195,s1*s4,0,18.677888151158843,31.356620679329303
balanced_contour_3e-13_R4.8,0.195,s1*s4,1,-7.637296030580566,-18.799632188558746
balanced_contour_3e-13_R4.8,0.20999999999999996,s1*s2,0,4.340266295284482,2.129902678676048
balanced_contour_3e-13_R4.8,0.20999999999999996,s1*s2,1,-8.044569451290807,-2.7901799560423215
balanced_contour_3e-13_R4.8,0.20999999999999996,s2*s3,0,0.827253221509245,1.0052028851714858
balanced_contour_3e-13_R4.8,0.20999999999999996,s2*s3,1,0.11391287794890739,-0.49167082500757053
balanced_contour_3e-13_R4.8,0.20999999999999996,s3*s4,0,-0.2699020904629301,-2.501050499339763
balanced_contour_3e-13_R4.8,0.20999999999999996,s3*s4,1,-0.318475315304439,0.7507993232764099
balanced_contour_3e-13_R4.8,0.20999999999999996,s1*s4,0,18.677888154270825,31.356620677497986
balanced_contour_3e-13_R4.8,0.20999999999999996,s1*s4,1,-7.637296030164536,-18.79963218840669
balanced_contour_3e-13_R4.8,0.22499999999999998,s1*s2,0,4.34026629359138,2.1299026796463156
balanced_contour_3e-13_R4.8,0.22499999999999998,s1*s2,1,-8.044569450378878,-2.790179956222634
balanced_contour_3e-13_R4.8,0.22499999999999998,s2*s3,0,0.8272532214234548,1.0052028850854178
balanced_contour_3e-13_R4.8,0.22499999999999998,s2*s3,1,0.11391287797968769,-0.49167082496189807
balanced_contour_3e-13_R4.8,0.22499999999999998,s3*s4,0,-0.26990209034912216,-2.501050499162952
balanced_contour_3e-13_R4.8,0.22499999999999998,s3*s4,1,-0.3184753153425618,0.7507993231826781
balanced_contour_3e-13_R4.8,0.22499999999999998,s1*s4,0,18.677888149475123,31.3566206760472
balanced_contour_3e-13_R4.8,0.22499999999999998,s1*s4,1,-7.637296028085164,-18.799632187126388
balanced_contour_3e-13_R4.8,0.24,s1*s2,0,4.340266293069134,2.1299026804199492
balanced_contour_3e-13_R4.8,0.24,s1*s2,1,-8.044569449839832,-2.7901799567709524
balanced_contour_3e-13_R4.8,0.24,s2*s3,0,0.8272532213568146,1.0052028850686139
balanced_contour_3e-13_R4.8,0.24,s2*s3,1,0.11391287803133479,-0.4916708249393601
balanced_contour_3e-13_R4.8,0.24,s3*s4,0,-0.26990209024163736,-2.5010504991033344
balanced_contour_3e-13_R4.8,0.24,s3*s4,1,-0.3184753154214144,0.7507993231197468
balanced_contour_3e-13_R4.8,0.24,s1*s4,0,18.677888146840406,31.35662067644339
balanced_contour_3e-13_R4.8,0.24,s1*s4,1,-7.637296025888875,-18.799632187073076
balanced_contour_3e-13_R4.2,-0.24,s1*s2,0,4.340265993798182,2.1299030391694496
balanced_contour_3e-13_R4.2,-0.24,s1*s2,1,-8.044569111632153,-2.7901802974894068
balanced_contour_3e-13_R4.2,-0.24,s2*s3,0,0.8272532083185644,1.005202879595109
balanced_contour_3e-13_R4.2,-0.24,s2*s3,1,0.11391289292668785,-0.49167081118043415
balanced_contour_3e-13_R4.2,-0.24,s3*s4,0,-0.2699020610766045,-2.5010504936789353
balanced_contour_3e-13_R4.2,-0.24,s3*s4,1,-0.31847533983925774,0.7507993026318242
balanced_contour_3e-13_R4.2,-0.24,s1*s4,0,18.6778871928138,31.356620963409625
balanced_contour_3e-13_R4.2,-0.24,s1*s4,1,-7.637295016969376,-18.79963223861792
balanced_contour_3e-13_R4.2,-0.22499999999999998,s1*s2,0,4.34026607519964,2.129903128338503
balanced_contour_3e-13_R4.2,-0.22499999999999998,s1*s2,1,-8.044569149486962,-2.790180344570172
balanced_contour_3e-13_R4.2,-0.22499999999999998,s2*s3,0,0.8272532019903001,1.0052028813110747
balanced_contour_3e-13_R4.2,-0.22499999999999998,s2*s3,1,0.11391289614003103,-0.4916708118391073
balanced_contour_3e-13_R4.2,-0.22499999999999998,s3*s4,0,-0.26990205385430377,-2.501050493865442
balanced_contour_3e-13_R4.2,-0.22499999999999998,s3*s4,1,-0.31847534345090445,0.7507993024994344
balanced_contour_3e-13_R4.2,-0.22499999999999998,s1*s4,0,18.67788714630011,31.356621164651195
balanced_contour_3e-13_R4.2,-0.22499999999999998,s1*s4,1,-7.637294987445953,-18.79963233766085
balanced_contour_3e-13_R4.2,-0.21,s1*s2,0,4.340266151750059,2.1299032064991588
balanced_contour_3e-13_R4.2,-0.21,s1*s2,1,-8.044569186855353,-2.7901803843575435
balanced_contour_3e-13_R4.2,-0.21,s2*s3,0,0.8272531964117461,1.0052028832556468
balanced_contour_3e-13_R4.2,-0.21,s2*s3,1,0.11391289894259103,-0.49167081275055186
balanced_contour_3e-13_R4.2,-0.21,s3*s4,0,-0.26990204724822664,-2.5010504946461842
balanced_contour_3e-13_R4.2,-0.21,s3*s4,1,-0.3184753467533996,0.7507993028200484
balanced_contour_3e-13_R4.2,-0.21,s1*s4,0,18.677887111667417,31.356621352848247
balanced_contour_3e-13_R4.2,-0.21,s1*s4,1,-7.637294968215619,-18.799632431171904
balanced_contour_3e-13_R4.2,-0.195,s1*s2,0,4.340266222597052,2.129903272551724
balanced_contour_3e-13_R4.2,-0.195,s1*s2,1,-8.044569223366786,-2.790180416316747
balanced_contour_3e-13_R4.2,-0.195,s2*s3,0,0.8272531916482204,1.0052028853720436
balanced_contour_3e-13_R4.2,-0.195,s2*s3,1,0.11391290129469127,-0.49167081388326095
balanced_contour_3e-13_R4.2,-0.195,s3*s4,0,-0.269902041375275,-2.5010504959537716
balanced_contour_3e-13_R4.2,-0.195,s3*s4,1,-0.31847534967177277,0.7507993035642438
balanced_contour_3e-13_R4.2,-0.195,s1*s4,0,18.677887089654195,31.356621524789936
balanced_contour_3e-13_R4.2,-0.195,s1*s4,1,-7.637294959899915,-18.799632517570547
balanced_contour_3e-13_R4.2,-0.18,s1*s2,0,4.340266286746232,2.1299033257455586
balanced_contour_3e-13_R4.2,-0.18,s1*s2,1,-8.044569258556523,-2.790180439955752
balanced_contour_3e-13_R4.2,-0.18,s2*s3,0,0.8272531877625955,1.0052028875688344
balanced_contour_3e-13_R4.2,-0.18,s2*s3,1,0.11391290314856342,-0.49167081519528827
balanced_contour_3e-13_R4.2,-0.18,s3*s4,0,-0.26990203638093735,-2.501050497684734
balanced_contour_3e-13_R4.2,-0.18,s3*s4,1,-0.31847535211177797,0.7507993046981443
balanced_contour_3e-13_R4.2,-0.18,s1*s4,0,18.67788708070655,31.356621677044007
balanced_contour_3e-13_R4.2,-0.18,s1*s4,1,-7.637294963165154,-18.799632595115156
balanced_contour_3e-13_R4.2,-0.16499999999999998,s1*s2,0,4.340266343640658,2.1299033649352355
balanced_contour_3e-13_R4.2,-0.16499999999999998,s1*s2,1,-8.04456929212107,-2.790180454856449
balanced_contour_3e-13_R4.2,-0.16499999999999998,s2*s3,0,0.8272531847908491,1.0052028897832812
balanced_contour_3e-13_R4.2,-0.16499999999999998,s2*s3,1,0.11391290448292693,-0.4916708166399455
balanced_contour_3e-13_R4.2,-0.16499999999999998,s3*s4,0,-0.2699020323636957,-2.501050499731062
balanced_contour_3e-13_R4.2,-0.16499999999999998,s3*s4,1,-0.31847535400445304,0.7507993061571631
balanced_contour_3e-13_R4.2,-0.16499999999999998,s1*s4,0,18.677887085540753,31.356621806210754
balanced_contour_3e-13_R4.2,-0.16499999999999998,s1*s4,1,-7.637294978389026,-18.799632662058993
balanced_contour_3e-13_R4.2,-0.15,s1*s2,0,4.3402663921672975,2.129903389610377
balanced_contour_3e-13_R4.2,-0.15,s1*s2,1,-8.044569323613905,-2.7901804605676674
balanced_contour_3e-13_R4.2,-0.15,s2*s3,0,0.8272531828047887,1.0052028919043137
balanced_contour_3e-13_R4.2,-0.15,s2*s3,1,0.11391290524487213,-0.49167081817630987
balanced_contour_3e-13_R4.2,-0.15,s3*s4,0,-0.2699020294976644,-2.501050501982485
balanced_contour_3e-13_R4.2,-0.15,s3*s4,1,-0.3184753552480824,0.7507993079171023
balanced_contour_3e-13_R4.2,-0.15,s1*s4,0,18.677887104560394,31.35662190883582
balanced_contour_3e-13_R4.2,-0.15,s1*s4,1,-7.637295006354137,-18.79963271678537
balanced_contour_3e-13_R4.2,-0.135,s1*s2,0,4.340266432070233,2.129903398558202
balanced_contour_3e-13_R4.2,-0.135,s1*s2,1,-8.044569352779048,-2.790180456785203
balanced_contour_3e-13_R4.2,-0.135,s2*s3,0,0.8272531818072993,1.0052028938612465
balanced_contour_3e-13_R4.2,-0.135,s2*s3,1,0.11391290543289474,-0.49167081974055443
balanced_contour_3e-13_R4.2,-0.135,s3*s4,0,-0.26990202785809064,-2.501050504278498
balanced_contour_3e-13_R4.2,-0.135,s3*s4,1,-0.31847535578085084,0.7507993098714792
balanced_contour_3e-13_R4.2,-0.135,s1*s4,0,18.677887138378964,31.356621981212868
balanced_contour_3e-13_R4.2,-0.135,s1*s4,1,-7.637295047130791,-18.799632757302867
balanced_contour_3e-13_R4.2,-0.12,s1*s2,0,4.340266462598127,2.129903391244307
balanced_contour_3e-13_R4.2,-0.12,s1*s2,1,-8.044569379260372,-2.790180443210222
balanced_contour_3e-13_R4.2,-0.12,s2*s3,0,0.8272531818413107,1.0052028955507468
balanced_contour_3e-13_R4.2,-0.12,s2*s3,1,0.11391290501444708,-0.4916708212829382
balanced_contour_3e-13_R4.2,-0.12,s3*s4,0,-0.26990202758586457,-2.5010505064877666
balanced_contour_3e-13_R4.2,-0.12,s3*s4,1,-0.3184753555171048,0.7507993119684976
balanced_contour_3e-13_R4.2,-0.12,s1*s4,0,18.677887187389096,31.356622020058495
balanced_contour_3e-13_R4.2,-0.12,s1*s4,1,-7.637295101192285,-18.799632782021376
balanced_contour_3e-13_R4.2,-0.10499999999999998,s1*s2,0,4.340266482683236,2.129903367440713
balanced_contour_3e-13_R4.2,-0.10499999999999998,s1*s2,1,-8.044569402611739,-2.7901804195360658
balanced_contour_3e-13_R4.2,-0.10499999999999998,s2*s3,0,0.8272531829564866,1.0052028968390367
balanced_contour_3e-13_R4.2,-0.10499999999999998,s2*s3,1,0.11391290394761285,-0.4916708227512016
balanced_contour_3e-13_R4.2,-0.10499999999999998,s3*s4,0,-0.26990202884977404,-2.5010505084594072
balanced_contour_3e-13_R4.2,-0.10499999999999998,s3*s4,1,-0.31847535435934843,0.7507993141633377
balanced_contour_3e-13_R4.2,-0.10499999999999998,s1*s4,0,18.677887251586988,31.356622021872564
balanced_contour_3e-13_R4.2,-0.10499999999999998,s1*s4,1,-7.637295169071458,-18.799632789296126
balanced_contour_3e-13_R4.2,-0.09,s1*s2,0,4.340266492491234,2.129903325948478
balanced_contour_3e-13_R4.2,-0.09,s1*s2,1,-8.044569422700395,-2.7901803856185214
balanced_contour_3e-13_R4.2,-0.09,s2*s3,0,0.8272531851343177,1.0052028976552754
balanced_contour_3e-13_R4.2,-0.09,s2*s3,1,0.11391290224852965,-0.4916708240723797
balanced_contour_3e-13_R4.2,-0.09,s3*s4,0,-0.269902031716047,-2.5010505100100158
balanced_contour_3e-13_R4.2,-0.09,s3*s4,1,-0.3184753522547211,0.7507993163250438
balanced_contour_3e-13_R4.2,-0.09,s1*s4,0,18.677887331858,31.356621983062695
balanced_contour_3e-13_R4.2,-0.09,s1*s4,1,-7.6372952506483545,-18.799632777187316
balanced_contour_3e-13_R4.2,-0.07500000000000001,s1*s2,0,4.340266491149455,2.1299032666939377
balanced_contour_3e-13_R4.2,-0.07500000000000001,s1*s2,1,-8.044569439097438,-2.790180341295061
balanced_contour_3e-13_R4.2,-0.07500000000000001,s2*s3,0,0.8272531883980702,1.0052028978665217
balanced_contour_3e-13_R4.2,-0.07500000000000001,s2*s3,1,0.1139128998911779,-0.49167082518834715
balanced_contour_3e-13_R4.2,-0.07500000000000001,s3*s4,0,-0.26990203632497345,-2.50105051096765
balanced_contour_3e-13_R4.2,-0.07500000000000001,s3*s4,1,-0.31847534912106473,0.750799318389393
balanced_contour_3e-13_R4.2,-0.07500000000000001,s1*s4,0,18.677887427903496,31.35662190037172
balanced_contour_3e-13_R4.2,-0.07500000000000001,s1*s4,1,-7.63729534610973,-18.799632744100766
balanced_contour_3e-13_R4.2,-0.06,s1*s2,0,4.340266478343736,2.129903189108686
balanced_contour_3e-13_R4.2,-0.06,s1*s2,1,-8.044569451564632,-2.790180286451964
balanced_contour_3e-13_R4.2,-0.06,s2*s3,0,0.8272531927553128,1.005202897366005
balanced_contour_3e-13_R4.2,-0.06,s2*s3,1,0.11391289687087759,-0.49167082603426326
balanced_contour_3e-13_R4.2,-0.06,s3*s4,0,-0.26990204279233393,-2.5010505111572177
balanced_contour_3e-13_R4.2,-0.06,s3*s4,1,-0.3184753448908755,0.7507993202618378
balanced_contour_3e-13_R4.2,-0.06,s1*s4,0,18.677887540165994,31.356621770439144
balanced_contour_3e-13_R4.2,-0.06,s1*s4,1,-7.637295455526485,-18.799632688373542
balanced_contour_3e-13_R4.2,-0.044999999999999984,s1*s2,0,4.340266454029941,2.1299030928056664
balanced_contour_3e-13_R4.2,-0.044999999999999984,s1*s2,1,-8.04456945989801,-2.7901802211408526
balanced_contour_3e-13_R4.2,-0.044999999999999984,s2*s3,0,0.8272531981904538,1.0052028960595045
balanced_contour_3e-13_R4.2,-0.044999999999999984,s2*s3,1,0.1139128931973604,-0.491670826544578
balanced_contour_3e-13_R4.2,-0.044999999999999984,s3*s4,0,-0.26990205120190425,-2.5010505104068526
balanced_contour_3e-13_R4.2,-0.044999999999999984,s3*s4,1,-0.3184753395147475,0.7507993218394181
balanced_contour_3e-13_R4.2,-0.044999999999999984,s1*s4,0,18.677887668943587,31.356621590513587
balanced_contour_3e-13_R4.2,-0.044999999999999984,s1*s4,1,-7.637295578654866,-18.799632608566714
balanced_contour_3e-13_R4.2,-0.03,s1*s2,0,4.3402664167484115,2.12990297832219
balanced_contour_3e-13_R4.2,-0.03,s1*s2,1,-8.044569463478892,-2.7901801452619592
balanced_contour_3e-13_R4.2,-0.03,s2*s3,0,0.8272532047173968,1.0052028937809048
balanced_contour_3e-13_R4.2,-0.03,s2*s3,1,0.11391288884360987,-0.4916708266615468
balanced_contour_3e-13_R4.2,-0.03,s3*s4,0,-0.2699020616837293,-2.5010505085143673
balanced_contour_3e-13_R4.2,-0.03,s3*s4,1,-0.31847533292006125,0.7507993230618626
balanced_contour_3e-13_R4.2,-0.03,s1*s4,0,18.677887812546032,31.35662135734485
balanced_contour_3e-13_R4.2,-0.03,s1*s4,1,-7.637295715329024,-18.79963250310516
balanced_contour_3e-13_R4.2,-0.015000000000000013,s1*s2,0,4.340266367730489,2.129902844530511
balanced_contour_3e-13_R4.2,-0.015000000000000013,s1*s2,1,-8.044569462488692,-2.790180059078268
balanced_contour_3e-13_R4.2,-0.015000000000000013,s2*s3,0,0.8272532122894244,1.0052028904958323
balanced_contour_3e-13_R4.2,-0.015000000000000013,s2*s3,1,0.11391288386162694,-0.4916708263128197
balanced_contour_3e-13_R4.2,-0.015000000000000013,s3*s4,0,-0.2699020742764906,-2.501050505325039
balanced_contour_3e-13_R4.2,-0.015000000000000013,s3*s4,1,-0.3184753250917074,0.7507993237807473
balanced_contour_3e-13_R4.2,-0.015000000000000013,s1*s4,0,18.677887972904305,31.356621068644117
balanced_contour_3e-13_R4.2,-0.015000000000000013,s1*s4,1,-7.637295865009172,-18.79963237075308
balanced_contour_3e-13_R4.2,0.0,s1*s2,0,4.340266305903754,2.1299026921406696
balanced_contour_3e-13_R4.2,0.0,s1*s2,1,-8.04456945637084,-2.790179962719506
balanced_contour_3e-13_R4.2,0.0,s2*s3,0,0.8272532208895126,1.0052028860626392
balanced_contour_3e-13_R4.2,0.0,s2*s3,1,0.11391287824863104,-0.49167082544208424
balanced_contour_3e-13_R4.2,0.0,s3*s4,0,-0.26990208905801705,-2.501050500647434
balanced_contour_3e-13_R4.2,0.0,s3*s4,1,-0.3184753159910777,0.7507993239221851
balanced_contour_3e-13_R4.2,0.0,s1*s4,0,18.677888148143854,31.356620722019976
balanced_contour_3e-13_R4.2,0.0,s1*s4,1,-7.6372960270026145,-18.799632210272176
balanced_contour_3e-13_R4.2,0.015000000000000013,s1*s2,0,4.340266231202316,2.1299025212864113
balanced_contour_3e-13_R4.2,0.015000000000000013,s1*s2,1,-8.044569444870021,-2.7901798564803775
balanced_contour_3e-13_R4.2,0.015000000000000013,s2*s3,0,0.8272532304756743,1.0052028803905932
balanced_contour_3e-13_R4.2,0.015000000000000013,s2*s3,1,0.1139128720341535,-0.49167082398842465
balanced_contour_3e-13_R4.2,0.015000000000000013,s3*s4,0,-0.2699021060666327,-2.501050494310632
balanced_contour_3e-13_R4.2,0.015000000000000013,s3*s4,1,-0.31847530560621073,0.750799323379581
balanced_contour_3e-13_R4.2,0.015000000000000013,s1*s4,0,18.677888337674037,31.356620315548636
balanced_contour_3e-13_R4.2,0.015000000000000013,s1*s4,1,-7.6372962004067775,-18.799632020613295
balanced_contour_3e-13_R4.2,0.030000000000000027,s1*s2,0,4.34026614348328,2.129902332517125
balanced_contour_3e-13_R4.2,0.030000000000000027,s1*s2,1,-8.044569427701253,-2.7901797407774955
balanced_contour_3e-13_R4.2,0.030000000000000027,s2*s3,0,0.827253240999046,1.0052028733945522
balanced_contour_3e-13_R4.2,0.030000000000000027,s2*s3,1,0.11391286525036728,-0.49167082189943906
balanced_contour_3e-13_R4.2,0.030000000000000027,s3*s4,0,-0.2699021253180723,-2.5010504861662324
balanced_contour_3e-13_R4.2,0.030000000000000027,s3*s4,1,-0.31847529394045315,0.7507993220623413
balanced_contour_3e-13_R4.2,0.030000000000000027,s1*s4,0,18.677888540368677,31.35661984808484
balanced_contour_3e-13_R4.2,0.030000000000000027,s1*s4,1,-7.637296384101499,-18.799631801092296
balanced_contour_3e-13_R4.2,0.044999999999999984,s1*s2,0,4.340266043632141,2.1299021253920793
balanced_contour_3e-13_R4.2,0.044999999999999984,s1*s2,1,-8.04456940492919,-2.7901796160944827
balanced_contour_3e-13_R4.2,0.044999999999999984,s2*s3,0,0.8272532524135059,1.0052028650378757
balanced_contour_3e-13_R4.2,0.044999999999999984,s2*s3,1,0.11391285795807145,-0.4916708191214562
balanced_contour_3e-13_R4.2,0.044999999999999984,s3*s4,0,-0.2699021468340136,-2.501050476090044
balanced_contour_3e-13_R4.2,0.044999999999999984,s3*s4,1,-0.3184752810192578,0.7507993198494538
balanced_contour_3e-13_R4.2,0.044999999999999984,s1*s4,0,18.677888757210184,31.356619318310862
balanced_contour_3e-13_R4.2,0.044999999999999984,s1*s4,1,-7.637296576941771,-18.79963155114222
balanced_contour_3e-13_R4.2,0.06,s1*s2,0,4.340265930037525,2.129901902537902
balanced_contour_3e-13_R4.2,0.06,s1*s2,1,-8.044569375642066,-2.7901794831293363
balanced_contour_3e-13_R4.2,0.06,s2*s3,0,0.8272532646138148,1.005202855198482
balanced_contour_3e-13_R4.2,0.06,s2*s3,1,0.11391285018599372,-0.4916708156160945
balanced_contour_3e-13_R4.2,0.06,s3*s4,0,-0.26990217050982385,-2.501050463914953
balanced_contour_3e-13_R4.2,0.06,s3*s4,1,-0.3184752668895349,0.750799316685218
balanced_contour_3e-13_R4.2,0.06,s1*s4,0,18.677888982457002,31.356618726843692
balanced_contour_3e-13_R4.2,0.06,s1*s4,1,-7.637296776576904,-18.799631270546158
balanced_contour_3e-13_R4.2,0.07500000000000001,s1*s2,0,4.340265804203104,2.129901663700376
balanced_contour_3e-13_R4.2,0.07500000000000001,s1*s2,1,-8.044569340052142,-2.7901793427048376
balanced_contour_3e-13_R4.2,0.07500000000000001,s2*s3,0,0.8272532775276104,1.0052028438926266
balanced_contour_3e-13_R4.2,0.07500000000000001,s2*s3,1,0.11391284202600452,-0.491670811343214
balanced_contour_3e-13_R4.2,0.07500000000000001,s3*s4,0,-0.2699021962985993,-2.5010504495757413
balanced_contour_3e-13_R4.2,0.07500000000000001,s3*s4,1,-0.3184752516311222,0.7507993124508441
balanced_contour_3e-13_R4.2,0.07500000000000001,s1*s4,0,18.677889217231886,31.356618074003595
balanced_contour_3e-13_R4.2,0.07500000000000001,s1*s4,1,-7.637296981211843,-18.79963095953269
balanced_contour_3e-13_R4.2,0.08999999999999997,s1*s2,0,4.340265665703411,2.1299014106128484
balanced_contour_3e-13_R4.2,0.08999999999999997,s1*s2,1,-8.044569297693272,-2.790179195718189
balanced_contour_3e-13_R4.2,0.08999999999999997,s2*s3,0,0.8272532910493843,1.0052028310731769
balanced_contour_3e-13_R4.2,0.08999999999999997,s2*s3,1,0.11391283354651874,-0.4916708062765585
balanced_contour_3e-13_R4.2,0.08999999999999997,s3*s4,0,-0.269902224075926,-2.5010504329717365
balanced_contour_3e-13_R4.2,0.08999999999999997,s3*s4,1,-0.31847523533883243,0.7507993070756684
balanced_contour_3e-13_R4.2,0.08999999999999997,s1*s4,0,18.67788945793464,31.356617361039564
balanced_contour_3e-13_R4.2,0.08999999999999997,s1*s4,1,-7.637297188274911,-18.79963061851431
balanced_contour_3e-13_R4.2,0.10499999999999998,s1*s2,0,4.340265515019941,2.1299011450061927
balanced_contour_3e-13_R4.2,0.10499999999999998,s1*s2,1,-8.044569248341439,-2.790179043418454
balanced_contour_3e-13_R4.2,0.10499999999999998,s2*s3,0,0.8272533050480333,1.0052028167607905
balanced_contour_3e-13_R4.2,0.10499999999999998,s2*s3,1,0.11391282484886676,-0.49167080040442057
balanced_contour_3e-13_R4.2,0.10499999999999998,s3*s4,0,-0.26990225364682346,-2.5010504140770795
balanced_contour_3e-13_R4.2,0.10499999999999998,s3*s4,1,-0.3184752181619856,0.7507993004921055
balanced_contour_3e-13_R4.2,0.10499999999999998,s1*s4,0,18.67788970163252,31.356616591000993
balanced_contour_3e-13_R4.2,0.10499999999999998,s1*s4,1,-7.637297394649245,-18.799630248792297
balanced_contour_3e-13_R4.2,0.12,s1*s2,0,4.340265353642395,2.129900867862558
balanced_contour_3e-13_R4.2,0.12,s1*s2,1,-8.044569192100305,-2.7901788871657978
balanced_contour_3e-13_R4.2,0.12,s2*s3,0,0.8272533194124607,1.005202801020754
balanced_contour_3e-13_R4.2,0.12,s2*s3,1,0.1139128160550037,-0.4916707937194703
balanced_contour_3e-13_R4.2,0.12,s3*s4,0,-0.2699022848502346,-2.5010503929150256
balanced_contour_3e-13_R4.2,0.12,s3*s4,1,-0.3184752002675306,0.7507992926216243
balanced_contour_3e-13_R4.2,0.12,s1*s4,0,18.677889947741704,31.35661576716627
balanced_contour_3e-13_R4.2,0.12,s1*s4,1,-7.637297597282307,-18.799629852005626
balanced_contour_3e-13_R4.2,0.135,s1*s2,0,4.340265179492386,2.1299005846346386
balanced_contour_3e-13_R4.2,0.135,s1*s2,1,-8.044569127590997,-2.7901787286978394
balanced_contour_3e-13_R4.2,0.135,s2*s3,0,0.8272533338544992,1.005202783816069
balanced_contour_3e-13_R4.2,0.135,s2*s3,1,0.11391280727715085,-0.49167078621343413
balanced_contour_3e-13_R4.2,0.135,s3*s4,0,-0.26990231718815894,-2.501050369376193
balanced_contour_3e-13_R4.2,0.135,s3*s4,1,-0.3184751818830926,0.7507992834088095
balanced_contour_3e-13_R4.2,0.135,s1*s4,0,18.677890183932647,31.35661489566554
balanced_contour_3e-13_R4.2,0.135,s1*s4,1,-7.637297790558071,-18.79962942970112
balanced_contour_3e-13_R4.2,0.15000000000000002,s1*s2,0,4.340264995341145,2.129900296225487
balanced_contour_3e-13_R4.2,0.15000000000000002,s1*s2,1,-8.044569055428083,-2.7901785699527313
balanced_contour_3e-13_R4.2,0.15000000000000002,s2*s3,0,0.8272533482550344,1.0052027653364644
balanced_contour_3e-13_R4.2,0.15000000000000002,s2*s3,1,0.1139127986855975,-0.49167077792888386
balanced_contour_3e-13_R4.2,0.15000000000000002,s3*s4,0,-0.269902350411124,-2.5010503436588434
balanced_contour_3e-13_R4.2,0.15000000000000002,s3*s4,1,-0.3184751632791029,0.7507992728251153
balanced_contour_3e-13_R4.2,0.15000000000000002,s1*s4,0,18.677890411069974,31.356613982944715
balanced_contour_3e-13_R4.2,0.15000000000000002,s1*s4,1,-7.637297970722949,-18.799628985615506
balanced_contour_3e-13_R4.2,0.16499999999999998,s1*s2,0,4.340264802255649,2.129900006481876
balanced_contour_3e-13_R4.2,0.16499999999999998,s1*s2,1,-8.044568975355347,-2.790178413343878
balanced_contour_3e-13_R4.2,0.16499999999999998,s2*s3,0,0.827253362370079,1.005202745742524
balanced_contour_3e-13_R4.2,0.16499999999999998,s2*s3,1,0.11391279046341761,-0.4916707689132342
balanced_contour_3e-13_R4.2,0.16499999999999998,s3*s4,0,-0.2699023840284169,-2.5010503159168054
balanced_contour_3e-13_R4.2,0.16499999999999998,s3*s4,1,-0.318475144793801,0.7507992608534546
balanced_contour_3e-13_R4.2,0.16499999999999998,s1*s4,0,18.677890623064332,31.35661303835331
balanced_contour_3e-13_R4.2,0.16499999999999998,s1*s4,1,-7.63729813198828,-18.799628523864317
balanced_contour_3e-13_R4.2,0.18,s1*s2,0,4.340264600271207,2.1298997206792283
balanced_contour_3e-13_R4.2,0.18,s1*s2,1,-8.044568886742907,-2.7901782615452184
balanced_contour_3e-13_R4.2,0.18,s2*s3,0,0.827253375877523,1.0052027251936475
balanced_contour_3e-13_R4.2,0.18,s2*s3,1,0.11391278281191661,-0.49167075922573855
balanced_contour_3e-13_R4.2,0.18,s3*s4,0,-0.269902417380407,-2.501050286281221
balanced_contour_3e-13_R4.2,0.18,s3*s4,1,-0.31847512682492907,0.750799247484088
balanced_contour_3e-13_R4.2,0.18,s1*s4,0,18.67789080963985,31.356612072761386
balanced_contour_3e-13_R4.2,0.18,s1*s4,1,-7.6372982673286645,-18.799628048971
balanced_contour_3e-13_R4.2,0.195,s1*s2,0,4.340264393620212,2.129899441487556
balanced_contour_3e-13_R4.2,0.195,s1*s2,1,-8.044568790574926,-2.790178117794353
balanced_contour_3e-13_R4.2,0.195,s2*s3,0,0.8272533885993987,1.0052027040687666
balanced_contour_3e-13_R4.2,0.195,s2*s3,1,0.11391277597772621,-0.491670749000365
balanced_contour_3e-13_R4.2,0.195,s3*s4,0,-0.2699024499901529,-2.5010502552533787
balanced_contour_3e-13_R4.2,0.195,s3*s4,1,-0.3184751098397633,0.7507992328024764
balanced_contour_3e-13_R4.2,0.195,s1*s4,0,18.677890971095692,31.35661110012181
balanced_contour_3e-13_R4.2,0.195,s1*s4,1,-7.63729837090009,-18.799627568656096
balanced_contour_3e-13_R4.2,0.20999999999999996,s1*s2,0,4.340264179191531,2.129899179452738
balanced_contour_3e-13_R4.2,0.20999999999999996,s1*s2,1,-8.04456868475162,-2.7901779855900024
balanced_contour_3e-13_R4.2,0.20999999999999996,s2*s3,0,0.8272533999099508,1.0052026824827351
balanced_contour_3e-13_R4.2,0.20999999999999996,s2*s3,1,0.11391277021211524,-0.4916707382820651
balanced_contour_3e-13_R4.2,0.20999999999999996,s3*s4,0,-0.26990248063238653,-2.5010502228185483
balanced_contour_3e-13_R4.2,0.20999999999999996,s3*s4,1,-0.31847509436848126,0.7507992167616285
balanced_contour_3e-13_R4.2,0.20999999999999996,s1*s4,0,18.677891082786417,31.356610136364623
balanced_contour_3e-13_R4.2,0.20999999999999996,s1*s4,1,-7.637298431725045,-18.799627087571977
balanced_contour_3e-13_R4.2,0.22499999999999998,s1*s2,0,4.340263962976135,2.129898938604615
balanced_contour_3e-13_R4.2,0.22499999999999998,s1*s2,1,-8.04456857079892,-2.7901778694822177
balanced_contour_3e-13_R4.2,0.22499999999999998,s2*s3,0,0.8272534095697894,1.0052026610217308
balanced_contour_3e-13_R4.2,0.22499999999999998,s2*s3,1,0.11391276584417008,-0.49167072729448025
balanced_contour_3e-13_R4.2,0.22499999999999998,s3*s4,0,-0.26990250859040976,-2.5010501897762887
balanced_contour_3e-13_R4.2,0.22499999999999998,s3*s4,1,-0.31847508107718137,0.7507991995489753
balanced_contour_3e-13_R4.2,0.22499999999999998,s1*s4,0,18.677891144990305,31.356609202717124
balanced_contour_3e-13_R4.2,0.22499999999999998,s1*s4,1,-7.637298442012864,-18.799626617447075
balanced_contour_3e-13_R4.2,0.24,s1*s2,0,4.340263747517262,2.12989872726727
balanced_contour_3e-13_R4.2,0.24,s1*s2,1,-8.044568448848434,-2.7901777744118226
balanced_contour_3e-13_R4.2,0.24,s2*s3,0,0.8272534171057186,1.0052026401798446
balanced_contour_3e-13_R4.2,0.24,s2*s3,1,0.11391276321887109,-0.4916707162433776
balanced_contour_3e-13_R4.2,0.24,s3*s4,0,-0.2699025327221111,-2.5010501567387333
balanced_contour_3e-13_R4.2,0.24,s3*s4,1,-0.3184750707078185,0.7507991813241235
balanced_contour_3e-13_R4.2,0.24,s1*s4,0,18.67789114528396,31.35660832299076
balanced_contour_3e-13_R4.2,0.24,s1*s4,1,-7.637298391088252,-18.799626169521755
balanced_contour_3e-13_R5.4,-0.24,s1*s2,0,4.340266305889879,2.129902692218285
balanced_contour_3e-13_R5.4,-0.24,s1*s2,1,-8.044569456338948,-2.7901799627385464
balanced_contour_3e-13_R5.4,-0.24,s2*s3,0,0.8272532208815991,1.0052028860569104
balanced_contour_3e-13_R5.4,-0.24,s2*s3,1,0.11391287825003185,-0.4916708254384428
balanced_contour_3e-13_R5.4,-0.24,s3*s4,0,-0.26990208905235025,-2.501050500634111
balanced_contour_3e-13_R5.4,-0.24,s3*s4,1,-0.3184753159907747,0.7507993239162692
balanced_contour_3e-13_R5.4,-0.24,s1*s4,0,18.677888147948785,31.356620721982313
balanced_contour_3e-13_R5.4,-0.24,s1*s4,1,-7.6372960269290076,-18.799632210204436
balanced_contour_3e-13_R5.4,-0.22499999999999998,s1*s2,0,4.340266305906871,2.129902692233771
balanced_contour_3e-13_R5.4,-0.22499999999999998,s1*s2,1,-8.044569456338731,-2.7901799627475334
balanced_contour_3e-13_R5.4,-0.22499999999999998,s2*s3,0,0.8272532208804461,1.0052028860575892
balanced_contour_3e-13_R5.4,-0.22499999999999998,s2*s3,1,0.11391287825014021,-0.4916708254382857
balanced_contour_3e-13_R5.4,-0.22499999999999998,s3*s4,0,-0.26990208905000423,-2.501050500634697
balanced_contour_3e-13_R5.4,-0.22499999999999998,s3*s4,1,-0.3184753159910808,0.750799323916343
balanced_contour_3e-13_R5.4,-0.22499999999999998,s1*s4,0,18.677888147935732,31.35662072203012
balanced_contour_3e-13_R5.4,-0.22499999999999998,s1*s4,1,-7.637296026919076,-18.79963221021711
balanced_contour_3e-13_R5.4,-0.21,s1*s2,0,4.3402663058688855,2.129902692317375
balanced_contour_3e-13_R5.4,-0.21,s1*s2,1,-8.044569456328325,-2.7901799627559027
balanced_contour_3e-13_R5.4,-0.21,s2*s3,0,0.8272532208834469,1.005202886054991
balanced_contour_3e-13_R5.4,-0.21,s2*s3,1,0.11391287824741365,-0.49167082543965146
balanced_contour_3e-13_R5.4,-0.21,s3*s4,0,-0.2699020890556755,-2.501050500638602
balanced_contour_3e-13_R5.4,-0.21,s3*s4,1,-0.3184753159889693,0.7507993239219235
balanced_contour_3e-13_R5.4,-0.21,s1*s4,0,18.677888147907844,31.35662072211519
balanced_contour_3e-13_R5.4,-0.21,s1*s4,1,-7.637296026949681,-18.799632210268754
balanced_contour_3e-13_R5.4,-0.195,s1*s2,0,4.340266305914771,2.1299026921740833
balanced_contour_3e-13_R5.4,-0.195,s1*s2,1,-8.044569456360744,-2.7901799627326405
balanced_contour_3e-13_R5.4,-0.195,s2*s3,0,0.8272532208838909,1.0052028860609445
balanced_contour_3e-13_R5.4,-0.195,s2*s3,1,0.11391287825033888,-0.4916708254401532
balanced_contour_3e-13_R5.4,-0.195,s3*s4,0,-0.2699020890528944,-2.501050500640639
balanced_contour_3e-13_R5.4,-0.195,s3*s4,1,-0.31847531599183004,0.7507993239184474
balanced_contour_3e-13_R5.4,-0.195,s1*s4,0,18.677888148044154,31.356620722016572
balanced_contour_3e-13_R5.4,-0.195,s1*s4,1,-7.637296026955508,-18.799632210241455
balanced_contour_3e-13_R5.4,-0.18,s1*s2,0,4.340266305855375,2.12990269226051
balanced_contour_3e-13_R5.4,-0.18,s1*s2,1,-8.044569456339946,-2.790179962743526
balanced_contour_3e-13_R5.4,-0.18,s2*s3,0,0.8272532208850505,1.0052028860589566
balanced_contour_3e-13_R5.4,-0.18,s2*s3,1,0.11391287824866818,-0.4916708254416952
balanced_contour_3e-13_R5.4,-0.18,s3*s4,0,-0.2699020890535253,-2.501050500642419
balanced_contour_3e-13_R5.4,-0.18,s3*s4,1,-0.31847531599206436,0.7507993239225961
balanced_contour_3e-13_R5.4,-0.18,s1*s4,0,18.677888147926566,31.35662072209323
balanced_contour_3e-13_R5.4,-0.18,s1*s4,1,-7.63729602694042,-18.799632210286234
balanced_contour_3e-13_R5.4,-0.16499999999999998,s1*s2,0,4.340266305901254,2.129902692173354
balanced_contour_3e-13_R5.4,-0.16499999999999998,s1*s2,1,-8.044569456357662,-2.790179962734351
balanced_contour_3e-13_R5.4,-0.16499999999999998,s2*s3,0,0.8272532208840914,1.0052028860616518
balanced_contour_3e-13_R5.4,-0.16499999999999998,s2*s3,1,0.1139128782506329,-0.49167082544079416
balanced_contour_3e-13_R5.4,-0.16499999999999998,s3*s4,0,-0.2699020890516643,-2.5010505006412127
balanced_contour_3e-13_R5.4,-0.16499999999999998,s3*s4,1,-0.31847531599303663,0.7507993239186626
balanced_contour_3e-13_R5.4,-0.16499999999999998,s1*s4,0,18.677888148018468,31.356620722022647
balanced_contour_3e-13_R5.4,-0.16499999999999998,s1*s4,1,-7.637296026938493,-18.79963221025265
balanced_contour_3e-13_R5.4,-0.15,s1*s2,0,4.340266305853333,2.1299026922459245
balanced_contour_3e-13_R5.4,-0.15,s1*s2,1,-8.044569456343249,-2.790179962738862
balanced_contour_3e-13_R5.4,-0.15,s2*s3,0,0.8272532208863286,1.0052028860595632
balanced_contour_3e-13_R5.4,-0.15,s2*s3,1,0.11391287824845864,-0.4916708254421379
balanced_contour_3e-13_R5.4,-0.15,s3*s4,0,-0.26990208905477586,-2.5010505006443013
balanced_contour_3e-13_R5.4,-0.15,s3*s4,1,-0.3184753159919638,0.7507993239232789
balanced_contour_3e-13_R5.4,-0.15,s1*s4,0,18.67788814795588,31.356620722090273
balanced_contour_3e-13_R5.4,-0.15,s1*s4,1,-7.637296026951173,-18.799632210291296
balanced_contour_3e-13_R5.4,-0.135,s1*s2,0,4.340266305909561,2.1299026921535282
balanced_contour_3e-13_R5.4,-0.135,s1*s2,1,-8.04456945636209,-2.7901799627267767
balanced_contour_3e-13_R5.4,-0.135,s2*s3,0,0.8272532208847144,1.0052028860611406
balanced_contour_3e-13_R5.4,-0.135,s2*s3,1,0.11391287825053897,-0.49167082544045615
balanced_contour_3e-13_R5.4,-0.135,s3*s4,0,-0.26990208905446555,-2.5010505006406465
balanced_contour_3e-13_R5.4,-0.135,s3*s4,1,-0.3184753159918729,0.7507993239181332
balanced_contour_3e-13_R5.4,-0.135,s1*s4,0,18.67788814806496,31.35662072198572
balanced_contour_3e-13_R5.4,-0.135,s1*s4,1,-7.637296026956825,-18.799632210235472
balanced_contour_3e-13_R5.4,-0.12,s1*s2,0,4.340266305823064,2.129902692237449
balanced_contour_3e-13_R5.4,-0.12,s1*s2,1,-8.044569456331764,-2.790179962727811
balanced_contour_3e-13_R5.4,-0.12,s2*s3,0,0.8272532208858713,1.0052028860583717
balanced_contour_3e-13_R5.4,-0.12,s2*s3,1,0.11391287824859743,-0.4916708254418991
balanced_contour_3e-13_R5.4,-0.12,s3*s4,0,-0.26990208905446955,-2.5010505006415054
balanced_contour_3e-13_R5.4,-0.12,s3*s4,1,-0.31847531599224177,0.7507993239221843
balanced_contour_3e-13_R5.4,-0.12,s1*s4,0,18.677888147907822,31.356620722031007
balanced_contour_3e-13_R5.4,-0.12,s1*s4,1,-7.637296026936852,-18.79963221026021
balanced_contour_3e-13_R5.4,-0.10499999999999998,s1*s2,0,4.340266305904892,2.1299026921572266
balanced_contour_3e-13_R5.4,-0.10499999999999998,s1*s2,1,-8.044569456363803,-2.790179962727767
balanced_contour_3e-13_R5.4,-0.10499999999999998,s2*s3,0,0.8272532208856378,1.0052028860625462
balanced_contour_3e-13_R5.4,-0.10499999999999998,s2*s3,1,0.11391287825030355,-0.4916708254414525
balanced_contour_3e-13_R5.4,-0.10499999999999998,s3*s4,0,-0.26990208905346447,-2.5010505006433665
balanced_contour_3e-13_R5.4,-0.10499999999999998,s3*s4,1,-0.3184753159927637,0.7507993239196725
balanced_contour_3e-13_R5.4,-0.10499999999999998,s1*s4,0,18.677888148063413,31.35662072202126
balanced_contour_3e-13_R5.4,-0.10499999999999998,s1*s4,1,-7.637296026957769,-18.799632210258913
balanced_contour_3e-13_R5.4,-0.09,s1*s2,0,4.340266305853138,2.1299026922250044
balanced_contour_3e-13_R5.4,-0.09,s1*s2,1,-8.044569456350212,-2.790179962734864
balanced_contour_3e-13_R5.4,-0.09,s2*s3,0,0.827253220887472,1.005202886061933
balanced_contour_3e-13_R5.4,-0.09,s2*s3,1,0.11391287824860312,-0.49167082544324886
balanced_contour_3e-13_R5.4,-0.09,s3*s4,0,-0.26990208905317914,-2.5010505006476613
balanced_contour_3e-13_R5.4,-0.09,s3*s4,1,-0.31847531599337736,0.7507993239244163
balanced_contour_3e-13_R5.4,-0.09,s1*s4,0,18.677888147974137,31.356620722108506
balanced_contour_3e-13_R5.4,-0.09,s1*s4,1,-7.637296026954742,-18.799632210310442
balanced_contour_3e-13_R5.4,-0.07500000000000001,s1*s2,0,4.340266305886518,2.1299026921467945
balanced_contour_3e-13_R5.4,-0.07500000000000001,s1*s2,1,-8.044569456362641,-2.790179962723089
balanced_contour_3e-13_R5.4,-0.07500000000000001,s2*s3,0,0.827253220886992,1.005202886063154
balanced_contour_3e-13_R5.4,-0.07500000000000001,s2*s3,1,0.1139128782499746,-0.4916708254422737
balanced_contour_3e-13_R5.4,-0.07500000000000001,s3*s4,0,-0.26990208905339264,-2.5010505006448076
balanced_contour_3e-13_R5.4,-0.07500000000000001,s3*s4,1,-0.3184753159934775,0.7507993239207714
balanced_contour_3e-13_R5.4,-0.07500000000000001,s1*s4,0,18.677888148058297,31.356620722012185
balanced_contour_3e-13_R5.4,-0.07500000000000001,s1*s4,1,-7.637296026959016,-18.79963221026858
balanced_contour_3e-13_R5.4,-0.06,s1*s2,0,4.340266305834479,2.129902692195107
balanced_contour_3e-13_R5.4,-0.06,s1*s2,1,-8.044569456339312,-2.7901799627238058
balanced_contour_3e-13_R5.4,-0.06,s2*s3,0,0.8272532208864142,1.0052028860607845
balanced_contour_3e-13_R5.4,-0.06,s2*s3,1,0.1139128782491764,-0.49167082544230073
balanced_contour_3e-13_R5.4,-0.06,s3*s4,0,-0.2699020890522022,-2.5010505006426884
balanced_contour_3e-13_R5.4,-0.06,s3*s4,1,-0.31847531599358325,0.7507993239214896
balanced_contour_3e-13_R5.4,-0.06,s1*s4,0,18.677888147937352,31.356620722014657
balanced_contour_3e-13_R5.4,-0.06,s1*s4,1,-7.637296026932447,-18.799632210260526
balanced_contour_3e-13_R5.4,-0.044999999999999984,s1*s2,0,4.3402663058757405,2.1299026921414184
balanced_contour_3e-13_R5.4,-0.044999999999999984,s1*s2,1,-8.044569456354145,-2.790179962716454
balanced_contour_3e-13_R5.4,-0.044999999999999984,s2*s3,0,0.8272532208870086,1.0052028860613458
balanced_contour_3e-13_R5.4,-0.044999999999999984,s2*s3,1,0.11391287824964876,-0.491670825441373
balanced_contour_3e-13_R5.4,-0.044999999999999984,s3*s4,0,-0.26990208905492136,-2.501050500642126
balanced_contour_3e-13_R5.4,-0.044999999999999984,s3*s4,1,-0.31847531599243933,0.7507993239194699
balanced_contour_3e-13_R5.4,-0.044999999999999984,s1*s4,0,18.67788814805174,31.356620721961537
balanced_contour_3e-13_R5.4,-0.044999999999999984,s1*s4,1,-7.637296026958272,-18.799632210235707
balanced_contour_3e-13_R5.4,-0.03,s1*s2,0,4.3402663058624436,2.1299026921580184
balanced_contour_3e-13_R5.4,-0.03,s1*s2,1,-8.044569456352356,-2.790179962717277
balanced_contour_3e-13_R5.4,-0.03,s2*s3,0,0.8272532208877577,1.0052028860612223
balanced_contour_3e-13_R5.4,-0.03,s2*s3,1,0.11391287824908236,-0.49167082544186597
balanced_contour_3e-13_R5.4,-0.03,s3*s4,0,-0.2699020890553121,-2.501050500644063
balanced_contour_3e-13_R5.4,-0.03,s3*s4,1,-0.31847531599237233,0.7507993239210627
balanced_contour_3e-13_R5.4,-0.03,s1*s4,0,18.677888148037095,31.356620721989646
balanced_contour_3e-13_R5.4,-0.03,s1*s4,1,-7.637296026963939,-18.799632210251662
balanced_contour_3e-13_R5.4,-0.015000000000000013,s1*s2,0,4.340266305893333,2.129902692141135
balanced_contour_3e-13_R5.4,-0.015000000000000013,s1*s2,1,-8.044569456368821,-2.790179962716682
balanced_contour_3e-13_R5.4,-0.015000000000000013,s2*s3,0,0.8272532208894705,1.0052028860621032
balanced_contour_3e-13_R5.4,-0.015000000000000013,s2*s3,1,0.1139128782484787,-0.49167082544199564
balanced_contour_3e-13_R5.4,-0.015000000000000013,s3*s4,0,-0.2699020890582395,-2.5010505006469583
balanced_contour_3e-13_R5.4,-0.015000000000000013,s3*s4,1,-0.31847531599086304,0.7507993239222643
balanced_contour_3e-13_R5.4,-0.015000000000000013,s1*s4,0,18.677888148132546,31.35662072200673
balanced_contour_3e-13_R5.4,-0.015000000000000013,s1*s4,1,-7.637296027005871,-18.79963221026739
balanced_contour_3e-13_R5.4,0.0,s1*s2,0,4.340266305903752,2.1299026921406687
balanced_contour_3e-13_R5.4,0.0,s1*s2,1,-8.04456945637084,-2.790179962719506
balanced_contour_3e-13_R5.4,0.0,s2*s3,0,0.8272532208895128,1.0052028860626399
balanced_contour_3e-13_R5.4,0.0,s2*s3,1,0.11391287824863093,-0.4916708254420843
balanced_contour_3e-13_R5.4,0.0,s3*s4,0,-0.26990208905801705,-2.5010505006474353
balanced_contour_3e-13_R5.4,0.0,s3*s4,1,-0.31847531599107765,0.7507993239221853
balanced_contour_3e-13_R5.4,0.0,s1*s4,0,18.67788814814386,31.356620722019986
balanced_contour_3e-13_R5.4,0.0,s1*s4,1,-7.637296027002615,-18.799632210272176
balanced_contour_3e-13_R5.4,0.015000000000000013,s1*s2,0,4.340266305826461,2.1299026921643476
balanced_contour_3e-13_R5.4,0.015000000000000013,s1*s2,1,-8.044569456335966,-2.7901799627091175
balanced_contour_3e-13_R5.4,0.015000000000000013,s2*s3,0,0.8272532208879254,1.0052028860586715
balanced_contour_3e-13_R5.4,0.015000000000000013,s2*s3,1,0.11391287824831009,-0.49167082544096735
balanced_contour_3e-13_R5.4,0.015000000000000013,s3*s4,0,-0.2699020890562959,-2.5010505006399044
balanced_contour_3e-13_R5.4,0.015000000000000013,s3*s4,1,-0.3184753159910982,0.7507993239197791
balanced_contour_3e-13_R5.4,0.015000000000000013,s1*s4,0,18.677888147982294,31.356620721921686
balanced_contour_3e-13_R5.4,0.015000000000000013,s1*s4,1,-7.6372960269588885,-18.799632210210227
balanced_contour_3e-13_R5.4,0.030000000000000027,s1*s2,0,4.340266305797232,2.1299026921942787
balanced_contour_3e-13_R5.4,0.030000000000000027,s1*s2,1,-8.044569456321085,-2.7901799627087187
balanced_contour_3e-13_R5.4,0.030000000000000027,s2*s3,0,0.8272532208867177,1.0052028860570241
balanced_contour_3e-13_R5.4,0.030000000000000027,s2*s3,1,0.11391287824804514,-0.4916708254403774
balanced_contour_3e-13_R5.4,0.030000000000000027,s3*s4,0,-0.2699020890546963,-2.5010505006376103
balanced_contour_3e-13_R5.4,0.030000000000000027,s3*s4,1,-0.3184753159908625,0.750799323919158
balanced_contour_3e-13_R5.4,0.030000000000000027,s1*s4,0,18.67788814789928,31.35662072191875
balanced_contour_3e-13_R5.4,0.030000000000000027,s1*s4,1,-7.637296026941854,-18.799632210190982
balanced_contour_3e-13_R5.4,0.044999999999999984,s1*s2,0,4.340266305766035,2.129902692189127
balanced_contour_3e-13_R5.4,0.044999999999999984,s1*s2,1,-8.04456945631583,-2.7901799626935224
balanced_contour_3e-13_R5.4,0.044999999999999984,s2*s3,0,0.8272532208884148,1.005202886054242
balanced_contour_3e-13_R5.4,0.044999999999999984,s2*s3,1,0.11391287824649994,-0.4916708254398589
balanced_contour_3e-13_R5.4,0.044999999999999984,s3*s4,0,-0.26990208905831997,-2.501050500635626
balanced_contour_3e-13_R5.4,0.044999999999999984,s3*s4,1,-0.31847531598834,0.7507993239196009
balanced_contour_3e-13_R5.4,0.044999999999999984,s1*s4,0,18.677888147892066,31.356620721849925
balanced_contour_3e-13_R5.4,0.044999999999999984,s1*s4,1,-7.637296026973373,-18.799632210161175
balanced_contour_3e-13_R5.4,0.06,s1*s2,0,4.3402663057528,2.129902692231859
balanced_contour_3e-13_R5.4,0.06,s1*s2,1,-8.044569456300904,-2.7901799626989834
balanced_contour_3e-13_R5.4,0.06,s2*s3,0,0.8272532208857324,1.0052028860531563
balanced_contour_3e-13_R5.4,0.06,s2*s3,1,0.11391287824688168,-0.4916708254389488
balanced_contour_3e-13_R5.4,0.06,s3*s4,0,-0.2699020890553052,-2.5010505006333745
balanced_contour_3e-13_R5.4,0.06,s3*s4,1,-0.3184753159885315,0.7507993239182954
balanced_contour_3e-13_R5.4,0.06,s1*s4,0,18.677888147802076,31.356620721880702
balanced_contour_3e-13_R5.4,0.06,s1*s4,1,-7.637296026943819,-18.79963221014289
balanced_contour_3e-13_R5.4,0.07500000000000001,s1*s2,0,4.3402663057431345,2.1299026922622435
balanced_contour_3e-13_R5.4,0.07500000000000001,s1*s2,1,-8.044569456286924,-2.790179962699541
balanced_contour_3e-13_R5.4,0.07500000000000001,s2*s3,0,0.827253220883692,1.0052028860507372
balanced_contour_3e-13_R5.4,0.07500000000000001,s2*s3,1,0.11391287824671255,-0.49167082543719515
balanced_contour_3e-13_R5.4,0.07500000000000001,s3*s4,0,-0.2699020890536863,-2.5010505006291894
balanced_contour_3e-13_R5.4,0.07500000000000001,s3*s4,1,-0.31847531598742024,0.7507993239157936
balanced_contour_3e-13_R5.4,0.07500000000000001,s1*s4,0,18.677888147733093,31.356620721871302
balanced_contour_3e-13_R5.4,0.07500000000000001,s1*s4,1,-7.637296026928244,-18.799632210101535
balanced_contour_3e-13_R5.4,0.08999999999999997,s1*s2,0,4.34026630575102,2.129902692319815
balanced_contour_3e-13_R5.4,0.08999999999999997,s1*s2,1,-8.044569456279504,-2.7901799627238733
balanced_contour_3e-13_R5.4,0.08999999999999997,s2*s3,0,0.8272532208806286,1.0052028860527655
balanced_contour_3e-13_R5.4,0.08999999999999997,s2*s3,1,0.11391287824800418,-0.4916708254376075
balanced_contour_3e-13_R5.4,0.08999999999999997,s3*s4,0,-0.2699020890474828,-2.5010505006308357
balanced_contour_3e-13_R5.4,0.08999999999999997,s3*s4,1,-0.31847531599004225,0.7507993239158459
balanced_contour_3e-13_R5.4,0.08999999999999997,s1*s4,0,18.67788814764343,31.356620721995505
balanced_contour_3e-13_R5.4,0.08999999999999997,s1*s4,1,-7.63729602687452,-18.79963221013903
balanced_contour_3e-13_R5.4,0.10499999999999998,s1*s2,0,4.3402663059473126,2.1299026920057247
balanced_contour_3e-13_R5.4,0.10499999999999998,s1*s2,1,-8.044569456415728,-2.7901799627080814
balanced_contour_3e-13_R5.4,0.10499999999999998,s2*s3,0,0.8272532208970034,1.0052028860666988
balanced_contour_3e-13_R5.4,0.10499999999999998,s2*s3,1,0.11391287824851289,-0.49167082544517626
balanced_contour_3e-13_R5.4,0.10499999999999998,s3*s4,0,-0.26990208906665414,-2.5010505006545802
balanced_contour_3e-13_R5.4,0.10499999999999998,s3*s4,1,-0.3184753159923172,0.7507993239260352
balanced_contour_3e-13_R5.4,0.10499999999999998,s1*s4,0,18.677888148422486,31.35662072193298
balanced_contour_3e-13_R5.4,0.10499999999999998,s1*s4,1,-7.637296027070085,-18.799632210341187
balanced_contour_3e-13_R5.4,0.12,s1*s2,0,4.340266305908929,2.1299026919137685
balanced_contour_3e-13_R5.4,0.12,s1*s2,1,-8.044569456439847,-2.7901799626805284
balanced_contour_3e-13_R5.4,0.12,s2*s3,0,0.8272532209035689,1.0052028860657907
balanced_contour_3e-13_R5.4,0.12,s2*s3,1,0.11391287824675009,-0.4916708254473697
balanced_contour_3e-13_R5.4,0.12,s3*s4,0,-0.26990208907552804,-2.5010505006565724
balanced_contour_3e-13_R5.4,0.12,s3*s4,1,-0.31847531599117607,0.7507993239302149
balanced_contour_3e-13_R5.4,0.12,s1*s4,0,18.677888148550892,31.35662072177568
balanced_contour_3e-13_R5.4,0.12,s1*s4,1,-7.637296027151869,-18.799632210365296
balanced_contour_3e-13_R5.4,0.135,s1*s2,0,4.340266305943719,2.129902691825002
balanced_contour_3e-13_R5.4,0.135,s1*s2,1,-8.044569456462426,-2.790179962664255
balanced_contour_3e-13_R5.4,0.135,s2*s3,0,0.8272532209080046,1.0052028860667763
balanced_contour_3e-13_R5.4,0.135,s2*s3,1,0.11391287824629018,-0.49167082544781643
balanced_contour_3e-13_R5.4,0.135,s3*s4,0,-0.2699020890836928,-2.501050500658156
balanced_contour_3e-13_R5.4,0.135,s3*s4,1,-0.31847531598920614,0.7507993239307837
balanced_contour_3e-13_R5.4,0.135,s1*s4,0,18.677888148751947,31.35662072166746
balanced_contour_3e-13_R5.4,0.135,s1*s4,1,-7.6372960272138615,-18.799632210355757
balanced_contour_3e-13_R5.4,0.15000000000000002,s1*s2,0,4.3402663058069955,2.1299026918008
balanced_contour_3e-13_R5.4,0.15000000000000002,s1*s2,1,-8.044569456453997,-2.790179962609299
balanced_contour_3e-13_R5.4,0.15000000000000002,s2*s3,0,0.8272532209125022,1.0052028860574302
balanced_contour_3e-13_R5.4,0.15000000000000002,s2*s3,1,0.11391287824132681,-0.491670825446902
balanced_contour_3e-13_R5.4,0.15000000000000002,s3*s4,0,-0.2699020890931137,-2.50105050064969
balanced_contour_3e-13_R5.4,0.15000000000000002,s3*s4,1,-0.31847531598150725,0.7507993239332332
balanced_contour_3e-13_R5.4,0.15000000000000002,s1*s4,0,18.677888148663907,31.356620721395625
balanced_contour_3e-13_R5.4,0.15000000000000002,s1*s4,1,-7.6372960273349495,-18.7996322102693
balanced_contour_3e-13_R5.4,0.16499999999999998,s1*s2,0,4.340266305883396,2.1299026918273434
balanced_contour_3e-13_R5.4,0.16499999999999998,s1*s2,1,-8.044569456470768,-2.790179962631711
balanced_contour_3e-13_R5.4,0.16499999999999998,s2*s3,0,0.8272532209124933,1.0052028860586908
balanced_contour_3e-13_R5.4,0.16499999999999998,s2*s3,1,0.11391287824098834,-0.4916708254459864
balanced_contour_3e-13_R5.4,0.16499999999999998,s3*s4,0,-0.26990208909429436,-2.5010505006548285
balanced_contour_3e-13_R5.4,0.16499999999999998,s3*s4,1,-0.3184753159798711,0.750799323934411
balanced_contour_3e-13_R5.4,0.16499999999999998,s1*s4,0,18.677888148770247,31.356620721524607
balanced_contour_3e-13_R5.4,0.16499999999999998,s1*s4,1,-7.637296027360583,-18.79963221030834
balanced_contour_3e-13_R5.4,0.18,s1*s2,0,4.340266305922697,2.1299026918439976
balanced_contour_3e-13_R5.4,0.18,s1*s2,1,-8.044569456485544,-2.7901799626784873
balanced_contour_3e-13_R5.4,0.18,s2*s3,0,0.8272532209128106,1.0052028860650706
balanced_contour_3e-13_R5.4,0.18,s2*s3,1,0.11391287824300422,-0.4916708254498731
balanced_contour_3e-13_R5.4,0.18,s3*s4,0,-0.2699020890888098,-2.501050500663222
balanced_contour_3e-13_R5.4,0.18,s3*s4,1,-0.3184753159871558,0.7507993239390437
balanced_contour_3e-13_R5.4,0.18,s1*s4,0,18.677888148797127,31.356620721695155
balanced_contour_3e-13_R5.4,0.18,s1*s4,1,-7.637296027294823,-18.7996322104618
balanced_contour_3e-13_R5.4,0.195,s1*s2,0,4.340266305902344,2.129902691787568
balanced_contour_3e-13_R5.4,0.195,s1*s2,1,-8.04456945647554,-2.7901799626608628
balanced_contour_3e-13_R5.4,0.195,s2*s3,0,0.8272532209135373,1.0052028860626607
balanced_contour_3e-13_R5.4,0.195,s2*s3,1,0.11391287824321428,-0.49167082544938834
balanced_contour_3e-13_R5.4,0.195,s3*s4,0,-0.26990208909175045,-2.5010505006568473
balanced_contour_3e-13_R5.4,0.195,s3*s4,1,-0.31847531598768014,0.750799323936161
balanced_contour_3e-13_R5.4,0.195,s1*s4,0,18.677888148818116,31.356620721539993
balanced_contour_3e-13_R5.4,0.195,s1*s4,1,-7.637296027280106,-18.799632210411644
balanced_contour_3e-13_R5.4,0.20999999999999996,s1*s2,0,4.340266305951268,2.1299026916793773
balanced_contour_3e-13_R5.4,0.20999999999999996,s1*s2,1,-8.044569456507093,-2.790179962641648
balanced_contour_3e-13_R5.4,0.20999999999999996,s2*s3,0,0.8272532209176607,1.005202886063796
balanced_contour_3e-13_R5.4,0.20999999999999996,s2*s3,1,0.11391287824400928,-0.49167082545084645
balanced_contour_3e-13_R5.4,0.20999999999999996,s3*s4,0,-0.26990208910163704,-2.501050500658219
balanced_contour_3e-13_R5.4,0.20999999999999996,s3*s4,1,-0.3184753159871808,0.7507993239368047
balanced_contour_3e-13_R5.4,0.20999999999999996,s1*s4,0,18.67788814905645,31.35662072142033
balanced_contour_3e-13_R5.4,0.20999999999999996,s1*s4,1,-7.637296027331847,-18.799632210420015
balanced_contour_3e-13_R5.4,0.22499999999999998,s1*s2,0,4.3402663057716495,2.1299026913239776
balanced_contour_3e-13_R5.4,0.22499999999999998,s1*s2,1,-8.044569456556816,-2.7901799624689074
balanced_contour_3e-13_R5.4,0.22499999999999998,s2*s3,0,0.8272532209365087,1.0052028860432034
balanced_contour_3e-13_R5.4,0.22499999999999998,s2*s3,1,0.11391287823392478,-0.49167082544887086
balanced_contour_3e-13_R5.4,0.22499999999999998,s3*s4,0,-0.269902089146533,-2.5010505006315893
balanced_contour_3e-13_R5.4,0.22499999999999998,s3*s4,1,-0.31847531596549683,0.7507993239375579
balanced_contour_3e-13_R5.4,0.22499999999999998,s1*s4,0,18.67788814945053,31.356620720362827
balanced_contour_3e-13_R5.4,0.22499999999999998,s1*s4,1,-7.637296027745864,-18.79963221015415
balanced_contour_3e-13_R5.4,0.24,s1*s2,0,4.340266305621984,2.129902691462703
balanced_contour_3e-13_R5.4,0.24,s1*s2,1,-8.044569456502437,-2.790179962440098
balanced_contour_3e-13_R5.4,0.24,s2*s3,0,0.8272532209276424,1.0052028860309405
balanced_contour_3e-13_R5.4,0.24,s2*s3,1,0.11391287823064819,-0.4916708254423207
balanced_contour_3e-13_R5.4,0.24,s3*s4,0,-0.2699020891383326,-2.5010505006126493
balanced_contour_3e-13_R5.4,0.24,s3*s4,1,-0.3184753159565644,0.7507993239319104
balanced_contour_3e-13_R5.4,0.24,s1*s4,0,18.677888148986668,31.356620720239533
balanced_contour_3e-13_R5.4,0.24,s1*s4,1,-7.637296027766821,-18.799632209966358
balanced_contour_3e-13_R6,-0.24,s1*s2,0,4.340266305886865,2.1299026922098605
balanced_contour_3e-13_R6,-0.24,s1*s2,1,-8.044569456338612,-2.790179962728257
balanced_contour_3e-13_R6,-0.24,s2*s3,0,0.827253220881962,1.0052028860560156
balanced_contour_3e-13_R6,-0.24,s2*s3,1,0.11391287824937918,-0.491670825438228
balanced_contour_3e-13_R6,-0.24,s3*s4,0,-0.269902089053758,-2.501050500632793
balanced_contour_3e-13_R6,-0.24,s3*s4,1,-0.318475315989573,0.7507993239161705
balanced_contour_3e-13_R6,-0.24,s1*s4,0,18.677888147960154,31.356620721949124
balanced_contour_3e-13_R6,-0.24,s1*s4,1,-7.637296026948606,-18.799632210185173
balanced_contour_3e-13_R6,-0.22499999999999998,s1*s2,0,4.340266305941006,2.1299026921580335
balanced_contour_3e-13_R6,-0.22499999999999998,s1*s2,1,-8.044569456345219,-2.79017996273076
balanced_contour_3e-13_R6,-0.22499999999999998,s2*s3,0,0.8272532208779941,1.0052028860585258
balanced_contour_3e-13_R6,-0.22499999999999998,s2*s3,1,0.1139128782516623,-0.4916708254365556
balanced_contour_3e-13_R6,-0.22499999999999998,s3*s4,0,-0.2699020890474492,-2.5010505006295567
balanced_contour_3e-13_R6,-0.22499999999999998,s3*s4,1,-0.3184753159909266,0.7507993239113133
balanced_contour_3e-13_R6,-0.22499999999999998,s1*s4,0,18.677888147978244,31.356620721923058
balanced_contour_3e-13_R6,-0.22499999999999998,s1*s4,1,-7.637296026915998,-18.79963221014707
balanced_contour_3e-13_R6,-0.21,s1*s2,0,4.34026630589501,2.1299026922415303
balanced_contour_3e-13_R6,-0.21,s1*s2,1,-8.044569456335264,-2.7901799627369086
balanced_contour_3e-13_R6,-0.21,s2*s3,0,0.8272532208819747,1.0052028860556963
balanced_contour_3e-13_R6,-0.21,s2*s3,1,0.11391287824859453,-0.4916708254381716
balanced_contour_3e-13_R6,-0.21,s3*s4,0,-0.26990208905438184,-2.501050500634197
balanced_contour_3e-13_R6,-0.21,s3*s4,1,-0.31847531598857526,0.7507993239175262
balanced_contour_3e-13_R6,-0.21,s1*s4,0,18.67788814795825,31.35662072200395
balanced_contour_3e-13_R6,-0.21,s1*s4,1,-7.637296026954425,-18.799632210202095
balanced_contour_3e-13_R6,-0.195,s1*s2,0,4.340266305932168,2.12990269213566
balanced_contour_3e-13_R6,-0.195,s1*s2,1,-8.044569456363998,-2.790179962721136
balanced_contour_3e-13_R6,-0.195,s2*s3,0,0.8272532208829657,1.0052028860612077
balanced_contour_3e-13_R6,-0.195,s2*s3,1,0.11391287825073378,-0.4916708254392934
balanced_contour_3e-13_R6,-0.195,s3*s4,0,-0.26990208905229895,-2.5010505006380854
balanced_contour_3e-13_R6,-0.195,s3*s4,1,-0.3184753159912202,0.7507993239161938
balanced_contour_3e-13_R6,-0.195,s1*s4,0,18.677888148073645,31.35662072195948
balanced_contour_3e-13_R6,-0.195,s1*s4,1,-7.6372960269632815,-18.799632210203
balanced_contour_3e-13_R6,-0.18,s1*s2,0,4.340266305893345,2.1299026921709965
balanced_contour_3e-13_R6,-0.18,s1*s2,1,-8.044569456351569,-2.7901799627231196
balanced_contour_3e-13_R6,-0.18,s2*s3,0,0.8272532208838826,1.005202886059991
balanced_contour_3e-13_R6,-0.18,s2*s3,1,0.11391287824989847,-0.49167082544005686
balanced_contour_3e-13_R6,-0.18,s3*s4,0,-0.26990208905295304,-2.5010505006381782
balanced_contour_3e-13_R6,-0.18,s3*s4,1,-0.3184753159913189,0.7507993239178613
balanced_contour_3e-13_R6,-0.18,s1*s4,0,18.677888148009423,31.356620721972824
balanced_contour_3e-13_R6,-0.18,s1*s4,1,-7.637296026953839,-18.79963221021597
balanced_contour_3e-13_R6,-0.16499999999999998,s1*s2,0,4.340266305868312,2.1299026921981166
balanced_contour_3e-13_R6,-0.16499999999999998,s1*s2,1,-8.04456945634665,-2.7901799627272785
balanced_contour_3e-13_R6,-0.16499999999999998,s2*s3,0,0.8272532208852255,1.005202886059845
balanced_contour_3e-13_R6,-0.16499999999999998,s2*s3,1,0.1139128782492242,-0.4916708254411325
balanced_contour_3e-13_R6,-0.16499999999999998,s3*s4,0,-0.2699020890535582,-2.501050500641029
balanced_contour_3e-13_R6,-0.16499999999999998,s3*s4,1,-0.3184753159919268,0.7507993239203334
balanced_contour_3e-13_R6,-0.16499999999999998,s1*s4,0,18.677888147981328,31.356620722016476
balanced_contour_3e-13_R6,-0.16499999999999998,s1*s4,1,-7.637296026950872,-18.79963221024896
balanced_contour_3e-13_R6,-0.15,s1*s2,0,4.340266305898561,2.1299026921566635
balanced_contour_3e-13_R6,-0.15,s1*s2,1,-8.04456945635686,-2.7901799627202273
balanced_contour_3e-13_R6,-0.15,s2*s3,0,0.8272532208854224,1.0052028860606042
balanced_contour_3e-13_R6,-0.15,s2*s3,1,0.11391287824957451,-0.49167082544044
balanced_contour_3e-13_R6,-0.15,s3*s4,0,-0.26990208905494056,-2.501050500640405
balanced_contour_3e-13_R6,-0.15,s3*s4,1,-0.3184753159908925,0.7507993239186851
balanced_contour_3e-13_R6,-0.15,s1*s4,0,18.67788814805672,31.356620721975574
balanced_contour_3e-13_R6,-0.15,s1*s4,1,-7.637296026969846,-18.79963221022449
balanced_contour_3e-13_R6,-0.135,s1*s2,0,4.3402663058398,2.129902692230274
balanced_contour_3e-13_R6,-0.135,s1*s2,1,-8.044569456335681,-2.7901799627261696
balanced_contour_3e-13_R6,-0.135,s2*s3,0,0.827253220885722,1.005202886057781
balanced_contour_3e-13_R6,-0.135,s2*s3,1,0.11391287824840576,-0.4916708254411854
balanced_contour_3e-13_R6,-0.135,s3*s4,0,-0.2699020890558556,-2.5010505006405954
balanced_contour_3e-13_R6,-0.135,s3*s4,1,-0.3184753159909699,0.7507993239214527
balanced_contour_3e-13_R6,-0.135,s1*s4,0,18.677888147941953,31.35662072201763
balanced_contour_3e-13_R6,-0.135,s1*s4,1,-7.6372960269522485,-18.799632210246966
balanced_contour_3e-13_R6,-0.12,s1*s2,0,4.340266305884855,2.129902692130581
balanced_contour_3e-13_R6,-0.12,s1*s2,1,-8.04456945635376,-2.7901799627099058
balanced_contour_3e-13_R6,-0.12,s2*s3,0,0.8272532208855202,1.0052028860606013
balanced_contour_3e-13_R6,-0.12,s2*s3,1,0.113912878249998,-0.4916708254404755
balanced_contour_3e-13_R6,-0.12,s3*s4,0,-0.26990208905500324,-2.5010505006391086
balanced_contour_3e-13_R6,-0.12,s3*s4,1,-0.3184753159914645,0.750799323917733
balanced_contour_3e-13_R6,-0.12,s1*s4,0,18.677888148052237,31.356620721922095
balanced_contour_3e-13_R6,-0.12,s1*s4,1,-7.637296026962353,-18.799632210203338
balanced_contour_3e-13_R6,-0.10499999999999998,s1*s2,0,4.340266305832588,2.1299026922311874
balanced_contour_3e-13_R6,-0.10499999999999998,s1*s2,1,-8.044569456336333,-2.790179962727037
balanced_contour_3e-13_R6,-0.10499999999999998,s2*s3,0,0.8272532208862944,1.0052028860593234
balanced_contour_3e-13_R6,-0.10499999999999998,s2*s3,1,0.11391287824841764,-0.49167082544209467
balanced_contour_3e-13_R6,-0.10499999999999998,s3*s4,0,-0.2699020890540776,-2.501050500642965
balanced_contour_3e-13_R6,-0.10499999999999998,s3*s4,1,-0.31847531599217144,0.750799323922578
balanced_contour_3e-13_R6,-0.10499999999999998,s1*s4,0,18.67788814792935,31.356620722048067
balanced_contour_3e-13_R6,-0.10499999999999998,s1*s4,1,-7.637296026946658,-18.79963221026654
balanced_contour_3e-13_R6,-0.09,s1*s2,0,4.3402663060427376,2.12990269201569
balanced_contour_3e-13_R6,-0.09,s1*s2,1,-8.04456945641524,-2.790179962722738
balanced_contour_3e-13_R6,-0.09,s2*s3,0,0.8272532208860409,1.0052028860700168
balanced_contour_3e-13_R6,-0.09,s2*s3,1,0.1139128782526235,-0.49167082544113505
balanced_contour_3e-13_R6,-0.09,s3*s4,0,-0.26990208905246105,-2.5010505006477315
balanced_contour_3e-13_R6,-0.09,s3*s4,1,-0.31847531599341977,0.7507993239164797
balanced_contour_3e-13_R6,-0.09,s1*s4,0,18.677888148341694,31.356620722005225
balanced_contour_3e-13_R6,-0.09,s1*s4,1,-7.637296027000655,-18.799632210258057
balanced_contour_3e-13_R6,-0.07500000000000001,s1*s2,0,4.340266305845905,2.1299026921821436
balanced_contour_3e-13_R6,-0.07500000000000001,s1*s2,1,-8.04456945634635,-2.79017996272056
balanced_contour_3e-13_R6,-0.07500000000000001,s2*s3,0,0.8272532208871143,1.0052028860612956
balanced_contour_3e-13_R6,-0.07500000000000001,s2*s3,1,0.11391287824901154,-0.49167082544240837
balanced_contour_3e-13_R6,-0.07500000000000001,s3*s4,0,-0.2699020890534607,-2.5010505006439194
balanced_contour_3e-13_R6,-0.07500000000000001,s3*s4,1,-0.31847531599306456,0.7507993239218592
balanced_contour_3e-13_R6,-0.07500000000000001,s1*s4,0,18.677888147981285,31.356620722014164
balanced_contour_3e-13_R6,-0.07500000000000001,s1*s4,1,-7.637296026951513,-18.799632210263475
balanced_contour_3e-13_R6,-0.06,s1*s2,0,4.340266306088452,2.1299026919350244
balanced_contour_3e-13_R6,-0.06,s1*s2,1,-8.044569456430768,-2.790179962715454
balanced_contour_3e-13_R6,-0.06,s2*s3,0,0.8272532208863894,1.0052028860721034
balanced_contour_3e-13_R6,-0.06,s2*s3,1,0.11391287825395992,-0.4916708254406883
balanced_contour_3e-13_R6,-0.06,s3*s4,0,-0.2699020890533304,-2.501050500646652
balanced_contour_3e-13_R6,-0.06,s3*s4,1,-0.31847531599395634,0.7507993239137064
balanced_contour_3e-13_R6,-0.06,s1*s4,0,18.677888148456404,31.356620721931716
balanced_contour_3e-13_R6,-0.06,s1*s4,1,-7.637296027003803,-18.799632210235092
balanced_contour_3e-13_R6,-0.044999999999999984,s1*s2,0,4.340266305872896,2.1299026921403623
balanced_contour_3e-13_R6,-0.044999999999999984,s1*s2,1,-8.044569456352015,-2.79017996271423
balanced_contour_3e-13_R6,-0.044999999999999984,s2*s3,0,0.8272532208870453,1.0052028860611595
balanced_contour_3e-13_R6,-0.044999999999999984,s2*s3,1,0.1139128782494846,-0.4916708254412703
balanced_contour_3e-13_R6,-0.044999999999999984,s3*s4,0,-0.26990208905504315,-2.5010505006418353
balanced_contour_3e-13_R6,-0.044999999999999984,s3*s4,1,-0.3184753159921878,0.7507993239193859
balanced_contour_3e-13_R6,-0.044999999999999984,s1*s4,0,18.677888148049067,31.356620721954485
balanced_contour_3e-13_R6,-0.044999999999999984,s1*s4,1,-7.637296026959697,-18.799632210229408
balanced_contour_3e-13_R6,-0.03,s1*s2,0,4.340266306003773,2.1299026920159734
balanced_contour_3e-13_R6,-0.03,s1*s2,1,-8.044569456404593,-2.7901799627132884
balanced_contour_3e-13_R6,-0.03,s2*s3,0,0.8272532208888126,1.00520288606743
balanced_contour_3e-13_R6,-0.03,s2*s3,1,0.11391287825133894,-0.49167082544133117
balanced_contour_3e-13_R6,-0.03,s3*s4,0,-0.2699020890575684,-2.501050500647478
balanced_contour_3e-13_R6,-0.03,s3*s4,1,-0.3184753159923397,0.7507993239177475
balanced_contour_3e-13_R6,-0.03,s1*s4,0,18.67788814834748,31.35662072195174
balanced_contour_3e-13_R6,-0.03,s1*s4,1,-7.637296027012302,-18.79963221024906
balanced_contour_3e-13_R6,-0.015000000000000013,s1*s2,0,4.340266305897302,2.129902692131586
balanced_contour_3e-13_R6,-0.015000000000000013,s1*s2,1,-8.044569456370928,-2.7901799627150408
balanced_contour_3e-13_R6,-0.015000000000000013,s2*s3,0,0.8272532208896507,1.0052028860623772
balanced_contour_3e-13_R6,-0.015000000000000013,s2*s3,1,0.11391287824855621,-0.4916708254420107
balanced_contour_3e-13_R6,-0.015000000000000013,s3*s4,0,-0.269902089058428,-2.501050500647084
balanced_contour_3e-13_R6,-0.015000000000000013,s3*s4,1,-0.31847531599087786,0.7507993239221232
balanced_contour_3e-13_R6,-0.015000000000000013,s1*s4,0,18.677888148146813,31.356620721998855
balanced_contour_3e-13_R6,-0.015000000000000013,s1*s4,1,-7.6372960270086905,-18.799632210265546
balanced_contour_3e-13_R6,0.0,s1*s2,0,4.340266305903752,2.1299026921406687
balanced_contour_3e-13_R6,0.0,s1*s2,1,-8.04456945637084,-2.7901799627195065
balanced_contour_3e-13_R6,0.0,s2*s3,0,0.8272532208895124,1.0052028860626396
balanced_contour_3e-13_R6,0.0,s2*s3,1,0.11391287824863114,-0.49167082544208407
balanced_contour_3e-13_R6,0.0,s3*s4,0,-0.2699020890580165,-2.501050500647434
balanced_contour_3e-13_R6,0.0,s3*s4,1,-0.3184753159910777,0.7507993239221847
balanced_contour_3e-13_R6,0.0,s1*s4,0,18.677888148143847,31.35662072201998
balanced_contour_3e-13_R6,0.0,s1*s4,1,-7.637296027002613,-18.799632210272172
balanced_contour_3e-13_R6,0.015000000000000013,s1*s2,0,4.340266305834063,2.129902692157294
balanced_contour_3e-13_R6,0.015000000000000013,s1*s2,1,-8.044569456340902,-2.790179962709948
balanced_contour_3e-13_R6,0.015000000000000013,s2*s3,0,0.8272532208882493,1.0052028860593425
balanced_contour_3e-13_R6,0.015000000000000013,s2*s3,1,0.11391287824843895,-0.49167082544126856
balanced_contour_3e-13_R6,0.015000000000000013,s3*s4,0,-0.26990208905641955,-2.5010505006409036
balanced_contour_3e-13_R6,0.015000000000000013,s3*s4,1,-0.3184753159913745,0.7507993239201279
balanced_contour_3e-13_R6,0.015000000000000013,s1*s4,0,18.67788814800257,31.356620721929133
balanced_contour_3e-13_R6,0.015000000000000013,s1*s4,1,-7.6372960269627965,-18.79963221021991
balanced_contour_3e-13_R6,0.030000000000000027,s1*s2,0,4.340266305961008,2.1299026919758637
balanced_contour_3e-13_R6,0.030000000000000027,s1*s2,1,-8.044569456396836,-2.7901799626873167
balanced_contour_3e-13_R6,0.030000000000000027,s2*s3,0,0.8272532208930977,1.00520288606308
balanced_contour_3e-13_R6,0.030000000000000027,s2*s3,1,0.11391287824926916,-0.49167082544040686
balanced_contour_3e-13_R6,0.030000000000000027,s3*s4,0,-0.2699020890662082,-2.5010505006430006
balanced_contour_3e-13_R6,0.030000000000000027,s3*s4,1,-0.31847531598871864,0.7507993239170193
balanced_contour_3e-13_R6,0.030000000000000027,s1*s4,0,18.677888148401255,31.356620721783685
balanced_contour_3e-13_R6,0.030000000000000027,s1*s4,1,-7.637296027059048,-18.79963221018746
balanced_contour_3e-13_R6,0.044999999999999984,s1*s2,0,4.3402663057581945,2.1299026922144195
balanced_contour_3e-13_R6,0.044999999999999984,s1*s2,1,-8.044569456312422,-2.790179962700296
balanced_contour_3e-13_R6,0.044999999999999984,s2*s3,0,0.8272532208874486,1.0052028860543292
balanced_contour_3e-13_R6,0.044999999999999984,s2*s3,1,0.11391287824674304,-0.4916708254401317
balanced_contour_3e-13_R6,0.044999999999999984,s3*s4,0,-0.26990208905633845,-2.501050500635921
balanced_contour_3e-13_R6,0.044999999999999984,s3*s4,1,-0.3184753159891956,0.7507993239200511
balanced_contour_3e-13_R6,0.044999999999999984,s1*s4,0,18.67788814784448,31.35662072188676
balanced_contour_3e-13_R6,0.044999999999999984,s1*s4,1,-7.637296026957398,-18.799632210175687
balanced_contour_3e-13_R6,0.06,s1*s2,0,4.34026630606099,2.1299026918169988
balanced_contour_3e-13_R6,0.06,s1*s2,1,-8.04456945644774,-2.7901799626587893
balanced_contour_3e-13_R6,0.06,s2*s3,0,0.8272532209003511,1.005202886064451
balanced_contour_3e-13_R6,0.06,s2*s3,1,0.11391287824835641,-0.4916708254400381
balanced_contour_3e-13_R6,0.06,s3*s4,0,-0.2699020890808515,-2.5010505006461194
balanced_contour_3e-13_R6,0.06,s3*s4,1,-0.3184753159842523,0.7507993239167098
balanced_contour_3e-13_R6,0.06,s1*s4,0,18.677888148804147,31.356620721631145
balanced_contour_3e-13_R6,0.06,s1*s4,1,-7.637296027183892,-18.79963221016463
balanced_contour_3e-13_R6,0.07500000000000001,s1*s2,0,4.340266305625241,2.1299026924159077
balanced_contour_3e-13_R6,0.07500000000000001,s1*s2,1,-8.044569456238385,-2.7901799627147295
balanced_contour_3e-13_R6,0.07500000000000001,s2*s3,0,0.8272532208782192,1.0052028860467712
balanced_contour_3e-13_R6,0.07500000000000001,s2*s3,1,0.11391287824633642,-0.49167082543721646
balanced_contour_3e-13_R6,0.07500000000000001,s3*s4,0,-0.2699020890437053,-2.5010505006247024
balanced_contour_3e-13_R6,0.07500000000000001,s3*s4,1,-0.3184753159894315,0.7507993239168373
balanced_contour_3e-13_R6,0.07500000000000001,s1*s4,0,18.677888147353077,31.356620721966063
balanced_contour_3e-13_R6,0.07500000000000001,s1*s4,1,-7.6372960268435905,-18.799632210105106
balanced_contour_3e-13_R6,0.08999999999999997,s1*s2,0,4.340266305857593,2.1299026921476187
balanced_contour_3e-13_R6,0.08999999999999997,s1*s2,1,-8.044569456342252,-2.7901799627020667
balanced_contour_3e-13_R6,0.08999999999999997,s2*s3,0,0.8272532208882977,1.005202886056478
balanced_contour_3e-13_R6,0.08999999999999997,s2*s3,1,0.11391287824783132,-0.49167082543878915
balanced_contour_3e-13_R6,0.08999999999999997,s3*s4,0,-0.2699020890603999,-2.501050500636446
balanced_contour_3e-13_R6,0.08999999999999997,s3*s4,1,-0.31847531598784834,0.7507993239168663
balanced_contour_3e-13_R6,0.08999999999999997,s1*s4,0,18.677888148060863,31.35662072186852
balanced_contour_3e-13_R6,0.08999999999999997,s1*s4,1,-7.637296026992723,-18.799632210159444
balanced_contour_3e-13_R6,0.10499999999999998,s1*s2,0,4.340266305716386,2.129902692294639
balanced_contour_3e-13_R6,0.10499999999999998,s1*s2,1,-8.044569456317788,-2.7901799627314317
balanced_contour_3e-13_R6,0.10499999999999998,s2*s3,0,0.8272532208850143,1.0052028860585949
balanced_contour_3e-13_R6,0.10499999999999998,s2*s3,1,0.11391287824802354,-0.4916708254442004
balanced_contour_3e-13_R6,0.10499999999999998,s3*s4,0,-0.2699020890457029,-2.5010505006432635
balanced_contour_3e-13_R6,0.10499999999999998,s3*s4,1,-0.31847531599558804,0.7507993239260018
balanced_contour_3e-13_R6,0.10499999999999998,s1*s4,0,18.677888147659445,31.35662072208399
balanced_contour_3e-13_R6,0.10499999999999998,s1*s4,1,-7.637296026902643,-18.799632210312875
balanced_contour_3e-13_R6,0.12,s1*s2,0,4.340266305913062,2.129902691869995
balanced_contour_3e-13_R6,0.12,s1*s2,1,-8.044569456458355,-2.7901799626681165
balanced_contour_3e-13_R6,0.12,s2*s3,0,0.8272532209063584,1.0052028860655873
balanced_contour_3e-13_R6,0.12,s2*s3,1,0.11391287824603413,-0.49167082544812846
balanced_contour_3e-13_R6,0.12,s3*s4,0,-0.26990208908014207,-2.5010505006572092
balanced_contour_3e-13_R6,0.12,s3*s4,1,-0.3184753159900126,0.7507993239315498
balanced_contour_3e-13_R6,0.12,s1*s4,0,18.67788814864057,31.356620721711643
balanced_contour_3e-13_R6,0.12,s1*s4,1,-7.63729602720172,-18.799632210372945
balanced_contour_3e-13_R6,0.135,s1*s2,0,4.3402663058518876,2.129902691979572
balanced_contour_3e-13_R6,0.135,s1*s2,1,-8.044569456421963,-2.7901799626852655
balanced_contour_3e-13_R6,0.135,s2*s3,0,0.8272532209005804,1.0052028860646007
balanced_contour_3e-13_R6,0.135,s2*s3,1,0.1139128782468684,-0.49167082544770246
balanced_contour_3e-13_R6,0.135,s3*s4,0,-0.2699020890702139,-2.5010505006541894
balanced_contour_3e-13_R6,0.135,s3*s4,1,-0.31847531599204776,0.7507993239308852
balanced_contour_3e-13_R6,0.135,s1*s4,0,18.67788814836662,31.356620721804983
balanced_contour_3e-13_R6,0.135,s1*s4,1,-7.637296027120872,-18.79963221036592
balanced_contour_3e-13_R6,0.15000000000000002,s1*s2,0,4.340266305807998,2.129902691721406
balanced_contour_3e-13_R6,0.15000000000000002,s1*s2,1,-8.044569456481698,-2.790179962584013
balanced_contour_3e-13_R6,0.15000000000000002,s2*s3,0,0.8272532209175548,1.005202886056381
balanced_contour_3e-13_R6,0.15000000000000002,s2*s3,1,0.11391287823970614,-0.49167082544790913
balanced_contour_3e-13_R6,0.15000000000000002,s3*s4,0,-0.2699020891019077,-2.501050500649835
balanced_contour_3e-13_R6,0.15000000000000002,s3*s4,1,-0.31847531597880663,0.7507993239353234
balanced_contour_3e-13_R6,0.15000000000000002,s1*s4,0,18.677888148818607,31.356620721261773
balanced_contour_3e-13_R6,0.15000000000000002,s1*s4,1,-7.637296027425259,-18.799632210269184
balanced_contour_3e-13_R6,0.16499999999999998,s1*s2,0,4.340266306337796,2.1299026914169934
balanced_contour_3e-13_R6,0.16499999999999998,s1*s2,1,-8.044569456670716,-2.7901799626428794
balanced_contour_3e-13_R6,0.16499999999999998,s2*s3,0,0.8272532209352148,1.0052028860791131
balanced_contour_3e-13_R6,0.16499999999999998,s2*s3,1,0.11391287824242266,-0.4916708254535361
balanced_contour_3e-13_R6,0.16499999999999998,s3*s4,0,-0.26990208912863256,-2.501050500690599
balanced_contour_3e-13_R6,0.16499999999999998,s3*s4,1,-0.31847531598029954,0.7507993239449711
balanced_contour_3e-13_R6,0.16499999999999998,s1*s4,0,18.677888150148082,31.356620721592574
balanced_contour_3e-13_R6,0.16499999999999998,s1*s4,1,-7.637296027634075,-18.799632210583233
balanced_contour_3e-13_R6,0.18,s1*s2,0,4.340266305877742,2.129902691770347
balanced_contour_3e-13_R6,0.18,s1*s2,1,-8.044569456504355,-2.7901799626401065
balanced_contour_3e-13_R6,0.18,s2*s3,0,0.8272532209177368,1.005202886061295
balanced_contour_3e-13_R6,0.18,s2*s3,1,0.1139128782403453,-0.4916708254505098
balanced_contour_3e-13_R6,0.18,s3*s4,0,-0.26990208909813196,-2.501050500659424
balanced_contour_3e-13_R6,0.18,s3*s4,1,-0.3184753159829487,0.7507993239410704
balanced_contour_3e-13_R6,0.18,s1*s4,0,18.677888148880136,31.356620721489385
balanced_contour_3e-13_R6,0.18,s1*s4,1,-7.6372960274002,-18.799632210431792
balanced_contour_3e-13_R6,0.195,s1*s2,0,4.340266306874199,2.1299026908244394
balanced_contour_3e-13_R6,0.195,s1*s2,1,-8.044569456913369,-2.7901799626627044
balanced_contour_3e-13_R6,0.195,s2*s3,0,0.8272532209728507,1.0052028861033273
balanced_contour_3e-13_R6,0.195,s2*s3,1,0.11391287824297378,-0.49167082546703644
balanced_contour_3e-13_R6,0.195,s3*s4,0,-0.2699020891843104,-2.5010505007367403
balanced_contour_3e-13_R6,0.195,s3*s4,1,-0.3184753159849302,0.7507993239635453
balanced_contour_3e-13_R6,0.195,s1*s4,0,18.677888152050304,31.35662072152822
balanced_contour_3e-13_R6,0.195,s1*s4,1,-7.637296027956102,-18.79963221101506
balanced_contour_3e-13_R6,0.20999999999999996,s1*s2,0,4.340266305552768,2.1299026918644435
balanced_contour_3e-13_R6,0.20999999999999996,s1*s2,1,-8.044569456391987,-2.7901799625725916
balanced_contour_3e-13_R6,0.20999999999999996,s2*s3,0,0.8272532209053376,1.0052028860435323
balanced_contour_3e-13_R6,0.20999999999999996,s2*s3,1,0.11391287823972583,-0.4916708254453972
balanced_contour_3e-13_R6,0.20999999999999996,s3*s4,0,-0.26990208908576196,-2.5010505006231316
balanced_contour_3e-13_R6,0.20999999999999996,s3*s4,1,-0.31847531598048573,0.7507993239298464
balanced_contour_3e-13_R6,0.20999999999999996,s1*s4,0,18.677888148111062,31.35662072104584
balanced_contour_3e-13_R6,0.20999999999999996,s1*s4,1,-7.637296027285373,-18.79963221014726
balanced_contour_3e-13_R6,0.22499999999999998,s1*s2,0,4.340266306272413,2.129902690779379
balanced_contour_3e-13_R6,0.22499999999999998,s1*s2,1,-8.044569456803911,-2.790179962455047
balanced_contour_3e-13_R6,0.22499999999999998,s2*s3,0,0.8272532209735118,1.0052028860629993
balanced_contour_3e-13_R6,0.22499999999999998,s2*s3,1,0.11391287823142637,-0.4916708254600741
balanced_contour_3e-13_R6,0.22499999999999998,s3*s4,0,-0.26990208920497016,-2.501050500675884
balanced_contour_3e-13_R6,0.22499999999999998,s3*s4,1,-0.3184753159618927,0.7507993239567016
balanced_contour_3e-13_R6,0.22499999999999998,s1*s4,0,18.677888151282517,31.356620720281335
balanced_contour_3e-13_R6,0.22499999999999998,s1*s4,1,-7.637296028178416,-18.799632210507028
balanced_contour_3e-13_R6,0.24,s1*s2,0,4.340266305613725,2.1299026913496455
balanced_contour_3e-13_R6,0.24,s1*s2,1,-8.044569456544357,-2.79017996240129
balanced_contour_3e-13_R6,0.24,s2*s3,0,0.8272532209351285,1.0052028860289148
balanced_contour_3e-13_R6,0.24,s2*s3,1,0.11391287822752116,-0.4916708254444105
balanced_contour_3e-13_R6,0.24,s3*s4,0,-0.26990208915137986,-2.501050500612382
balanced_contour_3e-13_R6,0.24,s3*s4,1,-0.3184753159521431,0.7507993239366185
balanced_contour_3e-13_R6,0.24,s1*s4,0,18.677888149198946,31.356620720034194
balanced_contour_3e-13_R6,0.24,s1*s4,1,-7.637296027915043,-18.79963220998059
