method,x_offset,invariant,initial_direction,real,imag
reference,-0.24,s1*s2,0,-82.0766995955752,-27.29381680437438
reference,-0.24,s1*s2,1,37.61166351136669,2.499122220104449
reference,-0.24,s2*s3,0,2.599815882496543,8.34640475885629
reference,-0.24,s2*s3,1,-2.706282245763406,-2.788219584088726
reference,-0.24,s3*s4,0,0.8977144105028185,-0.2994320017134879
reference,-0.24,s3*s4,1,-0.35127643933848735,0.14623201465254332
reference,-0.24,s1*s4,0,-8.761857119198744,-14.629431082426185
reference,-0.24,s1*s4,1,5.2466882389583915,6.683208337143771
reference,-0.22499999999999998,s1*s2,0,-82.07669959557877,-27.29381680437449
reference,-0.22499999999999998,s1*s2,1,37.611663511368306,2.499122220104222
reference,-0.22499999999999998,s2*s3,0,2.5998158824934623,8.346404758854732
reference,-0.22499999999999998,s2*s3,1,-2.706282245761804,-2.7882195840884365
reference,-0.22499999999999998,s3*s4,0,0.8977144105030149,-0.2994320017132419
reference,-0.22499999999999998,s3*s4,1,-0.35127643933859704,0.14623201465241306
reference,-0.22499999999999998,s1*s4,0,-8.761857119206537,-14.62943108242693
reference,-0.22499999999999998,s1*s4,1,5.246688238962145,6.683208337143586
reference,-0.21,s1*s2,0,-82.07669959557991,-27.29381680437403
reference,-0.21,s1*s2,1,37.61166351136848,2.4991222201038212
reference,-0.21,s2*s3,0,2.5998158824961193,8.34640475885217
reference,-0.21,s2*s3,1,-2.7062822457625355,-2.788219584087038
reference,-0.21,s3*s4,0,0.8977144105024953,-0.299432001713378
reference,-0.21,s3*s4,1,-0.3512764393383417,0.1462320146524053
reference,-0.21,s1*s4,0,-8.761857119203787,-14.629431082435453
reference,-0.21,s1*s4,1,5.246688238961796,6.683208337147411
reference,-0.195,s1*s2,0,-82.07669959557822,-27.29381680437441
reference,-0.195,s1*s2,1,37.6116635113676,2.4991222201042014
reference,-0.195,s2*s3,0,2.5998158824932753,8.346404758852607
reference,-0.195,s2*s3,1,-2.7062822457614817,-2.788219584087715
reference,-0.195,s3*s4,0,0.8977144105026269,-0.29943200171293016
reference,-0.195,s3*s4,1,-0.351276439338504,0.14623201465224525
reference,-0.195,s1*s4,0,-8.761857119210026,-14.629431082432626
reference,-0.195,s1*s4,1,5.246688238963918,6.683208337145202
reference,-0.18,s1*s2,0,-82.07669959557673,-27.293816804372597
reference,-0.18,s1*s2,1,37.611663511366814,2.499122220103618
reference,-0.18,s2*s3,0,2.599815882492666,8.34640475885493
reference,-0.18,s2*s3,1,-2.7062822457615208,-2.7882195840886594
reference,-0.18,s3*s4,0,0.8977144105027484,-0.2994320017130791
reference,-0.18,s3*s4,1,-0.35127643933852365,0.14623201465232039
reference,-0.18,s1*s4,0,-8.761857119208088,-14.629431082426366
reference,-0.18,s1*s4,1,5.246688238962617,6.683208337142863
reference,-0.16499999999999998,s1*s2,0,-82.0766995955786,-27.293816804372213
reference,-0.16499999999999998,s1*s2,1,37.61166351136782,2.4991222201033625
reference,-0.16499999999999998,s2*s3,0,2.5998158824944997,8.346404758854508
reference,-0.16499999999999998,s2*s3,1,-2.7062822457621785,-2.788219584088042
reference,-0.16499999999999998,s3*s4,0,0.8977144105029548,-0.2994320017131249
reference,-0.16499999999999998,s3*s4,1,-0.3512764393385497,0.14623201465233085
reference,-0.16499999999999998,s1*s4,0,-8.761857119205835,-14.629431082427983
reference,-0.16499999999999998,s1*s4,1,5.246688238962136,6.683208337144358
reference,-0.15,s1*s2,0,-82.07669959557708,-27.29381680436755
reference,-0.15,s1*s2,1,37.611663511366885,2.4991222201016523
reference,-0.15,s2*s3,0,2.5998158824920496,8.346404758856897
reference,-0.15,s2*s3,1,-2.7062822457617113,-2.788219584089548
reference,-0.15,s3*s4,0,0.8977144105032139,-0.29943200171291073
reference,-0.15,s3*s4,1,-0.35127643933870245,0.1462320146523489
reference,-0.15,s1*s4,0,-8.76185711920975,-14.629431082418954
reference,-0.15,s1*s4,1,5.2466882389622596,6.683208337139943
reference,-0.135,s1*s2,0,-82.07669959557849,-27.293816804372558
reference,-0.135,s1*s2,1,37.61166351136733,2.4991222201034686
reference,-0.135,s2*s3,0,2.5998158824950064,8.346404758854497
reference,-0.135,s2*s3,1,-2.7062822457625493,-2.7882195840881123
reference,-0.135,s3*s4,0,0.8977144105027727,-0.29943200171327417
reference,-0.135,s3*s4,1,-0.3512764393384687,0.14623201465241709
reference,-0.135,s1*s4,0,-8.761857119204882,-14.629431082429013
reference,-0.135,s1*s4,1,5.246688238961288,6.683208337144599
reference,-0.12,s1*s2,0,-82.07669959557255,-27.293816804369712
reference,-0.12,s1*s2,1,37.61166351136499,2.4991222201030308
reference,-0.12,s2*s3,0,2.599815882494085,8.346404758856162
reference,-0.12,s2*s3,1,-2.7062822457623987,-2.788219584088834
reference,-0.12,s3*s4,0,0.897714410503096,-0.2994320017129419
reference,-0.12,s3*s4,1,-0.3512764393386247,0.14623201465232102
reference,-0.12,s1*s4,0,-8.761857119204919,-14.62943108242203
reference,-0.12,s1*s4,1,5.246688238960612,6.683208337141838
reference,-0.10499999999999998,s1*s2,0,-82.07669959557555,-27.293816804374313
reference,-0.10499999999999998,s1*s2,1,37.61166351136691,2.49912222010447
reference,-0.10499999999999998,s2*s3,0,2.5998158824961535,8.346404758854133
reference,-0.10499999999999998,s2*s3,1,-2.70628224576283,-2.788219584087838
reference,-0.10499999999999998,s3*s4,0,0.8977144105026239,-0.29943200171337503
reference,-0.10499999999999998,s3*s4,1,-0.35127643933841557,0.14623201465241384
reference,-0.10499999999999998,s1*s4,0,-8.761857119201178,-14.629431082431145
reference,-0.10499999999999998,s1*s4,1,5.246688238960338,6.683208337145748
reference,-0.09,s1*s2,0,-82.07669959558349,-27.293816804376014
reference,-0.09,s1*s2,1,37.61166351136996,2.4991222201042333
reference,-0.09,s2*s3,0,2.5998158824955655,8.346404758854106
reference,-0.09,s2*s3,1,-2.7062822457624995,-2.7882195840878055
reference,-0.09,s3*s4,0,0.8977144105028939,-0.2994320017132527
reference,-0.09,s3*s4,1,-0.3512764393385127,0.14623201465238808
reference,-0.09,s1*s4,0,-8.761857119204828,-14.629431082431605
reference,-0.09,s1*s4,1,5.246688238962044,6.683208337145728
reference,-0.07500000000000001,s1*s2,0,-82.076699595581,-27.29381680437333
reference,-0.07500000000000001,s1*s2,1,37.611663511368626,2.499122220103416
reference,-0.07500000000000001,s2*s3,0,2.599815882495479,8.346404758854483
reference,-0.07500000000000001,s2*s3,1,-2.7062822457627362,-2.7882195840879898
reference,-0.07500000000000001,s3*s4,0,0.8977144105028873,-0.29943200171313866
reference,-0.07500000000000001,s3*s4,1,-0.35127643933850705,0.14623201465239125
reference,-0.07500000000000001,s1*s4,0,-8.76185711920447,-14.629431082429228
reference,-0.07500000000000001,s1*s4,1,5.246688238961014,6.683208337144822
reference,-0.06,s1*s2,0,-82.0766995955759,-27.293816804372472
reference,-0.06,s1*s2,1,37.61166351136656,2.499122220103754
reference,-0.06,s2*s3,0,2.599815882497558,8.346404758854474
reference,-0.06,s2*s3,1,-2.7062822457634677,-2.788219584087849
reference,-0.06,s3*s4,0,0.8977144105027657,-0.29943200171350265
reference,-0.06,s3*s4,1,-0.3512764393384317,0.14623201465252925
reference,-0.06,s1*s4,0,-8.761857119198384,-14.629431082430285
reference,-0.06,s1*s4,1,5.246688238958585,6.6832083371456115
reference,-0.044999999999999984,s1*s2,0,-82.07669959557936,-27.29381680436932
reference,-0.044999999999999984,s1*s2,1,37.611663511367645,2.499122220102085
reference,-0.044999999999999984,s2*s3,0,2.5998158824918614,8.346404758855453
reference,-0.044999999999999984,s2*s3,1,-2.706282245761258,-2.7882195840887665
reference,-0.044999999999999984,s3*s4,0,0.8977144105031305,-0.2994320017126837
reference,-0.044999999999999984,s3*s4,1,-0.3512764393386766,0.146232014652148
reference,-0.044999999999999984,s1*s4,0,-8.761857119212266,-14.629431082422748
reference,-0.044999999999999984,s1*s4,1,5.246688238964401,6.68320833714142
reference,-0.03,s1*s2,0,-82.07669959557174,-27.29381680437066
reference,-0.03,s1*s2,1,37.611663511365,2.499122220103824
reference,-0.03,s2*s3,0,2.5998158824933384,8.346404758850472
reference,-0.03,s2*s3,1,-2.706282245761417,-2.788219584087034
reference,-0.03,s3*s4,0,0.8977144105024474,-0.2994320017126673
reference,-0.03,s3*s4,1,-0.3512764393384655,0.1462320146521845
reference,-0.03,s1*s4,0,-8.761857119211822,-14.629431082433978
reference,-0.03,s1*s4,1,5.246688238963997,6.683208337145552
reference,-0.015000000000000013,s1*s2,0,-82.07669959557526,-27.2938168043663
reference,-0.015000000000000013,s1*s2,1,37.611663511365514,2.4991222201013557
reference,-0.015000000000000013,s2*s3,0,2.5998158824952036,8.346404758854254
reference,-0.015000000000000013,s2*s3,1,-2.706282245762474,-2.788219584087994
reference,-0.015000000000000013,s3*s4,0,0.8977144105025979,-0.29943200171355655
reference,-0.015000000000000013,s3*s4,1,-0.35127643933839164,0.14623201465246316
reference,-0.015000000000000013,s1*s4,0,-8.76185711920344,-14.629431082427562
reference,-0.015000000000000013,s1*s4,1,5.246688238960945,6.683208337144004
reference,0.0,s1*s2,0,-82.07669959558174,-27.293816804371623
reference,0.0,s1*s2,1,37.61166351136896,2.4991222201025605
reference,0.0,s2*s3,0,2.5998158824913533,8.34640475885444
reference,0.0,s2*s3,1,-2.7062822457607485,-2.78821958408819
reference,0.0,s3*s4,0,0.8977144105033106,-0.2994320017127473
reference,0.0,s3*s4,1,-0.3512764393386959,0.14623201465210725
reference,0.0,s1*s4,0,-8.761857119213904,-14.629431082424308
reference,0.0,s1*s4,1,5.246688238966067,6.683208337142396
reference,0.015000000000000013,s1*s2,0,-82.07669959558596,-27.29381680437176
reference,0.015000000000000013,s1*s2,1,37.61166351137003,2.4991222201021626
reference,0.015000000000000013,s2*s3,0,2.599815882492213,8.346404758851657
reference,0.015000000000000013,s2*s3,1,-2.70628224576117,-2.7882195840875745
reference,0.015000000000000013,s3*s4,0,0.8977144105027611,-0.2994320017126443
reference,0.015000000000000013,s3*s4,1,-0.3512764393385626,0.1462320146521946
reference,0.015000000000000013,s1*s4,0,-8.761857119216721,-14.629431082433301
reference,0.015000000000000013,s1*s4,1,5.246688238966043,6.683208337144846
reference,0.030000000000000027,s1*s2,0,-82.07669959557369,-27.293816804363125
reference,0.030000000000000027,s1*s2,1,37.61166351136528,2.499122220100775
reference,0.030000000000000027,s2*s3,0,2.5998158824943634,8.34640475885444
reference,0.030000000000000027,s2*s3,1,-2.706282245762287,-2.7882195840884267
reference,0.030000000000000027,s3*s4,0,0.8977144105028705,-0.2994320017132297
reference,0.030000000000000027,s3*s4,1,-0.35127643933855446,0.14623201465239744
reference,0.030000000000000027,s1*s4,0,-8.761857119206665,-14.629431082424443
reference,0.030000000000000027,s1*s4,1,5.246688238961464,6.683208337142391
reference,0.044999999999999984,s1*s2,0,-82.07669959557938,-27.293816804365402
reference,0.044999999999999984,s1*s2,1,37.61166351136657,2.499122220100244
reference,0.044999999999999984,s2*s3,0,2.599815882495311,8.346404758859482
reference,0.044999999999999984,s2*s3,1,-2.7062822457634534,-2.7882195840895565
reference,0.044999999999999984,s3*s4,0,0.8977144105035244,-0.29943200171335194
reference,0.044999999999999984,s3*s4,1,-0.3512764393386452,0.14623201465252067
reference,0.044999999999999984,s1*s4,0,-8.761857119200023,-14.629431082415188
reference,0.044999999999999984,s1*s4,1,5.246688238957835,6.683208337140394
reference,0.06,s1*s2,0,-82.07669959557164,-27.293816804365527
reference,0.06,s1*s2,1,37.61166351136349,2.499122220101397
reference,0.06,s2*s3,0,2.5998158824915163,8.346404758857018
reference,0.06,s2*s3,1,-2.7062822457613778,-2.788219584089635
reference,0.06,s3*s4,0,0.8977144105032476,-0.29943200171264606
reference,0.06,s3*s4,1,-0.3512764393388174,0.14623201465219854
reference,0.06,s1*s4,0,-8.761857119210676,-14.629431082416204
reference,0.06,s1*s4,1,5.246688238962423,6.683208337137903
reference,0.07500000000000001,s1*s2,0,-82.076699595569,-27.29381680437337
reference,0.07500000000000001,s1*s2,1,37.61166351136415,2.4991222201045957
reference,0.07500000000000001,s2*s3,0,2.5998158824979516,8.346404758854309
reference,0.07500000000000001,s2*s3,1,-2.706282245763398,-2.7882195840875856
reference,0.07500000000000001,s3*s4,0,0.8977144105025141,-0.2994320017133135
reference,0.07500000000000001,s3*s4,1,-0.3512764393383847,0.14623201465235927
reference,0.07500000000000001,s1*s4,0,-8.761857119196236,-14.629431082431369
reference,0.07500000000000001,s1*s4,1,5.246688238958666,6.683208337146085
reference,0.08999999999999997,s1*s2,0,-82.07669959558032,-27.29381680436391
reference,0.08999999999999997,s1*s2,1,37.6116635113674,2.4991222200995975
reference,0.08999999999999997,s2*s3,0,2.5998158824946542,8.346404758854359
reference,0.08999999999999997,s2*s3,1,-2.7062822457622624,-2.7882195840882167
reference,0.08999999999999997,s3*s4,0,0.8977144105027198,-0.2994320017131953
reference,0.08999999999999997,s3*s4,1,-0.351276439338444,0.14623201465241625
reference,0.08999999999999997,s1*s4,0,-8.761857119207436,-14.629431082428047
reference,0.08999999999999997,s1*s4,1,5.246688238962107,6.6832083371438165
reference,0.10499999999999998,s1*s2,0,-82.07669959556806,-27.293816804362578
reference,0.10499999999999998,s1*s2,1,37.61166351136367,2.4991222201016035
reference,0.10499999999999998,s2*s3,0,2.599815882496789,8.34640475885363
reference,0.10499999999999998,s2*s3,1,-2.7062822457636395,-2.7882195840878157
reference,0.10499999999999998,s3*s4,0,0.8977144105023256,-0.2994320017136102
reference,0.10499999999999998,s3*s4,1,-0.35127643933824804,0.14623201465268668
reference,0.10499999999999998,s1*s4,0,-8.761857119200421,-14.629431082428374
reference,0.10499999999999998,s1*s4,1,5.2466882389579235,6.683208337145399
reference,0.12,s1*s2,0,-82.07669959558052,-27.29381680436827
reference,0.12,s1*s2,1,37.611663511366196,2.4991222201011776
reference,0.12,s2*s3,0,2.599815882495416,8.346404758855853
reference,0.12,s2*s3,1,-2.7062822457630884,-2.7882195840887687
reference,0.12,s3*s4,0,0.8977144105026356,-0.29943200171332907
reference,0.12,s3*s4,1,-0.35127643933840774,0.1462320146524937
reference,0.12,s1*s4,0,-8.761857119202794,-14.629431082427752
reference,0.12,s1*s4,1,5.246688238959151,6.683208337143873
reference,0.135,s1*s2,0,-82.0766995955766,-27.293816804360215
reference,0.135,s1*s2,1,37.61166351136531,2.4991222200985512
reference,0.135,s2*s3,0,2.599815882491647,8.346404758853826
reference,0.135,s2*s3,1,-2.7062822457610487,-2.7882195840886363
reference,0.135,s3*s4,0,0.8977144105019889,-0.2994320017130793
reference,0.135,s3*s4,1,-0.35127643933815583,0.146232014652285
reference,0.135,s1*s4,0,-8.761857119213584,-14.629431082427516
reference,0.135,s1*s4,1,5.246688238964726,6.683208337142703
reference,0.15000000000000002,s1*s2,0,-82.07669959557637,-27.293816804359835
reference,0.15000000000000002,s1*s2,1,37.61166351136597,2.499122220098859
reference,0.15000000000000002,s2*s3,0,2.599815882484383,8.346404758854552
reference,0.15000000000000002,s2*s3,1,-2.706282245759163,-2.788219584090006
reference,0.15000000000000002,s3*s4,0,0.8977144105029721,-0.2994320017113683
reference,0.15000000000000002,s3*s4,1,-0.35127643933881114,0.14623201465196292
reference,0.15000000000000002,s1*s4,0,-8.761857119233667,-14.629431082415088
reference,0.15000000000000002,s1*s4,1,5.246688238969412,6.683208337135659
reference,0.16499999999999998,s1*s2,0,-82.07669959557765,-27.29381680435307
reference,0.16499999999999998,s1*s2,1,37.61166351136594,2.4991222200964116
reference,0.16499999999999998,s2*s3,0,2.5998158824807254,8.346404758856885
reference,0.16499999999999998,s2*s3,1,-2.706282245757987,-2.788219584091074
reference,0.16499999999999998,s3*s4,0,0.897714410503952,-0.2994320017108908
reference,0.16499999999999998,s3*s4,1,-0.3512764393390749,0.14623201465173946
reference,0.16499999999999998,s1*s4,0,-8.761857119241531,-14.629431082401116
reference,0.16499999999999998,s1*s4,1,5.246688238971968,6.683208337130439
reference,0.18,s1*s2,0,-82.07669959559027,-27.293816804372064
reference,0.18,s1*s2,1,37.61166351136936,2.49912222010057
reference,0.18,s2*s3,0,2.59981588249507,8.346404758852527
reference,0.18,s2*s3,1,-2.706282245761891,-2.788219584087517
reference,0.18,s3*s4,0,0.8977144105025254,-0.2994320017130698
reference,0.18,s3*s4,1,-0.35127643933849684,0.14623201465227326
reference,0.18,s1*s4,0,-8.761857119209017,-14.629431082435385
reference,0.18,s1*s4,1,5.246688238963607,6.683208337144595
reference,0.195,s1*s2,0,-82.07669959557613,-27.293816804360645
reference,0.195,s1*s2,1,37.61166351136562,2.49912222009904
reference,0.195,s2*s3,0,2.5998158824936564,8.346404758857187
reference,0.195,s2*s3,1,-2.706282245762593,-2.788219584089736
reference,0.195,s3*s4,0,0.8977144105023074,-0.299432001713129
reference,0.195,s3*s4,1,-0.3512764393383544,0.146232014652637
reference,0.195,s1*s4,0,-8.761857119206702,-14.6294310824198
reference,0.195,s1*s4,1,5.246688238959415,6.683208337139507
reference,0.20999999999999996,s1*s2,0,-82.07669959558189,-27.293816804360397
reference,0.20999999999999996,s1*s2,1,37.61166351136454,2.499122220096881
reference,0.20999999999999996,s2*s3,0,2.5998158824891315,8.346404758850959
reference,0.20999999999999996,s2*s3,1,-2.706282245759481,-2.7882195840879347
reference,0.20999999999999996,s3*s4,0,0.8977144105023225,-0.2994320017121345
reference,0.20999999999999996,s3*s4,1,-0.3512764393386356,0.14623201465195038
reference,0.20999999999999996,s1*s4,0,-8.761857119226061,-14.629431082431008
reference,0.20999999999999996,s1*s4,1,5.246688238969748,6.68320833714027
reference,0.22499999999999998,s1*s2,0,-82.07669959556837,-27.293816804336004
reference,0.22499999999999998,s1*s2,1,37.61166351136408,2.4991222200925836
reference,0.22499999999999998,s2*s3,0,2.599815882488699,8.346404758847932
reference,0.22499999999999998,s2*s3,1,-2.706282245759527,-2.788219584088306
reference,0.22499999999999998,s3*s4,0,0.8977144105019267,-0.2994320017122027
reference,0.22499999999999998,s3*s4,1,-0.3512764393385827,0.1462320146520281
reference,0.22499999999999998,s1*s4,0,-8.761857119230354,-14.629431082425695
reference,0.22499999999999998,s1*s4,1,5.246688238969918,6.683208337138613
reference,0.24,s1*s2,0,-82.07669959559118,-27.293816804353582
reference,0.24,s1*s2,1,37.611663511369905,2.499122220094623
reference,0.24,s2*s3,0,2.5998158824884263,8.346404758853904
reference,0.24,s2*s3,1,-2.706282245760601,-2.788219584087968
reference,0.24,s3*s4,0,0.8977144105030325,-0.29943200171266354
reference,0.24,s3*s4,1,-0.35127643933837327,0.14623201465195385
reference,0.24,s1*s4,0,-8.76185711922587,-14.629431082420098
reference,0.24,s1*s4,1,5.2466882389696865,6.683208337141862
RK45_0.001,-0.24,s1*s2,0,-82.07682568784676,-27.29390915835074
RK45_0.001,-0.24,s1*s2,1,37.61163517560284,2.4991178960284253
RK45_0.001,-0.24,s2*s3,0,2.5998161619030298,8.346419834737492
RK45_0.001,-0.24,s2*s3,1,-2.7062809826992886,-2.78821729596722
RK45_0.001,-0.24,s3*s4,0,0.8977161612656871,-0.29943195159892977
RK45_0.001,-0.24,s3*s4,1,-0.35127613590108425,0.1462318756369005
RK45_0.001,-0.24,s1*s4,0,-8.761864721853954,-14.62946245536239
RK45_0.001,-0.24,s1*s4,1,5.2466840746622205,6.683203826821448
RK45_0.001,-0.22499999999999998,s1*s2,0,-82.0768225418977,-27.29393121140017
RK45_0.001,-0.22499999999999998,s1*s2,1,37.61164508190048,2.4991253868393093
RK45_0.001,-0.22499999999999998,s2*s3,0,2.59981395296369,8.34642139915365
RK45_0.001,-0.22499999999999998,s2*s3,1,-2.706281384684526,-2.7882184718081566
RK45_0.001,-0.22499999999999998,s3*s4,0,0.8977162444241673,-0.29943177972445467
RK45_0.001,-0.22499999999999998,s3*s4,1,-0.35127625852790567,0.14623183514328847
RK45_0.001,-0.22499999999999998,s1*s4,0,-8.761860868788732,-14.629464499770812
RK45_0.001,-0.22499999999999998,s1*s4,1,5.246684265699185,6.683206936157808
RK45_0.001,-0.21,s1*s2,0,-82.07682712459355,-27.293943324841237
RK45_0.001,-0.21,s1*s2,1,37.61164707104402,2.4991290588652095
RK45_0.001,-0.21,s2*s3,0,2.5998134531662482,8.346422715298479
RK45_0.001,-0.21,s2*s3,1,-2.7062812684752555,-2.7882188345955425
RK45_0.001,-0.21,s3*s4,0,0.8977163348015824,-0.29943169529471897
RK45_0.001,-0.21,s3*s4,1,-0.3512762983409847,0.1462318095679854
RK45_0.001,-0.21,s1*s4,0,-8.761859435900961,-14.629466997817637
RK45_0.001,-0.21,s1*s4,1,5.246684046564709,6.683207857895382
RK45_0.001,-0.195,s1*s2,0,-82.07684273015798,-27.293921010018963
RK45_0.001,-0.195,s1*s2,1,37.611631691733585,2.499120410705805
RK45_0.001,-0.195,s2*s3,0,2.5998169753249085,8.346422063901127
RK45_0.001,-0.195,s2*s3,1,-2.7062804124229283,-2.7882171726969642
RK45_0.001,-0.195,s3*s4,0,0.8977163413353395,-0.2994319001874679
RK45_0.001,-0.195,s3*s4,1,-0.35127612796292634,0.14623184470204925
RK45_0.001,-0.195,s1*s4,0,-8.761864753159404,-14.629467430138014
RK45_0.001,-0.195,s1*s4,1,5.246683371762892,6.6832035075841105
RK45_0.001,-0.18,s1*s2,0,-82.0768552028103,-27.293888628115354
RK45_0.001,-0.18,s1*s2,1,37.61161523661549,2.499108583878402
RK45_0.001,-0.18,s2*s3,0,2.599820925281257,8.346420393082438
RK45_0.001,-0.18,s2*s3,1,-2.70627974539537,-2.788215237059591
RK45_0.001,-0.18,s3*s4,0,0.897716278347569,-0.29943218284651274
RK45_0.001,-0.18,s3*s4,1,-0.3512759275322388,0.1462319014115117
RK45_0.001,-0.18,s1*s4,0,-8.761871362512029,-14.629465813611153
RK45_0.001,-0.18,s1*s4,1,5.246682950373842,6.683198529356776
RK45_0.001,-0.16499999999999998,s1*s2,0,-82.07684764884286,-27.293881427179496
RK45_0.001,-0.16499999999999998,s1*s2,1,37.611616898229094,2.499106925336676
RK45_0.001,-0.16499999999999998,s2*s3,0,2.5998207205576405,8.346419280111917
RK45_0.001,-0.16499999999999998,s2*s3,1,-2.70628006013227,-2.788215259350547
RK45_0.001,-0.16499999999999998,s3*s4,0,0.8977161867824439,-0.29943222256641056
RK45_0.001,-0.16499999999999998,s3*s4,1,-0.3512759288635294,0.14623191932951254
RK45_0.001,-0.16499999999999998,s1*s4,0,-8.761871617859306,-14.62946332173001
RK45_0.001,-0.16499999999999998,s1*s4,1,5.246683353295438,6.683198630051039
RK45_0.001,-0.15,s1*s2,0,-82.07682531804191,-27.293901693438166
RK45_0.001,-0.15,s1*s2,1,37.611633594192725,2.4991159272963306
RK45_0.001,-0.15,s2*s3,0,2.5998168394453183,8.346419261842623
RK45_0.001,-0.15,s2*s3,1,-2.7062809584982284,-2.7882170476482044
RK45_0.001,-0.15,s3*s4,0,0.8977161136553129,-0.29943200257463126
RK45_0.001,-0.15,s3*s4,1,-0.35127611359311545,0.14623189014499013
RK45_0.001,-0.15,s1*s4,0,-8.761865687580324,-14.629461523902956
RK45_0.001,-0.15,s1*s4,1,5.246684189624738,6.683203195839452
RK45_0.001,-0.135,s1*s2,0,-82.07672925800418,-27.29393303966366
RK45_0.001,-0.135,s1*s2,1,37.61166857190068,2.499131359929022
RK45_0.001,-0.135,s2*s3,0,2.5998050059884563,8.346415614453061
RK45_0.001,-0.135,s2*s3,1,-2.7062832167671362,-2.788220389171438
RK45_0.001,-0.135,s3*s4,0,0.89771544316027,-0.29943150903670435
RK45_0.001,-0.135,s3*s4,1,-0.35127649075987516,0.14623184172650103
RK45_0.001,-0.135,s1*s4,0,-8.761847473403769,-14.629446136457522
RK45_0.001,-0.135,s1*s4,1,5.246686582729832,6.683212596133026
RK45_0.001,-0.12,s1*s2,0,-82.0765601661608,-27.294002528452307
RK45_0.001,-0.12,s1*s2,1,37.61172918623076,2.4991617948547438
RK45_0.001,-0.12,s2*s3,0,2.5997834366097567,8.346410746763816
RK45_0.001,-0.12,s2*s3,1,-2.706286828992001,-2.7882262935535036
RK45_0.001,-0.12,s3*s4,0,0.8977142773870113,-0.29943051103795026
RK45_0.001,-0.12,s3*s4,1,-0.35127717721337953,0.14623172057963912
RK45_0.001,-0.12,s1*s4,0,-8.761812085381234,-14.629421103130085
RK45_0.001,-0.12,s1*s4,1,5.246690406301308,6.683229547098734
RK45_0.001,-0.10499999999999998,s1*s2,0,-82.0766262048235,-27.29403941635629
RK45_0.001,-0.10499999999999998,s1*s2,1,37.61171057571506,2.4991644983903463
RK45_0.001,-0.10499999999999998,s2*s3,0,2.599787031613585,8.346419148924374
RK45_0.001,-0.10499999999999998,s2*s3,1,-2.7062849872298282,-2.7882248920199086
RK45_0.001,-0.10499999999999998,s3*s4,0,0.8977149046967595,-0.29943042963784355
RK45_0.001,-0.10499999999999998,s3*s4,1,-0.35127705878851784,0.14623161706798332
RK45_0.001,-0.10499999999999998,s1*s4,0,-8.761813237887036,-14.629438286261076
RK45_0.001,-0.10499999999999998,s1*s4,1,5.246687860760595,6.683226826373317
RK45_0.001,-0.09,s1*s2,0,-82.07697496910522,-27.29402486513588
RK45_0.001,-0.09,s1*s2,1,37.61159784645177,2.499128898747425
RK45_0.001,-0.09,s2*s3,0,2.599820693134548,8.34644231022303
RK45_0.001,-0.09,s2*s3,1,-2.706277337413125,-2.7882145448673
RK45_0.001,-0.09,s3*s4,0,0.897717702519389,-0.2994316359689468
RK45_0.001,-0.09,s3*s4,1,-0.3512759342206615,0.14623156431497158
RK45_0.001,-0.09,s1*s4,0,-8.761861823336115,-14.629503131507187
RK45_0.001,-0.09,s1*s4,1,5.246678127344918,6.683200223615979
RK45_0.001,-0.07500000000000001,s1*s2,0,-82.07744371449712,-27.293974325104237
RK45_0.001,-0.07500000000000001,s1*s2,1,37.611445728255966,2.499072022582097
RK45_0.001,-0.07500000000000001,s2*s3,0,2.5998673311937677,8.346470389058231
RK45_0.001,-0.07500000000000001,s2*s3,1,-2.706267846054827,-2.7882001917586496
RK45_0.001,-0.07500000000000001,s3*s4,0,0.8977214147885447,-0.2994335684977094
RK45_0.001,-0.07500000000000001,s3*s4,1,-0.35127434292579945,0.14623156762821118
RK45_0.001,-0.07500000000000001,s1*s4,0,-8.76193407608081,-14.629585221889844
RK45_0.001,-0.07500000000000001,s1*s4,1,5.24666582846136,6.683163026270078
RK45_0.001,-0.06,s1*s2,0,-82.07776091136665,-27.29391431479546
RK45_0.001,-0.06,s1*s2,1,37.61134219519337,2.4990263635808825
RK45_0.001,-0.06,s2*s3,0,2.5999002143590544,8.346487028023866
RK45_0.001,-0.06,s2*s3,1,-2.7062620265561823,-2.788190086216079
RK45_0.001,-0.06,s3*s4,0,0.897723864437446,-0.29943513027563023
RK45_0.001,-0.06,s3*s4,1,-0.3512732049507017,0.14623162820992042
RK45_0.001,-0.06,s1*s4,0,-8.761988333795124,-14.629636606072637
RK45_0.001,-0.06,s1*s4,1,5.24665817173556,6.683136698701556
RK45_0.001,-0.044999999999999984,s1*s2,0,-82.07768433290951,-27.29386503819158
RK45_0.001,-0.044999999999999984,s1*s2,1,37.611363113950944,2.499023278240915
RK45_0.001,-0.044999999999999984,s2*s3,0,2.5998970498894822,8.346477309151629
RK45_0.001,-0.044999999999999984,s2*s3,1,-2.706264036059387,-2.7881915722263346
RK45_0.001,-0.044999999999999984,s3*s4,0,0.8977230385751104,-0.2994352608747764
RK45_0.001,-0.044999999999999984,s3*s4,1,-0.3512733479802865,0.14623174639411737
RK45_0.001,-0.044999999999999984,s1*s4,0,-8.761986752255556,-14.62961598223809
RK45_0.001,-0.044999999999999984,s1*s4,1,5.246661232231936,6.683139743909424
RK45_0.001,-0.03,s1*s2,0,-82.07718733501571,-27.293832726396108
RK45_0.001,-0.03,s1*s2,1,37.61151484710786,2.4990704214367367
RK45_0.001,-0.03,s2*s3,0,2.5998563291637127,8.346439974729202
RK45_0.001,-0.03,s2*s3,1,-2.706273524951356,-2.7882055688715983
RK45_0.001,-0.03,s3*s4,0,0.8977186713286852,-0.2994337086527705
RK45_0.001,-0.03,s3*s4,1,-0.3512748869466808,0.14623190247491466
RK45_0.001,-0.03,s1*s4,0,-8.761923134533314,-14.629521124955946
RK45_0.001,-0.03,s1*s4,1,5.246675156206417,6.683174038195004
RK45_0.001,-0.015000000000000013,s1*s2,0,-82.07670819808757,-27.29381704910547
RK45_0.001,-0.015000000000000013,s1*s2,1,37.61166090067956,2.4991212746824556
RK45_0.001,-0.015000000000000013,s2*s3,0,2.599816590915381,8.346405376602153
RK45_0.001,-0.015000000000000013,s2*s3,1,-2.7062820972182293,-2.788219335774217
RK45_0.001,-0.015000000000000013,s3*s4,0,0.8977144858844128,-0.29943203274232155
RK45_0.001,-0.015000000000000013,s3*s4,1,-0.3512764117726745,0.1462320128525732
RK45_0.001,-0.015000000000000013,s1*s4,0,-8.761858298127917,-14.629432654802986
RK45_0.001,-0.015000000000000013,s1*s4,1,5.246688012231998,6.683207732001098
RK45_0.001,0.0,s1*s2,0,-82.07669959558174,-27.293816804371623
RK45_0.001,0.0,s1*s2,1,37.61166351136896,2.4991222201025605
RK45_0.001,0.0,s2*s3,0,2.5998158824913533,8.34640475885444
RK45_0.001,0.0,s2*s3,1,-2.7062822457607485,-2.78821958408819
RK45_0.001,0.0,s3*s4,0,0.8977144105033106,-0.2994320017127473
RK45_0.001,0.0,s3*s4,1,-0.3512764393386959,0.14623201465210725
RK45_0.001,0.0,s1*s4,0,-8.761857119213904,-14.629431082424308
RK45_0.001,0.0,s1*s4,1,5.246688238966067,6.683208337142396
RK45_0.001,0.015000000000000013,s1*s2,0,-82.07665862460726,-27.29380595521205
RK45_0.001,0.015000000000000013,s1*s2,1,37.611673065570976,2.4991233247717273
RK45_0.001,0.015000000000000013,s2*s3,0,2.5998132811742387,8.34640113151935
RK45_0.001,0.015000000000000013,s2*s3,1,-2.7062829663007673,-2.7882203198672326
RK45_0.001,0.015000000000000013,s3*s4,0,0.897713998545439,-0.2994319353366706
RK45_0.001,0.015000000000000013,s3*s4,1,-0.35127652837807694,0.14623204167091924
RK45_0.001,0.015000000000000013,s1*s4,0,-8.761852939337794,-14.629422230458479
RK45_0.001,0.015000000000000013,s1*s4,1,5.246689438261495,6.683210210482115
RK45_0.001,0.030000000000000027,s1*s2,0,-82.07429349311187,-27.293140027662478
RK45_0.001,0.030000000000000027,s1*s2,1,37.61220636296342,2.4991735272740985
RK45_0.001,0.030000000000000027,s2*s3,0,2.5996678769617505,8.346188703697843
RK45_0.001,0.030000000000000027,s2*s3,1,-2.7063237881753284,-2.7882606318710454
RK45_0.001,0.030000000000000027,s3*s4,0,0.8976899464432361,-0.2994282923602614
RK45_0.001,0.030000000000000027,s3*s4,1,-0.3512814456294356,0.14623367466610504
RK45_0.001,0.030000000000000027,s1*s4,0,-8.761616218177084,-14.628908234387023
RK45_0.001,0.030000000000000027,s1*s4,1,5.246758319898293,6.6833126518405095
RK45_0.001,0.044999999999999984,s1*s2,0,-82.07194221570035,-27.292374359579377
RK45_0.001,0.044999999999999984,s1*s2,1,37.612669515574375,2.499164498891688
RK45_0.001,0.044999999999999984,s2*s3,0,2.599533404055453,8.345970015962106
RK45_0.001,0.044999999999999984,s2*s3,1,-2.7063633115251036,-2.7882918824022123
RK45_0.001,0.044999999999999984,s3*s4,0,0.8976653998053482,-0.299425382450053
RK45_0.001,0.044999999999999984,s3*s4,1,-0.3512854372666824,0.14623554442313189
RK45_0.001,0.044999999999999984,s1*s4,0,-8.761394638599297,-14.628385491101602
RK45_0.001,0.044999999999999984,s1*s4,1,5.246826123558203,6.683394057665822
RK45_0.001,0.06,s1*s2,0,-82.07240897083547,-27.292342431606862
RK45_0.001,0.06,s1*s2,1,37.61241177124405,2.4990050618839508
RK45_0.001,0.06,s2*s3,0,2.5995730423711625,8.346001074873378
RK45_0.001,0.06,s2*s3,1,-2.7063556857689575,-2.7882623751680233
RK45_0.001,0.06,s3*s4,0,0.8976692912510076,-0.29942768168486883
RK45_0.001,0.06,s3*s4,1,-0.3512822997435485,0.14623575996091528
RK45_0.001,0.06,s1*s4,0,-8.761466681563132,-14.62846014933144
RK45_0.001,0.06,s1*s4,1,5.246812188566443,6.68332792353286
RK45_0.001,0.07500000000000001,s1*s2,0,-82.07586031210853,-27.293231790411813
RK45_0.001,0.07500000000000001,s1*s2,1,37.611449996736155,2.4987279570339864
RK45_0.001,0.07500000000000001,s2*s3,0,2.5997804192507417,8.346307689080234
RK45_0.001,0.07500000000000001,s2*s3,1,-2.7063008361351466,-2.7881753608484634
RK45_0.001,0.07500000000000001,s3*s4,0,0.8977042558441055,-0.2994347570934734
RK45_0.001,0.07500000000000001,s3*s4,1,-0.3512723266073938,0.14623400668912945
RK45_0.001,0.07500000000000001,s1*s4,0,-8.761832377139571,-14.629179373030723
RK45_0.001,0.07500000000000001,s1*s4,1,5.246713265831723,6.683123753829376
RK45_0.001,0.08999999999999997,s1*s2,0,-82.08047169424849,-27.294629391582543
RK45_0.001,0.08999999999999997,s1*s2,1,37.610294672993874,2.4984711184021537
RK45_0.001,0.08999999999999997,s2*s3,0,2.6000380130295957,8.346732491576091
RK45_0.001,0.08999999999999997,s2*s3,1,-2.7062294669784253,-2.788076158061129
RK45_0.001,0.08999999999999997,s3*s4,0,0.8977522178264099,-0.29944269901398246
RK45_0.001,0.08999999999999997,s3*s4,1,-0.35126074004740865,0.14623120975866205
RK45_0.001,0.08999999999999997,s1*s4,0,-8.76229235093319,-14.63016538954206
RK45_0.001,0.08999999999999997,s1*s4,1,5.246582654118776,6.682890118497732
RK45_0.001,0.10499999999999998,s1*s2,0,-82.08342989568992,-27.29571288366244
RK45_0.001,0.10499999999999998,s1*s2,1,37.609682215703586,2.498424941407072
RK45_0.001,0.10499999999999998,s2*s3,0,2.6001874208467304,8.347018241040962
RK45_0.001,0.10499999999999998,s2*s3,1,-2.706184623423157,-2.788030006792154
RK45_0.001,0.10499999999999998,s3*s4,0,0.8977840487875526,-0.2994463002395342
RK45_0.001,0.10499999999999998,s3*s4,1,-0.35125507593748434,0.14622895969842087
RK45_0.001,0.10499999999999998,s1*s4,0,-8.762560652231539,-14.630822867815787
RK45_0.001,0.10499999999999998,s1*s4,1,5.246499802807239,6.68277910808607
RK45_0.001,0.12,s1*s2,0,-82.08243742037017,-27.29566521917579
RK45_0.001,0.12,s1*s2,1,37.61017479258,2.498727734607302
RK45_0.001,0.12,s2*s3,0,2.6001160846813614,8.346943530512887
RK45_0.001,0.12,s2*s3,1,-2.706198383537374,-2.788086558457606
RK45_0.001,0.12,s3*s4,0,0.8977750126202517,-0.29944204766191196
RK45_0.001,0.12,s3*s4,1,-0.35126108127081307,0.14622865831571968
RK45_0.001,0.12,s1*s4,0,-8.762421493765595,-14.630653830777472
RK45_0.001,0.12,s1*s4,1,5.246527272418239,6.682903508320094
RK45_0.001,0.135,s1*s2,0,-82.0779193623257,-27.294422086237443
RK45_0.001,0.135,s1*s2,1,37.611574313731175,2.4992841441397746
RK45_0.001,0.135,s2*s3,0,2.5998664976454986,8.346533236559077
RK45_0.001,0.135,s2*s3,1,-2.706261789198256,-2.7882253336914378
RK45_0.001,0.135,s3*s4,0,0.8977283731529853,-0.2994319892144783
RK45_0.001,0.135,s3*s4,1,-0.35127651288778017,0.1462303332117441
RK45_0.001,0.135,s1*s4,0,-8.761943387770717,-14.62972751122657
RK45_0.001,0.135,s1*s4,1,5.2466508721969145,6.6832146731204345
RK45_0.001,0.15000000000000002,s1*s2,0,-82.07512345539858,-27.2935164023754
RK45_0.001,0.15000000000000002,s1*s2,1,37.61236735281537,2.499565208553726
RK45_0.001,0.15000000000000002,s2*s3,0,2.5997232798215637,8.346269567513364
RK45_0.001,0.15000000000000002,s2*s3,1,-2.7063001944771456,-2.7883016012495623
RK45_0.001,0.15000000000000002,s3*s4,0,0.8976987592194328,-0.2994268766438637
RK45_0.001,0.15000000000000002,s3*s4,1,-0.35128507742153847,0.14623159372613126
RK45_0.001,0.15000000000000002,s1*s4,0,-8.761667544501272,-14.629135709100032
RK45_0.001,0.15000000000000002,s1*s4,1,5.2467261655203075,6.683385749332957
RK45_0.001,0.16499999999999998,s1*s2,0,-82.06981434922741,-27.29138494341874
RK45_0.001,0.16499999999999998,s1*s2,1,37.613669847196476,2.499930648390336
RK45_0.001,0.16499999999999998,s2*s3,0,2.5994829471645495,8.345739481330932
RK45_0.001,0.16499999999999998,s2*s3,1,-2.7063707451652825,-2.788420153255207
RK45_0.001,0.16499999999999998,s3*s4,0,0.8976403549809449,-0.29942071902170536
RK45_0.001,0.16499999999999998,s3*s4,1,-0.35129861931736966,0.14623449378170844
RK45_0.001,0.16499999999999998,s1*s4,0,-8.761206419121173,-14.627952475730496
RK45_0.001,0.16499999999999998,s1*s4,1,5.246864146674756,6.6836527929318885
RK45_0.001,0.18,s1*s2,0,-82.07008115017773,-27.29152168145364
RK45_0.001,0.18,s1*s2,1,37.6134992661976,2.4998129440751313
RK45_0.001,0.18,s2*s3,0,2.5994917956336097,8.345768597417758
RK45_0.001,0.18,s2*s3,1,-2.7063673590128823,-2.7883995136453255
RK45_0.001,0.18,s3*s4,0,0.8976434597485421,-0.2994208694545004
RK45_0.001,0.18,s3*s4,1,-0.35129646544750537,0.14623466973787702
RK45_0.001,0.18,s1*s4,0,-8.76122552872966,-14.628014446829145
RK45_0.001,0.18,s1*s4,1,5.246856390136101,6.68360857428539
RK45_0.001,0.195,s1*s2,0,-82.07779426370833,-27.294861366002454
RK45_0.001,0.195,s1*s2,1,37.61145068664641,2.4990884879080175
RK45_0.001,0.195,s2*s3,0,2.599813480835153,8.346557849551731
RK45_0.001,0.195,s2*s3,1,-2.7062704842546816,-2.7882016998780004
RK45_0.001,0.195,s3*s4,0,0.8977298473558702,-0.29942853770397476
RK45_0.001,0.195,s3*s4,1,-0.35127431361146033,0.14623115210935844
RK45_0.001,0.195,s1*s4,0,-8.761864859763488,-14.629753834579466
RK45_0.001,0.195,s1*s4,1,5.246660475540046,6.683171421132488
RK45_0.001,0.20999999999999996,s1*s2,0,-82.08472508184553,-27.297932714502593
RK45_0.001,0.20999999999999996,s1*s2,1,37.60971805589852,2.498517661638874
RK45_0.001,0.20999999999999996,s2*s3,0,2.6000950680154484,8.347272249393988
RK45_0.001,0.20999999999999996,s2*s3,1,-2.706185731332031,-2.788037279833866
RK45_0.001,0.20999999999999996,s3*s4,0,0.8978079250669679,-0.29943500189123573
RK45_0.001,0.20999999999999996,s3*s4,1,-0.3512557898460831,0.14622777721022112
RK45_0.001,0.20999999999999996,s1*s4,0,-8.762430499115071,-14.631323770275225
RK45_0.001,0.20999999999999996,s1*s4,1,5.2464881476592,6.6828084388418825
RK45_0.001,0.22499999999999998,s1*s2,0,-82.08180379674906,-27.296555220103997
RK45_0.001,0.22499999999999998,s1*s2,1,37.61065062284957,2.498959824842035
RK45_0.001,0.22499999999999998,s2*s3,0,2.5999857501353114,8.346964377731918
RK45_0.001,0.22499999999999998,s2*s3,1,-2.7062200389963285,-2.788135656980685
RK45_0.001,0.22499999999999998,s3*s4,0,0.8977745106054061,-0.2994327032221895
RK45_0.001,0.22499999999999998,s3*s4,1,-0.3512664947041611,0.14622852037026343
RK45_0.001,0.22499999999999998,s1*s4,0,-8.762202865612712,-14.63065532708146
RK45_0.001,0.22499999999999998,s1*s4,1,5.246560975409075,6.6830216642866835
RK45_0.001,0.24,s1*s2,0,-82.07430871231514,-27.29299847932419
RK45_0.001,0.24,s1*s2,1,37.612728997205934,2.4998167512525145
RK45_0.001,0.24,s2*s3,0,2.599706361220476,8.346173472581961
RK45_0.001,0.24,s2*s3,1,-2.7063065044908834,-2.7883457033522774
RK45_0.001,0.24,s3*s4,0,0.8976886399066781,-0.29942708170197296
RK45_0.001,0.24,s3*s4,1,-0.35128967028557423,0.1462312726324454
RK45_0.001,0.24,s1*s4,0,-8.761622032921514,-14.628935494507122
RK45_0.001,0.24,s1*s4,1,5.2467427417078305,6.683478528391472
RK45_1e-06,-0.24,s1*s2,0,-82.07670251321368,-27.293820312835333
RK45_1e-06,-0.24,s1*s2,1,37.61166323590878,2.499122750991045
RK45_1e-06,-0.24,s2*s3,0,2.599815774307147,8.346405199823614
RK45_1e-06,-0.24,s2*s3,1,-2.7062822023903834,-2.788219604843378
RK45_1e-06,-0.24,s3*s4,0,0.8977144591632685,-0.2994319892363337
RK45_1e-06,-0.24,s3*s4,1,-0.35127643864319297,0.14623200737266284
RK45_1e-06,-0.24,s1*s4,0,-8.7618571044519,-14.629431998809537
RK45_1e-06,-0.24,s1*s4,1,5.246688094994481,6.683208392904999
RK45_1e-06,-0.22499999999999998,s1*s2,0,-82.07670255799704,-27.293820375245055
RK45_1e-06,-0.22499999999999998,s1*s2,1,37.61166323280109,2.499122766569061
RK45_1e-06,-0.22499999999999998,s2*s3,0,2.599815773698495,8.346405207977059
RK45_1e-06,-0.22499999999999998,s2*s3,1,-2.706282200423902,-2.7882196054791124
RK45_1e-06,-0.22499999999999998,s3*s4,0,0.8977144598118016,-0.2994319888628385
RK45_1e-06,-0.22499999999999998,s3*s4,1,-0.3512764387436662,0.1462320072566145
RK45_1e-06,-0.22499999999999998,s1*s4,0,-8.761857100037263,-14.62943201583248
RK45_1e-06,-0.22499999999999998,s1*s4,1,5.246688093086458,6.683208394123659
RK45_1e-06,-0.21,s1*s2,0,-82.07670251236985,-27.29382030133979
RK45_1e-06,-0.21,s1*s2,1,37.61166323100297,2.499122747010337
RK45_1e-06,-0.21,s2*s3,0,2.599815775285053,8.346405198925858
RK45_1e-06,-0.21,s2*s3,1,-2.706282202201417,-2.78821960421942
RK45_1e-06,-0.21,s3*s4,0,0.8977144590884558,-0.2994319893174885
RK45_1e-06,-0.21,s3*s4,1,-0.35127643858304125,0.14623200739476988
RK45_1e-06,-0.21,s1*s4,0,-8.761857105935226,-14.629431997265531
RK45_1e-06,-0.21,s1*s4,1,5.246688094984223,6.6832083913362865
RK45_1e-06,-0.195,s1*s2,0,-82.07669814503912,-27.293830853276525
RK45_1e-06,-0.195,s1*s2,1,37.611668058447314,2.4991264148115517
RK45_1e-06,-0.195,s2*s3,0,2.599814454394746,8.346405759714328
RK45_1e-06,-0.195,s2*s3,1,-2.7062823944303824,-2.78822017703539
RK45_1e-06,-0.195,s3*s4,0,0.8977144742372376,-0.299431898446877
RK45_1e-06,-0.195,s3*s4,1,-0.351276498659154,0.14623198764009518
RK45_1e-06,-0.195,s1*s4,0,-8.76185486269005,-14.629432419538308
RK45_1e-06,-0.195,s1*s4,1,5.246688189903159,6.683209907123462
RK45_1e-06,-0.18,s1*s2,0,-82.07670250891977,-27.293833949834266
RK45_1e-06,-0.18,s1*s2,1,37.61166696232138,2.499126975477541
RK45_1e-06,-0.18,s2*s3,0,2.5998146605846393,8.34640632925568
RK45_1e-06,-0.18,s2*s3,1,-2.7062822320649875,-2.788220123948894
RK45_1e-06,-0.18,s3*s4,0,0.8977145210265177,-0.2994318842665776
RK45_1e-06,-0.18,s3*s4,1,-0.3512764947943683,0.1462319800492239
RK45_1e-06,-0.18,s1*s4,0,-8.761854866919869,-14.629433712017772
RK45_1e-06,-0.18,s1*s4,1,5.246688001325611,6.683209770209879
RK45_1e-06,-0.16499999999999998,s1*s2,0,-82.0767167282086,-27.29381978831612
RK45_1e-06,-0.16499999999999998,s1*s2,1,37.61165729594309,2.4991211717111614
RK45_1e-06,-0.16499999999999998,s2*s3,0,2.5998172455709256,8.346406196664901
RK45_1e-06,-0.16499999999999998,s2*s3,1,-2.7062817389775975,-2.7882190567151626
RK45_1e-06,-0.16499999999999998,s3*s4,0,0.8977145647394976,-0.2994320312523048
RK45_1e-06,-0.16499999999999998,s3*s4,1,-0.3512763846950323,0.1462320040747999
RK45_1e-06,-0.16499999999999998,s1*s4,0,-8.761858896804837,-14.629434756128196
RK45_1e-06,-0.16499999999999998,s1*s4,1,5.246687610818624,6.6832070035273485
RK45_1e-06,-0.15,s1*s2,0,-82.07672004693289,-27.2938095249677
RK45_1e-06,-0.15,s1*s2,1,37.611653460359115,2.4991176180874506
RK45_1e-06,-0.15,s2*s3,0,2.5998183914287085,8.346405608696557
RK45_1e-06,-0.15,s2*s3,1,-2.706281654981388,-2.7882185599081213
RK45_1e-06,-0.15,s3*s4,0,0.8977145429050868,-0.29943212214061893
RK45_1e-06,-0.15,s3*s4,1,-0.3512763323548893,0.14623202382431924
RK45_1e-06,-0.15,s1*s4,0,-8.761860976394207,-14.629434067894506
RK45_1e-06,-0.15,s1*s4,1,5.246687606782618,6.683205731528419
RK45_1e-06,-0.135,s1*s2,0,-82.0767043920982,-27.293816447458674
RK45_1e-06,-0.135,s1*s2,1,37.61166160442035,2.499121443576132
RK45_1e-06,-0.135,s2*s3,0,2.5998163108142847,8.346405048635255
RK45_1e-06,-0.135,s2*s3,1,-2.706282138455978,-2.788219398912296
RK45_1e-06,-0.135,s3*s4,0,0.8977144517688952,-0.29943202276086345
RK45_1e-06,-0.135,s3*s4,1,-0.3512764188021414,0.14623201463978702
RK45_1e-06,-0.135,s1*s4,0,-8.761857884838594,-14.629431901035616
RK45_1e-06,-0.135,s1*s4,1,5.246688088531959,6.683207872368314
RK45_1e-06,-0.12,s1*s2,0,-82.07669490112485,-27.29382128601516
RK45_1e-06,-0.12,s1*s2,1,37.61166580491752,2.4991237009373624
RK45_1e-06,-0.12,s2*s3,0,2.5998150188474694,8.346404791382804
RK45_1e-06,-0.12,s2*s3,1,-2.7062823639408,-2.7882198375350584
RK45_1e-06,-0.12,s3*s4,0,0.897714395985827,-0.29943195707994674
RK45_1e-06,-0.12,s3*s4,1,-0.35127646619133285,0.1462320069593559
RK45_1e-06,-0.12,s1*s4,0,-8.76185584014877,-14.62943067020724
RK45_1e-06,-0.12,s1*s4,1,5.246688317003563,6.683209029392646
RK45_1e-06,-0.10499999999999998,s1*s2,0,-82.07669820038704,-27.29382411494054
RK45_1e-06,-0.10499999999999998,s1*s2,1,37.61166510052157,2.499124062305573
RK45_1e-06,-0.10499999999999998,s2*s3,0,2.5998151043391693,8.346405265366817
RK45_1e-06,-0.10499999999999998,s2*s3,1,-2.706282272270883,-2.788219799628911
RK45_1e-06,-0.10499999999999998,s3*s4,0,0.897714434728396,-0.29943194530432027
RK45_1e-06,-0.10499999999999998,s3*s4,1,-0.3512764634513854,0.14623200082583246
RK45_1e-06,-0.10499999999999998,s1*s4,0,-8.76185579026153,-14.629431660744698
RK45_1e-06,-0.10499999999999998,s1*s4,1,5.246688188273712,6.683208964253933
RK45_1e-06,-0.09,s1*s2,0,-82.07672035272515,-27.29381994502693
RK45_1e-06,-0.09,s1*s2,1,37.61165739117091,2.499120783174562
RK45_1e-06,-0.09,s2*s3,0,2.5998174786674784,8.346406449449178
RK45_1e-06,-0.09,s2*s3,1,-2.706281810820478,-2.7882190449539355
RK45_1e-06,-0.09,s3*s4,0,0.897714600545831,-0.29943204847823507
RK45_1e-06,-0.09,s3*s4,1,-0.3512763811233109,0.14623200537724673
RK45_1e-06,-0.09,s1*s4,0,-8.761859464738798,-14.629435347987963
RK45_1e-06,-0.09,s1*s4,1,5.246687634927946,6.683207004690448
RK45_1e-06,-0.07500000000000001,s1*s2,0,-82.0767172748384,-27.293816774748457
RK45_1e-06,-0.07500000000000001,s1*s2,1,37.61165795265015,2.4991202976303395
RK45_1e-06,-0.07500000000000001,s2*s3,0,2.5998174490378188,8.346405973447878
RK45_1e-06,-0.07500000000000001,s2*s3,1,-2.706281897820784,-2.7882190625476104
RK45_1e-06,-0.07500000000000001,s3*s4,0,0.8977145608273696,-0.29943206345349244
RK45_1e-06,-0.07500000000000001,s3*s4,1,-0.3512763821980876,0.14623201214211545
RK45_1e-06,-0.07500000000000001,s1*s4,0,-8.761859576527623,-14.629434356652302
RK45_1e-06,-0.07500000000000001,s1*s4,1,5.246687766689846,6.683207024738835
RK45_1e-06,-0.06,s1*s2,0,-82.07669915193998,-27.293817330540467
RK45_1e-06,-0.06,s1*s2,1,37.6116637479383,2.499122351805157
RK45_1e-06,-0.06,s2*s3,0,2.5998157842335754,8.34640476687887
RK45_1e-06,-0.06,s2*s3,1,-2.706282260576836,-2.7882196091248828
RK45_1e-06,-0.06,s3*s4,0,0.8977144102742572,-0.29943199723530084
RK45_1e-06,-0.06,s3*s4,1,-0.35127644191759777,0.14623201397436295
RK45_1e-06,-0.06,s1*s4,0,-8.761856995172455,-14.629431047873643
RK45_1e-06,-0.06,s1*s4,1,5.246688248595151,6.683208406580868
RK45_1e-06,-0.044999999999999984,s1*s2,0,-82.07669560759183,-27.29381866479582
RK45_1e-06,-0.044999999999999984,s1*s2,1,37.61166491510342,2.499122892864199
RK45_1e-06,-0.044999999999999984,s2*s3,0,2.599815357903483,8.346404645577561
RK45_1e-06,-0.044999999999999984,s2*s3,1,-2.7062823263426496,-2.7882197183687483
RK45_1e-06,-0.044999999999999984,s3*s4,0,0.8977143853232394,-0.29943197551200457
RK45_1e-06,-0.044999999999999984,s3*s4,1,-0.3512764553349726,0.146232012579386
RK45_1e-06,-0.044999999999999984,s1*s4,0,-8.761856270704477,-14.629430540342199
RK45_1e-06,-0.044999999999999984,s1*s4,1,5.246688338306531,6.6832087171095464
RK45_1e-06,-0.03,s1*s2,0,-82.07671440440922,-27.293819964288232
RK45_1e-06,-0.03,s1*s2,1,37.61165954984036,2.4991213450477217
RK45_1e-06,-0.03,s2*s3,0,2.599816893040703,8.346406030997468
RK45_1e-06,-0.03,s2*s3,1,-2.706281977128571,-2.7882192416745664
RK45_1e-06,-0.03,s3*s4,0,0.8977145535495842,-0.29943203199131935
RK45_1e-06,-0.03,s3*s4,1,-0.3512764009397051,0.14623200685906432
RK45_1e-06,-0.03,s1*s4,0,-8.761858711135803,-14.629434173474046
RK45_1e-06,-0.03,s1*s4,1,5.246687818196939,6.6832075050766
RK45_1e-06,-0.015000000000000013,s1*s2,0,-82.07670502446365,-27.29381755946283
RK45_1e-06,-0.015000000000000013,s1*s2,1,37.611662012070695,2.4991218156450734
RK45_1e-06,-0.015000000000000013,s2*s3,0,2.5998162838711014,8.346405191170511
RK45_1e-06,-0.015000000000000013,s2*s3,1,-2.7062821495210727,-2.78821945129592
RK45_1e-06,-0.015000000000000013,s3*s4,0,0.8977144612587092,-0.2994320160574192
RK45_1e-06,-0.015000000000000013,s3*s4,1,-0.3512764242582899,0.14623201244543146
RK45_1e-06,-0.015000000000000013,s1*s4,0,-8.761857771959955,-14.629432162595812
RK45_1e-06,-0.015000000000000013,s1*s4,1,5.246688088091891,6.6832080092700705
RK45_1e-06,0.0,s1*s2,0,-82.07669959558174,-27.293816804371623
RK45_1e-06,0.0,s1*s2,1,37.61166351136896,2.4991222201025605
RK45_1e-06,0.0,s2*s3,0,2.5998158824913533,8.34640475885444
RK45_1e-06,0.0,s2*s3,1,-2.7062822457607485,-2.78821958408819
RK45_1e-06,0.0,s3*s4,0,0.8977144105033106,-0.2994320017127473
RK45_1e-06,0.0,s3*s4,1,-0.3512764393386959,0.14623201465210725
RK45_1e-06,0.0,s1*s4,0,-8.761857119213904,-14.629431082424308
RK45_1e-06,0.0,s1*s4,1,5.246688238966067,6.683208337142396
RK45_1e-06,0.015000000000000013,s1*s2,0,-82.07668825278981,-27.293814078778396
RK45_1e-06,0.015000000000000013,s1*s2,1,37.6116663089266,2.499122697375979
RK45_1e-06,0.015000000000000013,s2*s3,0,2.5998151488617474,8.34640377324205
RK45_1e-06,0.015000000000000013,s2*s3,1,-2.706282442591529,-2.7882198116421795
RK45_1e-06,0.015000000000000013,s3*s4,0,0.8977142976599465,-0.2994319802199724
RK45_1e-06,0.015000000000000013,s3*s4,1,-0.3512764662343547,0.1462320214841752
RK45_1e-06,0.015000000000000013,s1*s4,0,-8.761855913438541,-14.629428684796139
RK45_1e-06,0.015000000000000013,s1*s4,1,5.246688567456828,6.683208903315595
RK45_1e-06,0.030000000000000027,s1*s2,0,-82.07667215754344,-27.293808308403275
RK45_1e-06,0.030000000000000027,s1*s2,1,37.61166941019035,2.4991225724106165
RK45_1e-06,0.030000000000000027,s2*s3,0,2.5998142699189315,8.346402232525593
RK45_1e-06,0.030000000000000027,s2*s3,1,-2.706282713301311,-2.7882200203299883
RK45_1e-06,0.030000000000000027,s3*s4,0,0.897714127295361,-0.29943196451524207
RK45_1e-06,0.030000000000000027,s3*s4,1,-0.3512764922326587,0.14623203465369075
RK45_1e-06,0.030000000000000027,s1*s4,0,-8.761854484966332,-14.629425037436384
RK45_1e-06,0.030000000000000027,s1*s4,1,5.246689024218263,6.683209436570554
RK45_1e-06,0.044999999999999984,s1*s2,0,-82.07672324819679,-27.293820239355938
RK45_1e-06,0.044999999999999984,s1*s2,1,37.61165622366071,2.4991196592272678
RK45_1e-06,0.044999999999999984,s2*s3,0,2.5998175201765257,8.346406657623884
RK45_1e-06,0.044999999999999984,s2*s3,1,-2.706281862268128,-2.788218898011295
RK45_1e-06,0.044999999999999984,s3*s4,0,0.8977146365832795,-0.2994320715494223
RK45_1e-06,0.044999999999999984,s3*s4,1,-0.35127636096874587,0.14623200590644284
RK45_1e-06,0.044999999999999984,s1*s4,0,-8.761860036176005,-14.629435657800133
RK45_1e-06,0.044999999999999984,s1*s4,1,5.246687553859582,6.683206712253109
RK45_1e-06,0.06,s1*s2,0,-82.07670310272628,-27.293818185347497
RK45_1e-06,0.06,s1*s2,1,37.6116629348748,2.499122319604246
RK45_1e-06,0.06,s2*s3,0,2.599816051591117,8.34640510113276
RK45_1e-06,0.06,s2*s3,1,-2.7062821918807014,-2.7882195521764124
RK45_1e-06,0.06,s3*s4,0,0.8977144490623444,-0.2994320050473798
RK45_1e-06,0.06,s3*s4,1,-0.3512764346827389,0.1462320114193185
RK45_1e-06,0.06,s1*s4,0,-8.761857428239995,-14.62943187838226
RK45_1e-06,0.06,s1*s4,1,5.246688137988088,6.68320825094212
RK45_1e-06,0.07500000000000001,s1*s2,0,-82.07656319598757,-27.29377513985959
RK45_1e-06,0.07500000000000001,s1*s2,1,37.611696981385606,2.4991289196051967
RK45_1e-06,0.07500000000000001,s2*s3,0,2.5998082136233815,8.346392173081595
RK45_1e-06,0.07500000000000001,s2*s3,1,-2.706284392843861,-2.7882224063428658
RK45_1e-06,0.07500000000000001,s3*s4,0,0.8977129933277486,-0.2994317759678896
RK45_1e-06,0.07500000000000001,s3*s4,1,-0.35127676995232254,0.14623210024003588
RK45_1e-06,0.07500000000000001,s1*s4,0,-8.76184363559502,-14.629401758100455
RK45_1e-06,0.07500000000000001,s1*s4,1,5.246692110661873,6.683215030384023
RK45_1e-06,0.08999999999999997,s1*s2,0,-82.07661697482357,-27.293786870866924
RK45_1e-06,0.08999999999999997,s1*s2,1,37.611679524705956,2.4991224972497985
RK45_1e-06,0.08999999999999997,s2*s3,0,2.599811570196322,8.34639680023846
RK45_1e-06,0.08999999999999997,s2*s3,1,-2.7062835248052526,-2.788220727534065
RK45_1e-06,0.08999999999999997,s3*s4,0,0.8977135285625207,-0.299431907824982
RK45_1e-06,0.08999999999999997,s3*s4,1,-0.3512765806445449,0.14623207871102145
RK45_1e-06,0.08999999999999997,s1*s4,0,-8.761849694632566,-14.629412600286496
RK45_1e-06,0.08999999999999997,s1*s4,1,5.246690506108019,6.6832111535097525
RK45_1e-06,0.10499999999999998,s1*s2,0,-82.07684370313237,-27.29385947001267
RK45_1e-06,0.10499999999999998,s1*s2,1,37.611622479933544,2.499109139487711
RK45_1e-06,0.10499999999999998,s2*s3,0,2.599823737925865,8.346418006283978
RK45_1e-06,0.10499999999999998,s2*s3,1,-2.7062801039917153,-2.7882157638286436
RK45_1e-06,0.10499999999999998,s3*s4,0,0.8977159127900256,-0.2994322834488467
RK45_1e-06,0.10499999999999998,s3*s4,1,-0.3512760040784381,0.14623194136768325
RK45_1e-06,0.10499999999999998,s1*s4,0,-8.76187186086107,-14.629461305029604
RK45_1e-06,0.10499999999999998,s1*s4,1,5.246684132906497,6.683199612662359
RK45_1e-06,0.12,s1*s2,0,-82.0767315719656,-27.29382946784026
RK45_1e-06,0.12,s1*s2,1,37.611657141666164,2.4991217663877094
RK45_1e-06,0.12,s2*s3,0,2.599817362106787,8.34640791787604
RK45_1e-06,0.12,s2*s3,1,-2.7062817907755647,-2.788219106447921
RK45_1e-06,0.12,s3*s4,0,0.8977147622664512,-0.2994320377586528
RK45_1e-06,0.12,s3*s4,1,-0.35127637991566935,0.14623198991710912
RK45_1e-06,0.12,s1*s4,0,-8.761859935011227,-14.629438233026859
RK45_1e-06,0.12,s1*s4,1,5.246687358829484,6.683207205713387
RK45_1e-06,0.135,s1*s2,0,-82.07652927731877,-27.293756588183157
RK45_1e-06,0.135,s1*s2,1,37.61170852156745,2.4991357395751894
RK45_1e-06,0.135,s2*s3,0,2.5998074143666656,8.346388347755958
RK45_1e-06,0.135,s2*s3,1,-2.706284644677091,-2.7882237395978913
RK45_1e-06,0.135,s3*s4,0,0.8977125849971664,-0.2994317452913932
RK45_1e-06,0.135,s3*s4,1,-0.35127691106858044,0.14623210449895777
RK45_1e-06,0.135,s1*s4,0,-8.761841201558301,-14.629394098704765
RK45_1e-06,0.135,s1*s4,1,5.246692848726085,6.68321774220324
RK45_1e-06,0.15000000000000002,s1*s2,0,-82.07665570662321,-27.29380240872399
RK45_1e-06,0.15000000000000002,s1*s2,1,37.611672751066195,2.499123763384509
RK45_1e-06,0.15000000000000002,s2*s3,0,2.599813549291416,8.34640060774709
RK45_1e-06,0.15000000000000002,s2*s3,1,-2.7062828565306356,-2.7882203503049117
RK45_1e-06,0.15000000000000002,s3*s4,0,0.897713949178302,-0.29943193130000745
RK45_1e-06,0.15000000000000002,s3*s4,1,-0.35127652849198476,0.14623204179048752
RK45_1e-06,0.15000000000000002,s1*s4,0,-8.76185291657709,-14.62942162112979
RK45_1e-06,0.15000000000000002,s1*s4,1,5.246689346812076,6.683210123410678
RK45_1e-06,0.16499999999999998,s1*s2,0,-82.07687417612568,-27.293888132953853
RK45_1e-06,0.16499999999999998,s1*s2,1,37.611618877246315,2.49910887516985
RK45_1e-06,0.16499999999999998,s2*s3,0,2.599823541341975,8.3464222816354
RK45_1e-06,0.16499999999999998,s2*s3,1,-2.7062799331502263,-2.7882154607121237
RK45_1e-06,0.16499999999999998,s3*s4,0,0.8977163441203806,-0.2994322061304928
RK45_1e-06,0.16499999999999998,s3*s4,1,-0.3512759691996931,0.14623191875369104
RK45_1e-06,0.16499999999999998,s1*s4,0,-8.761872241478843,-14.629469948000093
RK45_1e-06,0.16499999999999998,s1*s4,1,5.246683595904646,6.683199130966374
RK45_1e-06,0.18,s1*s2,0,-82.07663850292515,-27.29379458240503
RK45_1e-06,0.18,s1*s2,1,37.61168333178329,2.4991310329117344
RK45_1e-06,0.18,s2*s3,0,2.599812972217178,8.3463987955491
RK45_1e-06,0.18,s2*s3,1,-2.706283052891341,-2.78822162901746
RK45_1e-06,0.18,s3*s4,0,0.8977137514690586,-0.299431906972084
RK45_1e-06,0.18,s3*s4,1,-0.35127666260282686,0.14623203252924422
RK45_1e-06,0.18,s1*s4,0,-8.761851470364622,-14.62941787611825
RK45_1e-06,0.18,s1*s4,1,5.246689848100858,6.6832128372844934
RK45_1e-06,0.195,s1*s2,0,-82.07646382211675,-27.293719557590084
RK45_1e-06,0.195,s1*s2,1,37.61172510988699,2.499143683027053
RK45_1e-06,0.195,s2*s3,0,2.5998056364710282,8.346380962862806
RK45_1e-06,0.195,s2*s3,1,-2.70628519943298,-2.78822551258482
RK45_1e-06,0.195,s3*s4,0,0.8977117985658927,-0.29943172826455594
RK45_1e-06,0.195,s3*s4,1,-0.35127710270634716,0.14623212199283314
RK45_1e-06,0.195,s1*s4,0,-8.761836904881633,-14.629378568462624
RK45_1e-06,0.195,s1*s4,1,5.2466941572615085,6.683221455760144
RK45_1e-06,0.20999999999999996,s1*s2,0,-82.07696544775577,-27.293943454774535
RK45_1e-06,0.20999999999999996,s1*s2,1,37.61159495981459,2.499097647975667
RK45_1e-06,0.20999999999999996,s2*s3,0,2.5998258423253633,8.346432803288447
RK45_1e-06,0.20999999999999996,s2*s3,1,-2.706279091743683,-2.788212930905194
RK45_1e-06,0.20999999999999996,s3*s4,0,0.8977174586333257,-0.2994321874843796
RK45_1e-06,0.20999999999999996,s3*s4,1,-0.3512756943232722,0.14623189408895376
RK45_1e-06,0.20999999999999996,s1*s4,0,-8.761877621823338,-14.629492330404236
RK45_1e-06,0.20999999999999996,s1*s4,1,5.246681684357496,6.68319376312053
RK45_1e-06,0.22499999999999998,s1*s2,0,-82.07668429239973,-27.293813473281652
RK45_1e-06,0.22499999999999998,s1*s2,1,37.61167322114593,2.4991286143017115
RK45_1e-06,0.22499999999999998,s2*s3,0,2.5998149688289107,8.346403408067841
RK45_1e-06,0.22499999999999998,s2*s3,1,-2.706282478521908,-2.7882207376914883
RK45_1e-06,0.22499999999999998,s3*s4,0,0.8977142592031884,-0.29943195901909037
RK45_1e-06,0.22499999999999998,s3*s4,1,-0.35127655951888137,0.14623200591533633
RK45_1e-06,0.22499999999999998,s1*s4,0,-8.761855401769779,-14.62942809536824
RK45_1e-06,0.22499999999999998,s1*s4,1,5.246688709215137,6.683210833641276
RK45_1e-06,0.24,s1*s2,0,-82.07668525957317,-27.293813943845727
RK45_1e-06,0.24,s1*s2,1,37.61167297272325,2.4991285176613305
RK45_1e-06,0.24,s2*s3,0,2.5998150041735295,8.34640351092221
RK45_1e-06,0.24,s2*s3,1,-2.706282467691265,-2.788220713003275
RK45_1e-06,0.24,s3*s4,0,0.8977142703406333,-0.2994319596279078
RK45_1e-06,0.24,s3*s4,1,-0.3512765567809169,0.14623200554099916
RK45_1e-06,0.24,s1*s4,0,-8.761855474815823,-14.62942831926781
RK45_1e-06,0.24,s1*s4,1,5.246688686652481,6.683210779789132
RK45_1e-09,-0.24,s1*s2,0,-82.07669959970363,-27.29381681063662
RK45_1e-09,-0.24,s1*s2,1,37.611663511901796,2.499122221850647
RK45_1e-09,-0.24,s2*s3,0,2.599815882249752,8.346404759561157
RK45_1e-09,-0.24,s2*s3,1,-2.7062822457013884,-2.788219584259063
RK45_1e-09,-0.24,s3*s4,0,0.8977144105792308,-0.2994320016835955
RK45_1e-09,-0.24,s3*s4,1,-0.3512764393503775,0.14623201463767066
RK45_1e-09,-0.24,s1*s4,0,-8.761857118991523,-14.629431083931218
RK45_1e-09,-0.24,s1*s4,1,5.246688238728564,6.683208337522648
RK45_1e-09,-0.22499999999999998,s1*s2,0,-82.07669960022284,-27.293816806887374
RK45_1e-09,-0.22499999999999998,s1*s2,1,37.61166350934623,2.499122220443086
RK45_1e-09,-0.22499999999999998,s2*s3,0,2.5998158826368973,8.346404759316918
RK45_1e-09,-0.22499999999999998,s2*s3,1,-2.706282245553691,-2.788219583985698
RK45_1e-09,-0.22499999999999998,s3*s4,0,0.8977144105623103,-0.2994320017122627
RK45_1e-09,-0.22499999999999998,s3*s4,1,-0.35127643932229446,0.14623201464328484
RK45_1e-09,-0.22499999999999998,s1*s4,0,-8.761857119598808,-14.62943108357965
RK45_1e-09,-0.22499999999999998,s1*s4,1,5.246688238615324,6.683208336800391
RK45_1e-09,-0.21,s1*s2,0,-82.07669961353116,-27.293816816558206
RK45_1e-09,-0.21,s1*s2,1,37.61166350570827,2.499122222139209
RK45_1e-09,-0.21,s2*s3,0,2.5998158831948044,8.346404761021166
RK45_1e-09,-0.21,s2*s3,1,-2.7062822449676944,-2.7882195837939783
RK45_1e-09,-0.21,s3*s4,0,0.8977144107121223,-0.29943200166974726
RK45_1e-09,-0.21,s3*s4,1,-0.3512764393113207,0.14623201462445667
RK45_1e-09,-0.21,s1*s4,0,-8.761857119699398,-14.629431087527745
RK45_1e-09,-0.21,s1*s4,1,5.246688238079504,6.683208336239715
RK45_1e-09,-0.195,s1*s2,0,-82.0766995935062,-27.293816831946728
RK45_1e-09,-0.195,s1*s2,1,37.61166352149153,2.4991222292554545
RK45_1e-09,-0.195,s2*s3,0,2.599815879845682,8.346404760822725
RK45_1e-09,-0.195,s2*s3,1,-2.7062822460364866,-2.788219585403523
RK45_1e-09,-0.195,s3*s4,0,0.8977144106343076,-0.29943200150351346
RK45_1e-09,-0.195,s3*s4,1,-0.3512764394720636,0.14623201460004703
RK45_1e-09,-0.195,s1*s4,0,-8.761857114869896,-14.629431085376364
RK45_1e-09,-0.195,s1*s4,1,5.246688238942163,6.683208340500784
RK45_1e-09,-0.18,s1*s2,0,-82.07669961144337,-27.293816796522925
RK45_1e-09,-0.18,s1*s2,1,37.61166350197548,2.4991222159526636
RK45_1e-09,-0.18,s2*s3,0,2.599815884625981,8.346404759295403
RK45_1e-09,-0.18,s2*s3,1,-2.706282245169551,-2.788219583151544
RK45_1e-09,-0.18,s3*s4,0,0.8977144105982019,-0.29943200182119534
RK45_1e-09,-0.18,s3*s4,1,-0.35127643923988605,0.14623201466241767
RK45_1e-09,-0.18,s1*s4,0,-8.761857122608085,-14.629431084513422
RK45_1e-09,-0.18,s1*s4,1,5.246688238364939,6.683208334678492
RK45_1e-09,-0.16499999999999998,s1*s2,0,-82.07669961676113,-27.293816814577927
RK45_1e-09,-0.16499999999999998,s1*s2,1,37.61166350586467,2.499122221208765
RK45_1e-09,-0.16499999999999998,s2*s3,0,2.5998158836390584,8.346404761083445
RK45_1e-09,-0.16499999999999998,s2*s3,1,-2.7062822451072583,-2.7882195837431216
RK45_1e-09,-0.16499999999999998,s3*s4,0,0.8977144107310543,-0.29943200169615614
RK45_1e-09,-0.16499999999999998,s3*s4,1,-0.35127643930513835,0.14623201462854749
RK45_1e-09,-0.16499999999999998,s1*s4,0,-8.76185712047374,-14.629431087867049
RK45_1e-09,-0.16499999999999998,s1*s4,1,5.246688238181765,6.683208336207749
RK45_1e-09,-0.15,s1*s2,0,-82.07669958500587,-27.29381682642863
RK45_1e-09,-0.15,s1*s2,1,37.6116635205139,2.499122227810896
RK45_1e-09,-0.15,s2*s3,0,2.5998158795787667,8.346404759847108
RK45_1e-09,-0.15,s2*s3,1,-2.706282246044202,-2.7882195852302187
RK45_1e-09,-0.15,s3*s4,0,0.8977144105307037,-0.29943200151613203
RK45_1e-09,-0.15,s3*s4,1,-0.35127643945752646,0.14623201461037694
RK45_1e-09,-0.15,s1*s4,0,-8.761857114466785,-14.629431083084222
RK45_1e-09,-0.15,s1*s4,1,5.246688239048921,6.683208340086331
RK45_1e-09,-0.135,s1*s2,0,-82.07669959946529,-27.2938168065659
RK45_1e-09,-0.135,s1*s2,1,37.611663510777,2.499122220437533
RK45_1e-09,-0.135,s2*s3,0,2.599815882614624,8.346404759261935
RK45_1e-09,-0.135,s2*s3,1,-2.706282245690736,-2.788219584074966
RK45_1e-09,-0.135,s3*s4,0,0.8977144105513889,-0.29943200171178264
RK45_1e-09,-0.135,s3*s4,1,-0.35127643933462316,0.14623201464713928
RK45_1e-09,-0.135,s1*s4,0,-8.761857119491994,-14.629431083401833
RK45_1e-09,-0.135,s1*s4,1,5.246688238816992,6.683208337088609
RK45_1e-09,-0.12,s1*s2,0,-82.07669963095606,-27.29381680322242
RK45_1e-09,-0.12,s1*s2,1,37.61166349964479,2.4991222163824376
RK45_1e-09,-0.12,s2*s3,0,2.5998158858449143,8.346404761166845
RK45_1e-09,-0.12,s2*s3,1,-2.7062822449396515,-2.788219583007812
RK45_1e-09,-0.12,s3*s4,0,0.89771441079572,-0.2994320018328829
RK45_1e-09,-0.12,s3*s4,1,-0.35127643922325563,0.14623201464924812
RK45_1e-09,-0.12,s1*s4,0,-8.761857124215917,-14.629431089055233
RK45_1e-09,-0.12,s1*s4,1,5.246688237986885,6.68320833433473
RK45_1e-09,-0.10499999999999998,s1*s2,0,-82.07669961054464,-27.29381681502104
RK45_1e-09,-0.10499999999999998,s1*s2,1,37.611663508869064,2.4991222217093094
RK45_1e-09,-0.10499999999999998,s2*s3,0,2.59981588296424,8.34640476070924
RK45_1e-09,-0.10499999999999998,s2*s3,1,-2.7062822454041755,-2.7882195839966886
RK45_1e-09,-0.10499999999999998,s3*s4,0,0.8977144106825586,-0.29943200167979667
RK45_1e-09,-0.10499999999999998,s3*s4,1,-0.3512764393291177,0.14623201462953317
RK45_1e-09,-0.10499999999999998,s1*s4,0,-8.761857119602253,-14.629431086622537
RK45_1e-09,-0.10499999999999998,s1*s4,1,5.24668823843397,6.683208336927979
RK45_1e-09,-0.09,s1*s2,0,-82.07669958170132,-27.29381681489851
RK45_1e-09,-0.09,s1*s2,1,37.61166351772185,2.4991222243204176
RK45_1e-09,-0.09,s2*s3,0,2.5998158803303086,8.346404758734781
RK45_1e-09,-0.09,s2*s3,1,-2.7062822460271474,-2.7882195847944815
RK45_1e-09,-0.09,s3*s4,0,0.8977144104390613,-0.2994320015888792
RK45_1e-09,-0.09,s3*s4,1,-0.3512764394162477,0.14623201463444052
RK45_1e-09,-0.09,s1*s4,0,-8.761857115684894,-14.629431081101925
RK45_1e-09,-0.09,s1*s4,1,5.246688239220837,6.683208339004039
RK45_1e-09,-0.07500000000000001,s1*s2,0,-82.0766995856283,-27.293816807915114
RK45_1e-09,-0.07500000000000001,s1*s2,1,37.61166351513021,2.4991222220129115
RK45_1e-09,-0.07500000000000001,s2*s3,0,2.599815881279671,8.34640475844848
RK45_1e-09,-0.07500000000000001,s2*s3,1,-2.7062822459624045,-2.7882195844732127
RK45_1e-09,-0.07500000000000001,s3*s4,0,0.8977144104375753,-0.2994320016544605
RK45_1e-09,-0.07500000000000001,s3*s4,1,-0.3512764393808161,0.14623201464740918
RK45_1e-09,-0.07500000000000001,s1*s4,0,-8.761857117311035,-14.629431080975928
RK45_1e-09,-0.07500000000000001,s1*s4,1,5.246688239193144,6.683208338148383
RK45_1e-09,-0.06,s1*s2,0,-82.07669959627495,-27.293816805210323
RK45_1e-09,-0.06,s1*s2,1,37.61166351140626,2.49912222027918
RK45_1e-09,-0.06,s2*s3,0,2.5998158824721194,8.346404758960148
RK45_1e-09,-0.06,s2*s3,1,-2.7062822457569853,-2.788219584103772
RK45_1e-09,-0.06,s3*s4,0,0.8977144105143793,-0.29943200171052425
RK45_1e-09,-0.06,s3*s4,1,-0.35127643933947966,0.14623201465089292
RK45_1e-09,-0.06,s1*s4,0,-8.761857119194675,-14.62943108264962
RK45_1e-09,-0.06,s1*s4,1,5.246688238932857,6.6832083371827515
RK45_1e-09,-0.044999999999999984,s1*s2,0,-82.07669960143542,-27.29381680535097
RK45_1e-09,-0.044999999999999984,s1*s2,1,37.61166350986689,2.4991222197859573
RK45_1e-09,-0.044999999999999984,s2*s3,0,2.599815882913695,8.346404759328037
RK45_1e-09,-0.044999999999999984,s2*s3,1,-2.7062822456556113,-2.7882195839633472
RK45_1e-09,-0.044999999999999984,s3*s4,0,0.8977144105591605,-0.2994320017263098
RK45_1e-09,-0.044999999999999984,s3*s4,1,-0.35127643932406666,0.14623201464943622
RK45_1e-09,-0.044999999999999984,s1*s4,0,-8.761857119897552,-14.629431083620403
RK45_1e-09,-0.044999999999999984,s1*s4,1,5.246688238800723,6.683208336821184
RK45_1e-09,-0.03,s1*s2,0,-82.07669960294461,-27.293816805552144
RK45_1e-09,-0.03,s1*s2,1,37.61166350942783,2.4991222196631404
RK45_1e-09,-0.03,s2*s3,0,2.59981588302984,8.346404759444843
RK45_1e-09,-0.03,s2*s3,1,-2.7062822456285938,-2.7882195839221686
RK45_1e-09,-0.03,s3*s4,0,0.8977144105723721,-0.2994320017303395
RK45_1e-09,-0.03,s3*s4,1,-0.3512764393194414,0.146232014648849
RK45_1e-09,-0.03,s1*s4,0,-8.761857120076826,-14.629431083932431
RK45_1e-09,-0.03,s1*s4,1,5.246688238757574,6.683208336729665
RK45_1e-09,-0.015000000000000013,s1*s2,0,-82.07669959603446,-27.293816804513675
RK45_1e-09,-0.015000000000000013,s1*s2,1,37.61166351126749,2.4991222200930703
RK45_1e-09,-0.015000000000000013,s2*s3,0,2.599815882520562,8.346404758896442
RK45_1e-09,-0.015000000000000013,s2*s3,1,-2.706282245755128,-2.788219584080696
RK45_1e-09,-0.015000000000000013,s3*s4,0,0.89771441050746,-0.299432001714216
RK45_1e-09,-0.015000000000000013,s3*s4,1,-0.35127643933747854,0.14623201465213764
RK45_1e-09,-0.015000000000000013,s1*s4,0,-8.76185711924867,-14.629431082528146
RK45_1e-09,-0.015000000000000013,s1*s4,1,5.24668823894784,6.6832083371256035
RK45_1e-09,0.0,s1*s2,0,-82.07669959558174,-27.293816804371623
RK45_1e-09,0.0,s1*s2,1,37.61166351136896,2.4991222201025605
RK45_1e-09,0.0,s2*s3,0,2.5998158824913533,8.34640475885444
RK45_1e-09,0.0,s2*s3,1,-2.7062822457607485,-2.78821958408819
RK45_1e-09,0.0,s3*s4,0,0.8977144105033106,-0.2994320017127473
RK45_1e-09,0.0,s3*s4,1,-0.3512764393386959,0.14623201465210725
RK45_1e-09,0.0,s1*s4,0,-8.761857119213904,-14.629431082424308
RK45_1e-09,0.0,s1*s4,1,5.246688238966067,6.683208337142396
RK45_1e-09,0.015000000000000013,s1*s2,0,-82.07669959500039,-27.293816804323168
RK45_1e-09,0.015000000000000013,s1*s2,1,37.611663511555214,2.4991222201641423
RK45_1e-09,0.015000000000000013,s2*s3,0,2.599815882445515,8.346404758807031
RK45_1e-09,0.015000000000000013,s2*s3,1,-2.7062822457720226,-2.788219584104918
RK45_1e-09,0.015000000000000013,s3*s4,0,0.8977144104975289,-0.299432001710872
RK45_1e-09,0.015000000000000013,s3*s4,1,-0.3512764393404867,0.14623201465237662
RK45_1e-09,0.015000000000000013,s1*s4,0,-8.76185711914272,-14.629431082320593
RK45_1e-09,0.015000000000000013,s1*s4,1,5.246688238982839,6.68320833718683
RK45_1e-09,0.030000000000000027,s1*s2,0,-82.07669957661034,-27.29381679992491
RK45_1e-09,0.030000000000000027,s1*s2,1,37.611663516287926,2.499122221179924
RK45_1e-09,0.030000000000000027,s2*s3,0,2.5998158812773298,8.34640475720815
RK45_1e-09,0.030000000000000027,s2*s3,1,-2.7062822460832723,-2.7882195845081674
RK45_1e-09,0.030000000000000027,s3*s4,0,0.8977144103145712,-0.2994320016743971
RK45_1e-09,0.030000000000000027,s3*s4,1,-0.35127643938727643,0.1462320146630425
RK45_1e-09,0.030000000000000027,s1*s4,0,-8.761857117163958,-14.629431078467539
RK45_1e-09,0.030000000000000027,s1*s4,1,5.246688239506921,6.683208338160677
RK45_1e-09,0.044999999999999984,s1*s2,0,-82.07669955724353,-27.293816794604442
RK45_1e-09,0.044999999999999984,s1*s2,1,37.6116635212792,2.499122222306697
RK45_1e-09,0.044999999999999984,s2*s3,0,2.5998158801317346,8.346404755467645
RK45_1e-09,0.044999999999999984,s2*s3,1,-2.706282246396888,-2.788219584939357
RK45_1e-09,0.044999999999999984,s3*s4,0,0.8977144101176622,-0.2994320016382817
RK45_1e-09,0.044999999999999984,s3*s4,1,-0.3512764394372237,0.14623201467463728
RK45_1e-09,0.044999999999999984,s1*s4,0,-8.761857115164428,-14.62943107436273
RK45_1e-09,0.044999999999999984,s1*s4,1,5.246688240058515,6.683208339178256
RK45_1e-09,0.06,s1*s2,0,-82.0766995413277,-27.29381678967879
RK45_1e-09,0.06,s1*s2,1,37.61166352544241,2.499122223369712
RK45_1e-09,0.06,s2*s3,0,2.599815879259376,8.34640475398547
RK45_1e-09,0.06,s2*s3,1,-2.706282246637462,-2.7882195853091662
RK45_1e-09,0.06,s3*s4,0,0.8977144099513944,-0.29943200160975697
RK45_1e-09,0.06,s3*s4,1,-0.35127643947989934,0.1462320146836972
RK45_1e-09,0.06,s1*s4,0,-8.761857113601824,-14.629431070971812
RK45_1e-09,0.06,s1*s4,1,5.246688240514489,6.683208340029222
RK45_1e-09,0.07500000000000001,s1*s2,0,-82.07669952474532,-27.293816784081464
RK45_1e-09,0.07500000000000001,s1*s2,1,37.61166352983441,2.49912222460051
RK45_1e-09,0.07500000000000001,s2*s3,0,2.5998158784189185,8.3464047524024
RK45_1e-09,0.07500000000000001,s2*s3,1,-2.7062822468807664,-2.788219585706063
RK45_1e-09,0.07500000000000001,s3*s4,0,0.8977144097745355,-0.29943200158343564
RK45_1e-09,0.07500000000000001,s3*s4,1,-0.3512764395249938,0.1462320146933961
RK45_1e-09,0.07500000000000001,s1*s4,0,-8.761857112003398,-14.629431067420834
RK45_1e-09,0.07500000000000001,s1*s4,1,5.246688240974092,6.6832083409420555
RK45_1e-09,0.08999999999999997,s1*s2,0,-82.07669950078417,-27.29381677555495
RK45_1e-09,0.08999999999999997,s1*s2,1,37.61166353613388,2.499122226396026
RK45_1e-09,0.08999999999999997,s2*s3,0,2.599815877234019,8.346404750086625
RK45_1e-09,0.08999999999999997,s2*s3,1,-2.7062822472198595,-2.788219586282268
RK45_1e-09,0.08999999999999997,s3*s4,0,0.8977144095175031,-0.29943200154685223
RK45_1e-09,0.08999999999999997,s3*s4,1,-0.35127643959060517,0.14623201470703115
RK45_1e-09,0.08999999999999997,s1*s4,0,-8.761857109777583,-14.629431062219478
RK45_1e-09,0.08999999999999997,s1*s4,1,5.246688241637412,6.683208342238151
RK45_1e-09,0.10499999999999998,s1*s2,0,-82.07669946290609,-27.2938167614899
RK45_1e-09,0.10499999999999998,s1*s2,1,37.61166354594349,2.4991222292424036
RK45_1e-09,0.10499999999999998,s2*s3,0,2.59981587543042,8.346404746382774
RK45_1e-09,0.10499999999999998,s2*s3,1,-2.7062822477455364,-2.788219587182542
RK45_1e-09,0.10499999999999998,s3*s4,0,0.8977144091070648,-0.29943200149370974
RK45_1e-09,0.10499999999999998,s3*s4,1,-0.3512764396928481,0.14623201472843184
RK45_1e-09,0.10499999999999998,s1*s4,0,-8.761857106318208,-14.62943105394285
RK45_1e-09,0.10499999999999998,s1*s4,1,5.246688242657794,6.683208344263499
RK45_1e-09,0.12,s1*s2,0,-82.07669941322675,-27.29381674178388
RK45_1e-09,0.12,s1*s2,1,37.611663558670315,2.499122233102006
RK45_1e-09,0.12,s2*s3,0,2.5998158731909284,8.346404741428502
RK45_1e-09,0.12,s2*s3,1,-2.706282248402904,-2.78821958836634
RK45_1e-09,0.12,s3*s4,0,0.8977144085616308,-0.29943200143070514
RK45_1e-09,0.12,s3*s4,1,-0.35127643982691187,0.14623201475500822
RK45_1e-09,0.12,s1*s4,0,-8.761857101955654,-14.629431042957721
RK45_1e-09,0.12,s1*s4,1,5.246688243966252,6.683208346895332
RK45_1e-09,0.135,s1*s2,0,-82.076699380852,-27.293816726408355
RK45_1e-09,0.135,s1*s2,1,37.611663566709176,2.4991222359599483
RK45_1e-09,0.135,s2*s3,0,2.5998158719970377,8.346404737998329
RK45_1e-09,0.135,s2*s3,1,-2.706282248765318,-2.7882195891503914
RK45_1e-09,0.135,s3*s4,0,0.8977144081903352,-0.2994320014043387
RK45_1e-09,0.135,s3*s4,1,-0.3512764399137948,0.14623201476996484
RK45_1e-09,0.135,s1*s4,0,-8.761857099459712,-14.629431035564473
RK45_1e-09,0.135,s1*s4,1,5.246688244743091,6.683208348584386
RK45_1e-09,0.15000000000000002,s1*s2,0,-82.07669943552797,-27.293816743161443
RK45_1e-09,0.15000000000000002,s1*s2,1,37.61166355205636,2.499122232296159
RK45_1e-09,0.15000000000000002,s2*s3,0,2.5998158749783817,8.346404743055064
RK45_1e-09,0.15000000000000002,s2*s3,1,-2.7062822479080193,-2.7882195878608664
RK45_1e-09,0.15000000000000002,s3*s4,0,0.8977144087628082,-0.2994320014998296
RK45_1e-09,0.15000000000000002,s3*s4,1,-0.35127643976480016,0.1462320147359515
RK45_1e-09,0.15000000000000002,s1*s4,0,-8.761857104949627,-14.62943104718725
RK45_1e-09,0.15000000000000002,s1*s4,1,5.246688243139359,6.683208345586302
RK45_1e-09,0.16499999999999998,s1*s2,0,-82.07669963115565,-27.293816818815543
RK45_1e-09,0.16499999999999998,s1*s2,1,37.6116635011194,2.4991222169145253
RK45_1e-09,0.16499999999999998,s2*s3,0,2.599815884015915,8.346404762385369
RK45_1e-09,0.16499999999999998,s2*s3,1,-2.706282245245941,-2.7882195831466516
RK45_1e-09,0.16499999999999998,s3*s4,0,0.8977144109021754,-0.299432001754096
RK45_1e-09,0.16499999999999998,s3*s4,1,-0.35127643922918345,0.1462320146304147
RK45_1e-09,0.16499999999999998,s1*s4,0,-8.76185712242125,-14.629431090303154
RK45_1e-09,0.16499999999999998,s1*s4,1,5.246688237898482,6.683208335003369
RK45_1e-09,0.18,s1*s2,0,-82.07669981148631,-27.293816896453617
RK45_1e-09,0.18,s1*s2,1,37.61166345547458,2.4991222019905583
RK45_1e-09,0.18,s2*s3,0,2.5998158915691207,8.346404780806314
RK45_1e-09,0.18,s2*s3,1,-2.706282242999323,-2.788219578818687
RK45_1e-09,0.18,s3*s4,0,0.8977144129181232,-0.29943200194117825
RK45_1e-09,0.18,s3*s4,1,-0.35127643874161796,0.14623201454181387
RK45_1e-09,0.18,s1*s4,0,-8.761857137411754,-14.629431130903873
RK45_1e-09,0.18,s1*s4,1,5.246688233343062,6.683208325457521
RK45_1e-09,0.195,s1*s2,0,-82.07669963130019,-27.29381682411129
RK45_1e-09,0.195,s1*s2,1,37.61166350512733,2.499122218860421
RK45_1e-09,0.195,s2*s3,0,2.599815883535021,8.346404762809186
RK45_1e-09,0.195,s2*s3,1,-2.7062822454199664,-2.788219583556412
RK45_1e-09,0.195,s3*s4,0,0.8977144109312871,-0.29943200172129836
RK45_1e-09,0.195,s3*s4,1,-0.3512764392747788,0.1462320146313414
RK45_1e-09,0.195,s1*s4,0,-8.761857121652232,-14.629431090928637
RK45_1e-09,0.195,s1*s4,1,5.246688238188292,6.683208335987313
RK45_1e-09,0.20999999999999996,s1*s2,0,-82.07669923949874,-27.293816644013702
RK45_1e-09,0.20999999999999996,s1*s2,1,37.61166360706335,2.4991222563994784
RK45_1e-09,0.20999999999999996,s2*s3,0,2.599815868228894,8.346404721912364
RK45_1e-09,0.20999999999999996,s2*s3,1,-2.706282250065975,-2.788219593524144
RK45_1e-09,0.20999999999999996,s3*s4,0,0.8977144064814166,-0.29943200139868686
RK45_1e-09,0.20999999999999996,s3*s4,1,-0.35127644038615463,0.14623201479848053
RK45_1e-09,0.20999999999999996,s1*s4,0,-8.761857090620035,-14.629431001474357
RK45_1e-09,0.20999999999999996,s1*s4,1,5.246688247749255,6.683208357852846
RK45_1e-09,0.22499999999999998,s1*s2,0,-82.0766995418638,-27.293816781920697
RK45_1e-09,0.22499999999999998,s1*s2,1,37.61166352588015,2.499122226233725
RK45_1e-09,0.22499999999999998,s2*s3,0,2.5998158801535007,8.346404753367084
RK45_1e-09,0.22499999999999998,s2*s3,1,-2.7062822463787963,-2.7882195855731986
RK45_1e-09,0.22499999999999998,s3*s4,0,0.8977144099100733,-0.29943200165209705
RK45_1e-09,0.22499999999999998,s3*s4,1,-0.35127643949945325,0.1462320146679204
RK45_1e-09,0.22499999999999998,s1*s4,0,-8.761857114749581,-14.629431070436723
RK45_1e-09,0.22499999999999998,s1*s4,1,5.246688240177812,6.683208340385352
RK45_1e-09,0.24,s1*s2,0,-82.07669961151382,-27.293816817036742
RK45_1e-09,0.24,s1*s2,1,37.61166351155722,2.4991222211370396
RK45_1e-09,0.24,s2*s3,0,2.599815882547983,8.346404760890046
RK45_1e-09,0.24,s2*s3,1,-2.7062822457286844,-2.788219584174677
RK45_1e-09,0.24,s3*s4,0,0.8977144107197982,-0.2994320016916552
RK45_1e-09,0.24,s3*s4,1,-0.3512764393440682,0.14623201464093818
RK45_1e-09,0.24,s1*s4,0,-8.761857119838012,-14.629431086619181
RK45_1e-09,0.24,s1*s4,1,5.246688238805595,6.683208337374225
RK45_1e-12,-0.24,s1*s2,0,-82.07669959557985,-27.293816804381876
RK45_1e-12,-0.24,s1*s2,1,37.611663511367766,2.4991222201068317
RK45_1e-12,-0.24,s2*s3,0,2.599815882496234,8.34640475885711
RK45_1e-12,-0.24,s2*s3,1,-2.706282245763342,-2.788219584088982
RK45_1e-12,-0.24,s3*s4,0,0.8977144105029072,-0.2994320017134498
RK45_1e-12,-0.24,s3*s4,1,-0.3512764393385069,0.146232014652525
RK45_1e-12,-0.24,s1*s4,0,-8.761857119198446,-14.629431082427953
RK45_1e-12,-0.24,s1*s4,1,5.246688238958135,6.683208337144338
RK45_1e-12,-0.22499999999999998,s1*s2,0,-82.07669959559652,-27.293816804372984
RK45_1e-12,-0.22499999999999998,s1*s2,1,37.61166351135443,2.499122220101656
RK45_1e-12,-0.22499999999999998,s2*s3,0,2.599815882495353,8.34640475885584
RK45_1e-12,-0.22499999999999998,s2*s3,1,-2.706282245760512,-2.7882195840872774
RK45_1e-12,-0.22499999999999998,s3*s4,0,0.8977144105031492,-0.29943200171329937
RK45_1e-12,-0.22499999999999998,s3*s4,1,-0.35127643933847913,0.14623201465240787
RK45_1e-12,-0.22499999999999998,s1*s4,0,-8.761857119209026,-14.629431082430306
RK45_1e-12,-0.22499999999999998,s1*s4,1,5.246688238960908,6.683208337140279
RK45_1e-12,-0.21,s1*s2,0,-82.07669959558223,-27.293816804389948
RK45_1e-12,-0.21,s1*s2,1,37.61166351137379,2.4991222201091814
RK45_1e-12,-0.21,s2*s3,0,2.5998158824948563,8.346404758853499
RK45_1e-12,-0.21,s2*s3,1,-2.706282245762646,-2.7882195840877806
RK45_1e-12,-0.21,s3*s4,0,0.8977144105026075,-0.29943200171327083
RK45_1e-12,-0.21,s3*s4,1,-0.3512764393384132,0.14623201465237284
RK45_1e-12,-0.21,s1*s4,0,-8.761857119201888,-14.629431082437787
RK45_1e-12,-0.21,s1*s4,1,5.246688238961672,6.683208337149253
RK45_1e-12,-0.195,s1*s2,0,-82.07669959560413,-27.29381680437218
RK45_1e-12,-0.195,s1*s2,1,37.61166351135441,2.499122220100982
RK45_1e-12,-0.195,s2*s3,0,2.5998158824959736,8.346404758854169
RK45_1e-12,-0.195,s2*s3,1,-2.706282245760352,-2.788219584086543
RK45_1e-12,-0.195,s3*s4,0,0.8977144105028299,-0.29943200171301687
RK45_1e-12,-0.195,s3*s4,1,-0.35127643933838704,0.1462320146522431
RK45_1e-12,-0.195,s1*s4,0,-8.761857119213808,-14.629431082437515
RK45_1e-12,-0.195,s1*s4,1,5.246688238962839,6.683208337142016
RK45_1e-12,-0.18,s1*s2,0,-82.07669959557002,-27.293816804405516
RK45_1e-12,-0.18,s1*s2,1,37.61166351137972,2.499122220115053
RK45_1e-12,-0.18,s2*s3,0,2.5998158824891346,8.346404758856997
RK45_1e-12,-0.18,s2*s3,1,-2.706282245761867,-2.7882195840903186
RK45_1e-12,-0.18,s3*s4,0,0.8977144105028686,-0.29943200171281414
RK45_1e-12,-0.18,s3*s4,1,-0.3512764393386938,0.14623201465225755
RK45_1e-12,-0.18,s1*s4,0,-8.761857119202304,-14.629431082429095
RK45_1e-12,-0.18,s1*s4,1,5.246688238962649,6.683208337147079
RK45_1e-12,-0.16499999999999998,s1*s2,0,-82.07669959559375,-27.293816804369097
RK45_1e-12,-0.16499999999999998,s1*s2,1,37.611663511361506,2.499122220101124
RK45_1e-12,-0.16499999999999998,s2*s3,0,2.599815882496148,8.346404758855254
RK45_1e-12,-0.16499999999999998,s2*s3,1,-2.7062822457617366,-2.788219584087454
RK45_1e-12,-0.16499999999999998,s3*s4,0,0.8977144105030708,-0.2994320017131954
RK45_1e-12,-0.16499999999999998,s3*s4,1,-0.3512764393384862,0.1462320146523331
RK45_1e-12,-0.16499999999999998,s1*s4,0,-8.761857119208457,-14.629431082430523
RK45_1e-12,-0.16499999999999998,s1*s4,1,5.246688238961649,6.683208337142776
RK45_1e-12,-0.15,s1*s2,0,-82.07669959561093,-27.293816804369676
RK45_1e-12,-0.15,s1*s2,1,37.61166351135561,2.499122220099278
RK45_1e-12,-0.15,s2*s3,0,2.599815882495072,8.346404758859336
RK45_1e-12,-0.15,s2*s3,1,-2.7062822457607636,-2.788219584088572
RK45_1e-12,-0.15,s3*s4,0,0.8977144105035083,-0.2994320017129923
RK45_1e-12,-0.15,s3*s4,1,-0.3512764393386024,0.1462320146523398
RK45_1e-12,-0.15,s1*s4,0,-8.761857119213994,-14.629431082425864
RK45_1e-12,-0.15,s1*s4,1,5.246688238961234,6.683208337137345
RK45_1e-12,-0.135,s1*s2,0,-82.07669959558581,-27.293816804391806
RK45_1e-12,-0.135,s1*s2,1,37.61166351136957,2.499122220108826
RK45_1e-12,-0.135,s2*s3,0,2.599815882494055,8.346404758856478
RK45_1e-12,-0.135,s2*s3,1,-2.7062822457623184,-2.788219584088597
RK45_1e-12,-0.135,s3*s4,0,0.8977144105029338,-0.29943200171314843
RK45_1e-12,-0.135,s3*s4,1,-0.3512764393385211,0.14623201465237767
RK45_1e-12,-0.135,s1*s4,0,-8.761857119202945,-14.629431082432871
RK45_1e-12,-0.135,s1*s4,1,5.246688238960876,6.683208337145816
RK45_1e-12,-0.12,s1*s2,0,-82.07669959556459,-27.293816804389976
RK45_1e-12,-0.12,s1*s2,1,37.611663511372235,2.4991222201099497
RK45_1e-12,-0.12,s2*s3,0,2.599815882491632,8.346404758857187
RK45_1e-12,-0.12,s2*s3,1,-2.706282245762531,-2.7882195840897777
RK45_1e-12,-0.12,s3*s4,0,0.8977144105031334,-0.29943200171276135
RK45_1e-12,-0.12,s3*s4,1,-0.3512764393387259,0.14623201465228236
RK45_1e-12,-0.12,s1*s4,0,-8.761857119200743,-14.62943108242307
RK45_1e-12,-0.12,s1*s4,1,5.246688238960613,6.683208337144264
RK45_1e-12,-0.10499999999999998,s1*s2,0,-82.07669959556829,-27.293816804391025
RK45_1e-12,-0.10499999999999998,s1*s2,1,37.611663511372896,2.4991222201101326
RK45_1e-12,-0.10499999999999998,s2*s3,0,2.5998158824940827,8.346404758854932
RK45_1e-12,-0.10499999999999998,s2*s3,1,-2.7062822457629383,-2.78821958408861
RK45_1e-12,-0.10499999999999998,s3*s4,0,0.897714410502648,-0.2994320017132226
RK45_1e-12,-0.10499999999999998,s3*s4,1,-0.35127643933849945,0.14623201465238264
RK45_1e-12,-0.10499999999999998,s1*s4,0,-8.76185711919762,-14.629431082431893
RK45_1e-12,-0.10499999999999998,s1*s4,1,5.246688238960358,6.683208337147742
RK45_1e-12,-0.09,s1*s2,0,-82.0766995955986,-27.293816804387063
RK45_1e-12,-0.09,s1*s2,1,37.61166351136783,2.499122220106126
RK45_1e-12,-0.09,s2*s3,0,2.599815882496004,8.346404758855991
RK45_1e-12,-0.09,s2*s3,1,-2.7062822457621505,-2.7882195840877624
RK45_1e-12,-0.09,s3*s4,0,0.8977144105030787,-0.2994320017132169
RK45_1e-12,-0.09,s3*s4,1,-0.35127643933850794,0.14623201465236418
RK45_1e-12,-0.09,s1*s4,0,-8.761857119205217,-14.62943108243587
RK45_1e-12,-0.09,s1*s4,1,5.246688238961523,6.683208337145617
RK45_1e-12,-0.07500000000000001,s1*s2,0,-82.07669959561932,-27.29381680437725
RK45_1e-12,-0.07500000000000001,s1*s2,1,37.6116635113581,2.4991222201009466
RK45_1e-12,-0.07500000000000001,s2*s3,0,2.5998158824985795,8.346404758857389
RK45_1e-12,-0.07500000000000001,s2*s3,1,-2.7062822457619693,-2.788219584087086
RK45_1e-12,-0.07500000000000001,s3*s4,0,0.8977144105032341,-0.29943200171323653
RK45_1e-12,-0.07500000000000001,s3*s4,1,-0.35127643933840585,0.1462320146523779
RK45_1e-12,-0.07500000000000001,s1*s4,0,-8.761857119209186,-14.629431082436927
RK45_1e-12,-0.07500000000000001,s1*s4,1,5.246688238959959,6.683208337142479
RK45_1e-12,-0.06,s1*s2,0,-82.0766995955643,-27.293816804375265
RK45_1e-12,-0.06,s1*s2,1,37.61166351137069,2.499122220105691
RK45_1e-12,-0.06,s2*s3,0,2.59981588249628,8.346404758853897
RK45_1e-12,-0.06,s2*s3,1,-2.70628224576369,-2.788219584088263
RK45_1e-12,-0.06,s3*s4,0,0.8977144105026817,-0.2994320017134424
RK45_1e-12,-0.06,s3*s4,1,-0.3512764393384776,0.146232014652526
RK45_1e-12,-0.06,s1*s4,0,-8.76185711919636,-14.62943108242846
RK45_1e-12,-0.06,s1*s4,1,5.246688238958872,6.6832083371466755
RK45_1e-12,-0.044999999999999984,s1*s2,0,-82.07669959561514,-27.29381680437578
RK45_1e-12,-0.044999999999999984,s1*s2,1,37.61166351135842,2.499122220100326
RK45_1e-12,-0.044999999999999984,s2*s3,0,2.5998158824944664,8.346404758858398
RK45_1e-12,-0.044999999999999984,s2*s3,1,-2.706282245760581,-2.7882195840879995
RK45_1e-12,-0.044999999999999984,s3*s4,0,0.8977144105034707,-0.2994320017127591
RK45_1e-12,-0.044999999999999984,s3*s4,1,-0.35127643933858915,0.14623201465213043
RK45_1e-12,-0.044999999999999984,s1*s4,0,-8.76185711921629,-14.6294310824302
RK45_1e-12,-0.044999999999999984,s1*s4,1,5.246688238963394,6.683208337139468
RK45_1e-12,-0.03,s1*s2,0,-82.07669959557767,-27.293816804376075
RK45_1e-12,-0.03,s1*s2,1,37.61166351136443,2.4991222201046726
RK45_1e-12,-0.03,s2*s3,0,2.5998158824934,8.346404758851303
RK45_1e-12,-0.03,s2*s3,1,-2.7062822457613045,-2.788219584087041
RK45_1e-12,-0.03,s3*s4,0,0.8977144105025255,-0.2994320017126469
RK45_1e-12,-0.03,s3*s4,1,-0.35127643933846636,0.1462320146521743
RK45_1e-12,-0.03,s1*s4,0,-8.761857119211815,-14.629431082435753
RK45_1e-12,-0.03,s1*s4,1,5.246688238963809,6.683208337145589
RK45_1e-12,-0.015000000000000013,s1*s2,0,-82.07669959558991,-27.29381680437113
RK45_1e-12,-0.015000000000000013,s1*s2,1,37.611663511362195,2.499122220101093
RK45_1e-12,-0.015000000000000013,s2*s3,0,2.599815882496059,8.346404758855638
RK45_1e-12,-0.015000000000000013,s2*s3,1,-2.7062822457622118,-2.7882195840877384
RK45_1e-12,-0.015000000000000013,s3*s4,0,0.897714410502749,-0.29943200171357304
RK45_1e-12,-0.015000000000000013,s3*s4,1,-0.3512764393383622,0.14623201465245253
RK45_1e-12,-0.015000000000000013,s1*s4,0,-8.761857119204768,-14.629431082430848
RK45_1e-12,-0.015000000000000013,s1*s4,1,5.246688238960525,6.683208337143376
RK45_1e-12,0.0,s1*s2,0,-82.07669959558174,-27.293816804371623
RK45_1e-12,0.0,s1*s2,1,37.61166351136896,2.4991222201025605
RK45_1e-12,0.0,s2*s3,0,2.5998158824913533,8.34640475885444
RK45_1e-12,0.0,s2*s3,1,-2.7062822457607485,-2.78821958408819
RK45_1e-12,0.0,s3*s4,0,0.8977144105033106,-0.2994320017127473
RK45_1e-12,0.0,s3*s4,1,-0.3512764393386959,0.14623201465210725
RK45_1e-12,0.0,s1*s4,0,-8.761857119213904,-14.629431082424308
RK45_1e-12,0.0,s1*s4,1,5.246688238966067,6.683208337142396
RK45_1e-12,0.015000000000000013,s1*s2,0,-82.07669959557339,-27.29381680436664
RK45_1e-12,0.015000000000000013,s1*s2,1,37.611663511372626,2.4991222201022176
RK45_1e-12,0.015000000000000013,s2*s3,0,2.599815882491579,8.34640475885039
RK45_1e-12,0.015000000000000013,s2*s3,1,-2.7062822457613804,-2.7882195840877664
RK45_1e-12,0.015000000000000013,s3*s4,0,0.8977144105026257,-0.2994320017126359
RK45_1e-12,0.015000000000000013,s3*s4,1,-0.3512764393385849,0.14623201465220487
RK45_1e-12,0.015000000000000013,s1*s4,0,-8.761857119215716,-14.629431082430386
RK45_1e-12,0.015000000000000013,s1*s4,1,5.246688238966396,6.683208337145302
RK45_1e-12,0.030000000000000027,s1*s2,0,-82.0766995956036,-27.293816804367452
RK45_1e-12,0.030000000000000027,s1*s2,1,37.611663511356774,2.499122220098379
RK45_1e-12,0.030000000000000027,s2*s3,0,2.5998158824964968,8.346404758856817
RK45_1e-12,0.030000000000000027,s2*s3,1,-2.7062822457617735,-2.788219584087675
RK45_1e-12,0.030000000000000027,s3*s4,0,0.8977144105031556,-0.29943200171331225
RK45_1e-12,0.030000000000000027,s3*s4,1,-0.35127643933846653,0.1462320146523841
RK45_1e-12,0.030000000000000027,s1*s4,0,-8.76185711921033,-14.629431082430338
RK45_1e-12,0.030000000000000027,s1*s4,1,5.246688238960585,6.6832083371405435
RK45_1e-12,0.044999999999999984,s1*s2,0,-82.07669959560991,-27.293816804371975
RK45_1e-12,0.044999999999999984,s1*s2,1,37.61166351135838,2.4991222200982155
RK45_1e-12,0.044999999999999984,s2*s3,0,2.599815882497277,8.346404758862077
RK45_1e-12,0.044999999999999984,s2*s3,1,-2.706282245762947,-2.788219584088847
RK45_1e-12,0.044999999999999984,s3*s4,0,0.897714410503827,-0.29943200171342155
RK45_1e-12,0.044999999999999984,s3*s4,1,-0.3512764393385619,0.14623201465250435
RK45_1e-12,0.044999999999999984,s1*s4,0,-8.76185711920345,-14.629431082421434
RK45_1e-12,0.044999999999999984,s1*s4,1,5.246688238956944,6.683208337138674
RK45_1e-12,0.06,s1*s2,0,-82.07669959559247,-27.293816804371335
RK45_1e-12,0.06,s1*s2,1,37.611663511358245,2.4991222201002565
RK45_1e-12,0.06,s2*s3,0,2.5998158824927247,8.34640475885889
RK45_1e-12,0.06,s2*s3,1,-2.7062822457610487,-2.78821958408919
RK45_1e-12,0.06,s3*s4,0,0.8977144105034625,-0.29943200171268525
RK45_1e-12,0.06,s3*s4,1,-0.35127643933876473,0.14623201465218602
RK45_1e-12,0.06,s1*s4,0,-8.761857119212841,-14.629431082420606
RK45_1e-12,0.06,s1*s4,1,5.246688238961823,6.683208337136837
RK45_1e-12,0.07500000000000001,s1*s2,0,-82.07669959557278,-27.29381680437575
RK45_1e-12,0.07500000000000001,s1*s2,1,37.61166351136373,2.4991222201047743
RK45_1e-12,0.07500000000000001,s2*s3,0,2.5998158824980386,8.34640475885474
RK45_1e-12,0.07500000000000001,s2*s3,1,-2.706282245763356,-2.78821958408757
RK45_1e-12,0.07500000000000001,s3*s4,0,0.8977144105025615,-0.29943200171331164
RK45_1e-12,0.07500000000000001,s3*s4,1,-0.3512764393383816,0.14623201465235552
RK45_1e-12,0.07500000000000001,s1*s4,0,-8.76185711919646,-14.629431082432315
RK45_1e-12,0.07500000000000001,s1*s4,1,5.24668823895857,6.683208337146046
RK45_1e-12,0.08999999999999997,s1*s2,0,-82.07669959554138,-27.293816804353213
RK45_1e-12,0.08999999999999997,s1*s2,1,37.6116635113781,2.4991222201025503
RK45_1e-12,0.08999999999999997,s2*s3,0,2.599815882492382,8.346404758850834
RK45_1e-12,0.08999999999999997,s2*s3,1,-2.7062822457628783,-2.788219584089182
RK45_1e-12,0.08999999999999997,s3*s4,0,0.8977144105023225,-0.2994320017131191
RK45_1e-12,0.08999999999999997,s3*s4,1,-0.35127643933855396,0.14623201465243754
RK45_1e-12,0.08999999999999997,s1*s4,0,-8.76185711920342,-14.629431082419876
RK45_1e-12,0.08999999999999997,s1*s4,1,5.246688238963223,6.683208337146057
RK45_1e-12,0.10499999999999998,s1*s2,0,-82.07669959541867,-27.293816804313277
RK45_1e-12,0.10499999999999998,s1*s2,1,37.61166351140215,2.4991222201116408
RK45_1e-12,0.10499999999999998,s2*s3,0,2.5998158824889317,8.346404758839506
RK45_1e-12,0.10499999999999998,s2*s3,1,-2.706282245765851,-2.788219584091254
RK45_1e-12,0.10499999999999998,s3*s4,0,0.8977144105007488,-0.2994320017133689
RK45_1e-12,0.10499999999999998,s3*s4,1,-0.35127643933864183,0.14623201465277272
RK45_1e-12,0.10499999999999998,s1*s4,0,-8.761857119186063,-14.629431082396193
RK45_1e-12,0.10499999999999998,s1*s4,1,5.24668823896206,6.68320833715329
RK45_1e-12,0.12,s1*s2,0,-82.07669959559685,-27.29381680437174
RK45_1e-12,0.12,s1*s2,1,37.611663511360874,2.499122220099658
RK45_1e-12,0.12,s2*s3,0,2.5998158824964097,8.34640475885721
RK45_1e-12,0.12,s2*s3,1,-2.7062822457627984,-2.7882195840883
RK45_1e-12,0.12,s3*s4,0,0.8977144105028024,-0.29943200171337075
RK45_1e-12,0.12,s3*s4,1,-0.35127643933835095,0.14623201465248323
RK45_1e-12,0.12,s1*s4,0,-8.761857119204743,-14.629431082431024
RK45_1e-12,0.12,s1*s4,1,5.246688238958569,6.683208337142755
RK45_1e-12,0.135,s1*s2,0,-82.07669959559412,-27.293816804369236
RK45_1e-12,0.135,s1*s2,1,37.61166351136216,2.4991222200981684
RK45_1e-12,0.135,s2*s3,0,2.5998158824922224,8.346404758855705
RK45_1e-12,0.135,s2*s3,1,-2.706282245760854,-2.788219584088387
RK45_1e-12,0.135,s3*s4,0,0.8977144105021959,-0.2994320017130875
RK45_1e-12,0.135,s3*s4,1,-0.35127643933812497,0.14623201465227256
RK45_1e-12,0.135,s1*s4,0,-8.761857119214884,-14.629431082431626
RK45_1e-12,0.135,s1*s4,1,5.2466882389643,6.6832083371421485
RK45_1e-12,0.15000000000000002,s1*s2,0,-82.07669959547641,-27.293816804320947
RK45_1e-12,0.15000000000000002,s1*s2,1,37.61166351139134,2.499122220106745
RK45_1e-12,0.15000000000000002,s2*s3,0,2.59981588247975,8.346404758844614
RK45_1e-12,0.15000000000000002,s2*s3,1,-2.70628224576048,-2.7882195840923854
RK45_1e-12,0.15000000000000002,s3*s4,0,0.897714410501883,-0.2994320017112404
RK45_1e-12,0.15000000000000002,s3*s4,1,-0.3512764393390778,0.14623201465201335
RK45_1e-12,0.15000000000000002,s1*s4,0,-8.761857119224873,-14.629431082393012
RK45_1e-12,0.15000000000000002,s1*s4,1,5.246688238971963,6.683208337140962
RK45_1e-12,0.16499999999999998,s1*s2,0,-82.07669959547557,-27.29381680431522
RK45_1e-12,0.16499999999999998,s1*s2,1,37.61166351139425,2.499122220105945
RK45_1e-12,0.16499999999999998,s2*s3,0,2.5998158824758364,8.34640475884689
RK45_1e-12,0.16499999999999998,s2*s3,1,-2.706282245759398,-2.7882195840937705
RK45_1e-12,0.16499999999999998,s3*s4,0,0.8977144105028486,-0.29943200171074635
RK45_1e-12,0.16499999999999998,s3*s4,1,-0.351276439339377,0.14623201465178906
RK45_1e-12,0.16499999999999998,s1*s4,0,-8.761857119232246,-14.629431082378801
RK45_1e-12,0.16499999999999998,s1*s4,1,5.2466882389747145,6.683208337136466
RK45_1e-12,0.18,s1*s2,0,-82.0766995956523,-27.29381680440156
RK45_1e-12,0.18,s1*s2,1,37.611663511355175,2.499122220096425
RK45_1e-12,0.18,s2*s3,0,2.599815882497368,8.346404758859046
RK45_1e-12,0.18,s2*s3,1,-2.706282245761173,-2.7882195840862116
RK45_1e-12,0.18,s3*s4,0,0.8977144105032391,-0.2994320017131152
RK45_1e-12,0.18,s3*s4,1,-0.35127643933834696,0.1462320146522399
RK45_1e-12,0.18,s1*s4,0,-8.761857119213868,-14.62943108244964
RK45_1e-12,0.18,s1*s4,1,5.246688238962095,6.68320833714172
RK45_1e-12,0.195,s1*s2,0,-82.07669959568722,-27.29381680441275
RK45_1e-12,0.195,s1*s2,1,37.61166351133862,2.4991222200901877
RK45_1e-12,0.195,s2*s3,0,2.5998158824978486,8.34640475886883
RK45_1e-12,0.195,s2*s3,1,-2.7062822457612934,-2.7882195840871793
RK45_1e-12,0.195,s3*s4,0,0.8977144105035799,-0.29943200171321516
RK45_1e-12,0.195,s3*s4,1,-0.35127643933806474,0.14623201465258215
RK45_1e-12,0.195,s1*s4,0,-8.761857119215449,-14.629431082445247
RK45_1e-12,0.195,s1*s4,1,5.246688238956697,6.68320833713389
RK45_1e-12,0.20999999999999996,s1*s2,0,-82.07669959557715,-27.293816804362134
RK45_1e-12,0.20999999999999996,s1*s2,1,37.611663511368704,2.499122220099135
RK45_1e-12,0.20999999999999996,s2*s3,0,2.5998158824885067,8.346404758850733
RK45_1e-12,0.20999999999999996,s2*s3,1,-2.7062822457596485,-2.788219584088392
RK45_1e-12,0.20999999999999996,s3*s4,0,0.8977144105022965,-0.2994320017121083
RK45_1e-12,0.20999999999999996,s3*s4,1,-0.3512764393386833,0.14623201465194816
RK45_1e-12,0.20999999999999996,s1*s4,0,-8.761857119225247,-14.629431082430296
RK45_1e-12,0.20999999999999996,s1*s4,1,5.246688238969995,6.683208337141315
RK45_1e-12,0.22499999999999998,s1*s2,0,-82.07669959520908,-27.293816804165417
RK45_1e-12,0.22499999999999998,s1*s2,1,37.61166351145967,2.499122220130606
RK45_1e-12,0.22499999999999998,s2*s3,0,2.5998158824751125,8.346404758809994
RK45_1e-12,0.22499999999999998,s2*s3,1,-2.7062822457636626,-2.7882195840978703
RK45_1e-12,0.22499999999999998,s3*s4,0,0.89771441049782,-0.29943200171195006
RK45_1e-12,0.22499999999999998,s3*s4,1,-0.3512764393396388,0.14623201465216246
RK45_1e-12,0.22499999999999998,s1*s4,0,-8.761857119202745,-14.629431082342947
RK45_1e-12,0.22499999999999998,s1*s4,1,5.246688238978435,6.683208337159499
RK45_1e-12,0.24,s1*s2,0,-82.07669959561463,-27.293816804370238
RK45_1e-12,0.24,s1*s2,1,37.61166351136741,2.4991222200941103
RK45_1e-12,0.24,s2*s3,0,2.599815882488725,8.346404758856767
RK45_1e-12,0.24,s2*s3,1,-2.706282245760496,-2.788219584087751
RK45_1e-12,0.24,s3*s4,0,0.8977144105033383,-0.2994320017126462
RK45_1e-12,0.24,s3*s4,1,-0.3512764393383466,0.14623201465194285
RK45_1e-12,0.24,s1*s4,0,-8.761857119227024,-14.629431082426066
RK45_1e-12,0.24,s1*s4,1,5.2466882389693525,6.683208337141442
contour_1e-08_R4.8,-0.24,s1*s2,0,-82.03849528658837,-27.20324233642891
contour_1e-08_R4.8,-0.24,s1*s2,1,37.58730288267238,2.457694466099223
contour_1e-08_R4.8,-0.24,s2*s3,0,2.603756042015889,8.337888655363042
contour_1e-08_R4.8,-0.24,s2*s3,1,-2.7076549092014797,-2.783923782534152
contour_1e-08_R4.8,-0.24,s3*s4,0,0.8968460204402052,-0.3000766920390664
contour_1e-08_R4.8,-0.24,s3*s4,1,-0.3508062307255186,0.14649123896952596
contour_1e-08_R4.8,-0.24,s1*s4,0,-8.769115946615525,-14.609197675772986
contour_1e-08_R4.8,-0.24,s1*s4,1,5.248761146711322,6.6728657090553725
contour_1e-08_R4.8,-0.22499999999999998,s1*s2,0,-82.04116991813241,-27.206689980014545
contour_1e-08_R4.8,-0.22499999999999998,s1*s2,1,37.58886636358514,2.4591581289950413
contour_1e-08_R4.8,-0.22499999999999998,s2*s3,0,2.603752042154556,8.338337662200399
contour_1e-08_R4.8,-0.22499999999999998,s2*s3,1,-2.7076900951279876,-2.7841334547347754
contour_1e-08_R4.8,-0.22499999999999998,s3*s4,0,0.8968842933671209,-0.30005508925208696
contour_1e-08_R4.8,-0.22499999999999998,s3*s4,1,-0.3508270392405041,0.1464831608180168
contour_1e-08_R4.8,-0.22499999999999998,s1*s4,0,-8.768910050106625,-14.610208113001793
contour_1e-08_R4.8,-0.22499999999999998,s1*s4,1,5.248749402191134,6.673383258264417
contour_1e-08_R4.8,-0.21,s1*s2,0,-82.04379145038601,-27.210229433733826
contour_1e-08_R4.8,-0.21,s1*s2,1,37.590407233134414,2.4606717384418606
contour_1e-08_R4.8,-0.21,s2*s3,0,2.6037280687928686,8.33878048813165
contour_1e-08_R4.8,-0.21,s2*s3,1,-2.707714337157151,-2.784341858507873
contour_1e-08_R4.8,-0.21,s3*s4,0,0.8969237375768649,-0.3000327817637295
contour_1e-08_R4.8,-0.21,s3*s4,1,-0.3508484281566793,0.14647485053829998
contour_1e-08_R4.8,-0.21,s1*s4,0,-8.768704573920102,-14.611219195727625
contour_1e-08_R4.8,-0.21,s1*s4,1,5.248736964598186,6.673899690157939
contour_1e-08_R4.8,-0.195,s1*s2,0,-82.04636396560902,-27.213891742464277
contour_1e-08_R4.8,-0.195,s1*s2,1,37.591929725329834,2.462250002534858
contour_1e-08_R4.8,-0.195,s2*s3,0,2.6036826269488995,8.339220554663926
contour_1e-08_R4.8,-0.195,s2*s3,1,-2.707727209347669,-2.784550735470183
contour_1e-08_R4.8,-0.195,s3*s4,0,0.8969644499125061,-0.3000095141122423
contour_1e-08_R4.8,-0.195,s3*s4,1,-0.3508704624682175,0.14646618676241516
contour_1e-08_R4.8,-0.195,s1*s4,0,-8.768493462074092,-14.612235996625538
contour_1e-08_R4.8,-0.195,s1*s4,1,5.248721258475053,6.674417988873343
contour_1e-08_R4.8,-0.18,s1*s2,0,-82.04889155128926,-27.217736136786783
contour_1e-08_R4.8,-0.18,s1*s2,1,37.59344033058604,2.4639189738769685
contour_1e-08_R4.8,-0.18,s2*s3,0,2.603613051100628,8.33966368838472
contour_1e-08_R4.8,-0.18,s2*s3,1,-2.707728079197762,-2.7847627682559017
contour_1e-08_R4.8,-0.18,s3*s4,0,0.8970065974428503,-0.29998472242610896
contour_1e-08_R4.8,-0.18,s3*s4,1,-0.350893266896201,0.14645691800623617
contour_1e-08_R4.8,-0.18,s1*s4,0,-8.768264775983274,-14.613268720067575
contour_1e-08_R4.8,-0.18,s1*s4,1,5.248697854225682,6.674943904235391
contour_1e-08_R4.8,-0.16499999999999998,s1*s2,0,-82.05138888190326,-27.221805232967142
contour_1e-08_R4.8,-0.16499999999999998,s1*s2,1,37.594948546808894,2.46569815356301
contour_1e-08_R4.8,-0.16499999999999998,s2*s3,0,2.603517655712195,8.340114306365042
contour_1e-08_R4.8,-0.16499999999999998,s2*s3,1,-2.707716399065581,-2.7849801532556437
contour_1e-08_R4.8,-0.16499999999999998,s3*s4,0,0.8970504860945628,-0.2999580825797381
contour_1e-08_R4.8,-0.16499999999999998,s3*s4,1,-0.3509170075284676,0.14644690676904557
contour_1e-08_R4.8,-0.16499999999999998,s1*s4,0,-8.768013234805508,-14.614326297314909
contour_1e-08_R4.8,-0.16499999999999998,s1*s4,1,5.248664768616305,6.675482022852322
contour_1e-08_R4.8,-0.15,s1*s2,0,-82.05384493390855,-27.226126505051518
contour_1e-08_R4.8,-0.15,s1*s2,1,37.596449936823646,2.467603007104598
contour_1e-08_R4.8,-0.15,s2*s3,0,2.6033935852850223,8.340573458289013
contour_1e-08_R4.8,-0.15,s2*s3,1,-2.707690690103503,-2.785203725252094
contour_1e-08_R4.8,-0.15,s3*s4,0,0.8970961692731522,-0.2999292928915824
contour_1e-08_R4.8,-0.15,s3*s4,1,-0.3509417205165577,0.14643599733133783
contour_1e-08_R4.8,-0.15,s1*s4,0,-8.767733117586314,-14.615411149169015
contour_1e-08_R4.8,-0.15,s1*s4,1,5.248618875646745,6.676033869175754
contour_1e-08_R4.8,-0.135,s1*s2,0,-82.05627463983382,-27.23073761564323
contour_1e-08_R4.8,-0.135,s1*s2,1,37.597953957738,2.4696513001098337
contour_1e-08_R4.8,-0.135,s2*s3,0,2.6032391193403126,8.341045259769189
contour_1e-08_R4.8,-0.135,s2*s3,1,-2.7076503611087146,-2.785435636061097
contour_1e-08_R4.8,-0.135,s3*s4,0,0.8971439462070416,-0.29989811118313003
contour_1e-08_R4.8,-0.135,s3*s4,1,-0.35096756351742425,0.14642408531603923
contour_1e-08_R4.8,-0.135,s1*s4,0,-8.7674203313604,-14.616530860029378
contour_1e-08_R4.8,-0.135,s1*s4,1,5.248558507334491,6.676603432911855
contour_1e-08_R4.8,-0.12,s1*s2,0,-82.05868181545142,-27.235695156973073
contour_1e-08_R4.8,-0.12,s1*s2,1,37.599465687081526,2.4718701472358404
contour_1e-08_R4.8,-0.12,s2*s3,0,2.603050772449581,8.341534289142274
contour_1e-08_R4.8,-0.12,s2*s3,1,-2.707594004384437,-2.7856782653398864
contour_1e-08_R4.8,-0.12,s3*s4,0,0.8971941008572244,-0.2998640312494443
contour_1e-08_R4.8,-0.12,s3*s4,1,-0.3509947045474953,0.14641093988040368
contour_1e-08_R4.8,-0.12,s1*s4,0,-8.767065853014639,-14.617694802684458
contour_1e-08_R4.8,-0.12,s1*s4,1,5.248479872303387,6.677195808728607
contour_1e-08_R4.8,-0.10499999999999998,s1*s2,0,-82.06108413004544,-27.24109728275286
contour_1e-08_R4.8,-0.10499999999999998,s1*s2,1,37.60100177439744,2.474300970756303
contour_1e-08_R4.8,-0.10499999999999998,s2*s3,0,2.6028240069304633,8.342050223553537
contour_1e-08_R4.8,-0.10499999999999998,s2*s3,1,-2.7075206231106894,-2.7859360934086093
contour_1e-08_R4.8,-0.10499999999999998,s3*s4,0,0.8972471136694156,-0.29982621400952514
contour_1e-08_R4.8,-0.10499999999999998,s3*s4,1,-0.35102343959442767,0.14639621925964907
contour_1e-08_R4.8,-0.10499999999999998,s1*s4,0,-8.76665359045561,-14.618921060962135
contour_1e-08_R4.8,-0.10499999999999998,s1*s4,1,5.248377694491885,6.677820728812219
contour_1e-08_R4.8,-0.09,s1*s2,0,-82.06346251193888,-27.24691389560791
contour_1e-08_R4.8,-0.09,s1*s2,1,37.602545224787264,2.476942114480104
contour_1e-08_R4.8,-0.09,s2*s3,0,2.6025569834514215,8.342586880680203
contour_1e-08_R4.8,-0.09,s2*s3,1,-2.707427519461323,-2.7862072762349963
contour_1e-08_R4.8,-0.09,s3*s4,0,0.8973030047017327,-0.29978493426449276
contour_1e-08_R4.8,-0.09,s3*s4,1,-0.35105372256988066,0.14637996382316487
contour_1e-08_R4.8,-0.09,s1*s4,0,-8.766191996680865,-14.620200917840661
contour_1e-08_R4.8,-0.09,s1*s4,1,5.24825203810811,6.678473431514663
contour_1e-08_R4.8,-0.07500000000000001,s1*s2,0,-82.06582629520399,-27.253232182806574
contour_1e-08_R4.8,-0.07500000000000001,s1*s2,1,37.60410734620224,2.4798331347862965
contour_1e-08_R4.8,-0.07500000000000001,s2*s3,0,2.602244745704845,8.343152352227886
contour_1e-08_R4.8,-0.07500000000000001,s2*s3,1,-2.7073131544052207,-2.7864958145484713
contour_1e-08_R4.8,-0.07500000000000001,s3*s4,0,0.8973621688127271,-0.29973945190779777
contour_1e-08_R4.8,-0.07500000000000001,s3*s4,1,-0.35108580215034707,0.14636184814428851
contour_1e-08_R4.8,-0.07500000000000001,s1*s4,0,-8.765666364154706,-14.621548792399725
contour_1e-08_R4.8,-0.07500000000000001,s1*s4,1,5.248097356805654,6.6791620544154835
contour_1e-08_R4.8,-0.06,s1*s2,0,-82.06819978956973,-27.260194543058084
contour_1e-08_R4.8,-0.06,s1*s2,1,37.60571020457172,2.4830349219246854
contour_1e-08_R4.8,-0.06,s2*s3,0,2.6018802873501867,8.343759708756066
contour_1e-08_R4.8,-0.06,s2*s3,1,-2.707175584204357,-2.7868077723959144
contour_1e-08_R4.8,-0.06,s3*s4,0,0.8974253793576414,-0.29968853034686616
contour_1e-08_R4.8,-0.06,s3*s4,1,-0.35112013497183314,0.1463413673268842
contour_1e-08_R4.8,-0.06,s1*s4,0,-8.76505476540265,-14.622991124041215
contour_1e-08_R4.8,-0.06,s1*s4,1,5.247906355463137,6.679900432254206
contour_1e-08_R4.8,-0.044999999999999984,s1*s2,0,-82.06939334135144,-27.265428784261218
contour_1e-08_R4.8,-0.044999999999999984,s1*s2,1,37.606390646967924,2.485855848259353
contour_1e-08_R4.8,-0.044999999999999984,s2*s3,0,2.601494058810893,8.344068854577209
contour_1e-08_R4.8,-0.044999999999999984,s2*s3,1,-2.706956810548509,-2.787001767882659
contour_1e-08_R4.8,-0.044999999999999984,s3*s4,0,0.8974795759824488,-0.2996483121167121
contour_1e-08_R4.8,-0.044999999999999984,s3*s4,1,-0.3511482186086229,0.14632212782143278
contour_1e-08_R4.8,-0.044999999999999984,s1*s4,0,-8.764731240492532,-14.623987230518933
contour_1e-08_R4.8,-0.044999999999999984,s1*s4,1,5.2477149480388965,6.680398312463323
contour_1e-08_R4.8,-0.03,s1*s2,0,-82.07180292531885,-27.273902067756392
contour_1e-08_R4.8,-0.03,s1*s2,1,37.60808230782946,2.4897951969251717
contour_1e-08_R4.8,-0.03,s2*s3,0,2.6010122760318066,8.344780450903993
contour_1e-08_R4.8,-0.03,s2*s3,1,-2.7067665199556687,-2.7873702227030375
contour_1e-08_R4.8,-0.03,s3*s4,0,0.8975517838709535,-0.29958457442965103
contour_1e-08_R4.8,-0.03,s3*s4,1,-0.351187569898959,0.14629581747010373
contour_1e-08_R4.8,-0.03,s1*s4,0,-8.763908282425675,-14.625654303365874
contour_1e-08_R4.8,-0.03,s1*s4,1,5.247431389186594,6.681256304080025
contour_1e-08_R4.8,-0.015000000000000013,s1*s2,0,-82.07423434300807,-27.283318576469835
contour_1e-08_R4.8,-0.015000000000000013,s1*s2,1,37.609837091941955,2.4941946466173004
contour_1e-08_R4.8,-0.015000000000000013,s2*s3,0,2.600455886956226,8.345555908161568
contour_1e-08_R4.8,-0.015000000000000013,s2*s3,1,-2.7065431460088067,-2.7877745326045553
contour_1e-08_R4.8,-0.015000000000000013,s3*s4,0,0.8976297600829892,-0.29951288923209884
contour_1e-08_R4.8,-0.015000000000000013,s3*s4,1,-0.35123015126221985,0.14626597480353584
contour_1e-08_R4.8,-0.015000000000000013,s1*s4,0,-8.762956327233107,-14.627460827003826
contour_1e-08_R4.8,-0.015000000000000013,s1*s4,1,5.247091947302589,6.682188972399242
contour_1e-08_R4.8,0.0,s1*s2,0,-82.0766995955818,-27.293816804371637
contour_1e-08_R4.8,0.0,s1*s2,1,37.61166351136898,2.4991222201025463
contour_1e-08_R4.8,0.0,s2*s3,0,2.599815882491355,8.346404758854446
contour_1e-08_R4.8,0.0,s2*s3,1,-2.7062822457607507,-2.788219584088191
contour_1e-08_R4.8,0.0,s3*s4,0,0.897714410503311,-0.2994320017127476
contour_1e-08_R4.8,0.0,s3*s4,1,-0.35127643933869596,0.1462320146521075
contour_1e-08_R4.8,0.0,s1*s4,0,-8.761857119213907,-14.629431082424313
contour_1e-08_R4.8,0.0,s1*s4,1,5.246688238966072,6.683208337142396
contour_1e-08_R4.8,0.015000000000000013,s1*s2,0,-82.0792104062784,-27.305562265690362
contour_1e-08_R4.8,0.015000000000000013,s1*s2,1,37.61357573451099,2.5046581691796046
contour_1e-08_R4.8,0.015000000000000013,s2*s3,0,2.5990807961499485,8.347339569728218
contour_1e-08_R4.8,0.015000000000000013,s2*s3,1,-2.705978898784805,-2.788712097139757
contour_1e-08_R4.8,0.015000000000000013,s3*s4,0,0.8978067034235251,-0.29934050458728717
contour_1e-08_R4.8,0.015000000000000013,s3*s4,1,-0.35132697735349283,0.14619329549247756
contour_1e-08_R4.8,0.015000000000000013,s1*s4,0,-8.760586967428258,-14.631591527414086
contour_1e-08_R4.8,0.015000000000000013,s1*s4,1,5.246210005487053,6.684328592453992
contour_1e-08_R4.8,0.030000000000000027,s1*s2,0,-82.08177889238004,-27.318759309415135
contour_1e-08_R4.8,0.030000000000000027,s1*s2,1,37.61558948721956,2.5109012117881124
contour_1e-08_R4.8,0.030000000000000027,s2*s3,0,2.5982365605848328,8.348375462929019
contour_1e-08_R4.8,0.030000000000000027,s2*s3,1,-2.705627006486881,-2.789260066101112
contour_1e-08_R4.8,0.030000000000000027,s3*s4,0,0.8979078199373736,-0.29923661659173534
contour_1e-08_R4.8,0.030000000000000027,s3*s4,1,-0.3513824271967955,0.1461490063790219
contour_1e-08_R4.8,0.030000000000000027,s1*s4,0,-8.759116329293398,-14.633975064777625
contour_1e-08_R4.8,0.030000000000000027,s1*s4,1,5.245644511416457,6.6855671950549675
contour_1e-08_R4.8,0.044999999999999984,s1*s2,0,-82.08441128100459,-27.333603704673386
contour_1e-08_R4.8,0.044999999999999984,s1*s2,1,37.6177175886745,2.5179497042940095
contour_1e-08_R4.8,0.044999999999999984,s2*s3,0,2.5972686960709694,8.349526765283583
contour_1e-08_R4.8,0.044999999999999984,s2*s3,1,-2.7052200587483384,-2.789871492486253
contour_1e-08_R4.8,0.044999999999999984,s3*s4,0,0.8980188523455261,-0.29911866633369394
contour_1e-08_R4.8,0.044999999999999984,s3*s4,1,-0.351443412945294,0.14609835534310456
contour_1e-08_R4.8,0.044999999999999984,s1*s4,0,-8.757416387281156,-14.63661122918594
contour_1e-08_R4.8,0.044999999999999984,s1*s4,1,5.2449785173728145,6.686940504300257
contour_1e-08_R4.8,0.06,s1*s2,0,-82.08717191347749,-27.350341743291303
contour_1e-08_R4.8,0.06,s1*s2,1,37.620002152505016,2.5259190614236764
contour_1e-08_R4.8,0.06,s2*s3,0,2.596163713099037,8.350815623041807
contour_1e-08_R4.8,0.06,s2*s3,1,-2.704752570040415,-2.7905575868984958
contour_1e-08_R4.8,0.06,s3*s4,0,0.898141648801794,-0.2989847811680674
contour_1e-08_R4.8,0.06,s3*s4,1,-0.3515109119283339,0.1460405255403758
contour_1e-08_R4.8,0.06,s1*s4,0,-8.755458663564589,-14.639547016984801
contour_1e-08_R4.8,0.06,s1*s4,1,5.2442005523732735,6.688472424930976
contour_1e-08_R4.8,0.07500000000000001,s1*s2,0,-82.09003656327609,-27.36950051930721
contour_1e-08_R4.8,0.07500000000000001,s1*s2,1,37.62245599534067,2.5350617168241163
contour_1e-08_R4.8,0.07500000000000001,s2*s3,0,2.5948819486012855,8.35227544284276
contour_1e-08_R4.8,0.07500000000000001,s2*s3,1,-2.704207055763073,-2.791335895172874
contour_1e-08_R4.8,0.07500000000000001,s3*s4,0,0.8982788624653784,-0.29882996347592494
contour_1e-08_R4.8,0.07500000000000001,s3*s4,1,-0.3515864436911142,0.14597325678500372
contour_1e-08_R4.8,0.07500000000000001,s1*s4,0,-8.7531603060714,-14.642861080604726
contour_1e-08_R4.8,0.07500000000000001,s1*s4,1,5.243275187132543,6.690204335689031
contour_1e-08_R4.8,0.08999999999999997,s1*s2,0,-82.09305849634858,-27.39140933076262
contour_1e-08_R4.8,0.08999999999999997,s1*s2,1,37.625116618545356,2.5455389502589103
contour_1e-08_R4.8,0.08999999999999997,s2*s3,0,2.5934022218447446,8.353932997738937
contour_1e-08_R4.8,0.08999999999999997,s2*s3,1,-2.7035739398227974,-2.792220519830333
contour_1e-08_R4.8,0.08999999999999997,s3*s4,0,0.898432745647958,-0.2986515894394778
contour_1e-08_R4.8,0.08999999999999997,s3*s4,1,-0.3516712011114894,0.1458953308911246
contour_1e-08_R4.8,0.08999999999999997,s1*s4,0,-8.750479801772315,-14.646610414946666
contour_1e-08_R4.8,0.08999999999999997,s1*s4,1,5.242183590587499,6.6921657462536785
contour_1e-08_R4.8,0.10499999999999998,s1*s2,0,-82.09621574811567,-27.416357467277848
contour_1e-08_R4.8,0.10499999999999998,s1*s2,1,37.62799183425809,2.5575059024757874
contour_1e-08_R4.8,0.10499999999999998,s2*s3,0,2.591700402648467,8.355808311061605
contour_1e-08_R4.8,0.10499999999999998,s2*s3,1,-2.702842067987167,-2.793223838016161
contour_1e-08_R4.8,0.10499999999999998,s3*s4,0,0.8986045624728767,-0.2984471246258926
contour_1e-08_R4.8,0.10499999999999998,s3*s4,1,-0.3517660020794592,0.14580546574287448
contour_1e-08_R4.8,0.10499999999999998,s1*s4,0,-8.747368753259778,-14.650831898086766
contour_1e-08_R4.8,0.10499999999999998,s1*s4,1,5.24090204512616,6.694379846698152
contour_1e-08_R4.8,0.12,s1*s2,0,-82.09953268656359,-27.44479415298956
contour_1e-08_R4.8,0.12,s1*s2,1,37.63111862763874,2.571186019778171
contour_1e-08_R4.8,0.12,s2*s3,0,2.5897450736937104,8.357935482359409
contour_1e-08_R4.8,0.12,s2*s3,1,-2.7019977317985004,-2.7943646220275187
contour_1e-08_R4.8,0.12,s3*s4,0,0.898796818598452,-0.29821271633276236
contour_1e-08_R4.8,0.12,s3*s4,1,-0.35187230911905076,0.1457018596229006
contour_1e-08_R4.8,0.12,s1*s4,0,-8.74376071389856,-14.655595974260475
contour_1e-08_R4.8,0.12,s1*s4,1,5.239401091118072,6.6968857719011625
contour_1e-08_R4.8,0.135,s1*s2,0,-82.10312295477954,-27.477709382609905
contour_1e-08_R4.8,0.135,s1*s2,1,37.63458430149081,2.587041638275714
contour_1e-08_R4.8,0.135,s2*s3,0,2.587472557143758,8.360388578870694
contour_1e-08_R4.8,0.135,s2*s3,1,-2.7010130203166467,-2.79567960103088
contour_1e-08_R4.8,0.135,s3*s4,0,0.8990159707280427,-0.29793982192262203
contour_1e-08_R4.8,0.135,s3*s4,1,-0.3519935022776803,0.1455807328380353
contour_1e-08_R4.8,0.135,s1*s4,0,-8.739524948993031,-14.66107471089707
contour_1e-08_R4.8,0.135,s1*s4,1,5.23762597226432,6.699768684080161
contour_1e-08_R4.8,0.15000000000000002,s1*s2,0,-82.1070121863681,-27.51579978750281
contour_1e-08_R4.8,0.15000000000000002,s1*s2,1,37.63843865929944,2.6054202033557794
contour_1e-08_R4.8,0.15000000000000002,s2*s3,0,2.5848328009393566,8.36321911150253
contour_1e-08_R4.8,0.15000000000000002,s2*s3,1,-2.6998658036025844,-2.7971972938052443
contour_1e-08_R4.8,0.15000000000000002,s3*s4,0,0.8992658574189117,-0.2976224216120531
contour_1e-08_R4.8,0.15000000000000002,s3*s4,1,-0.35213180796242666,0.14543926165410423
contour_1e-08_R4.8,0.15000000000000002,s1*s4,0,-8.734557774660399,-14.66737526346019
contour_1e-08_R4.8,0.15000000000000002,s1*s4,1,5.235530153491554,6.703087956317519
contour_1e-08_R4.8,0.16499999999999998,s1*s2,0,-82.11119637321693,-27.560000623653707
contour_1e-08_R4.8,0.16499999999999998,s1*s2,1,37.64272846245925,2.626791183135621
contour_1e-08_R4.8,0.16499999999999998,s2*s3,0,2.58175610831449,8.366492480397113
contour_1e-08_R4.8,0.16499999999999998,s2*s3,1,-2.6985247018389535,-2.798954209061257
contour_1e-08_R4.8,0.16499999999999998,s3*s4,0,0.8995513568303756,-0.29725217353351563
contour_1e-08_R4.8,0.16499999999999998,s3*s4,1,-0.352290095502341,0.145273502682842
contour_1e-08_R4.8,0.16499999999999998,s1*s4,0,-8.72871537040631,-14.674636826674018
contour_1e-08_R4.8,0.16499999999999998,s1*s4,1,5.233048460555415,6.706921131082008
contour_1e-08_R4.8,0.18,s1*s2,0,-82.11579281275513,-27.61156065940661
contour_1e-08_R4.8,0.18,s1*s2,1,37.64756357615625,2.651755830369303
contour_1e-08_R4.8,0.18,s2*s3,0,2.5781595092417513,8.370303663091146
contour_1e-08_R4.8,0.18,s2*s3,1,-2.6969533672576604,-2.800999869469596
contour_1e-08_R4.8,0.18,s3*s4,0,0.8998801272285164,-0.29681839375838254
contour_1e-08_R4.8,0.18,s3*s4,1,-0.35247254825301055,0.14507859715904126
contour_1e-08_R4.8,0.18,s1*s4,0,-8.721824656607232,-14.683067686858461
contour_1e-08_R4.8,0.18,s1*s4,1,5.230105942999769,6.7113766223697695
contour_1e-08_R4.8,0.195,s1*s2,0,-82.12103832051771,-27.672030202828328
contour_1e-08_R4.8,0.195,s1*s2,1,37.65310193237567,2.6810484449881513
contour_1e-08_R4.8,0.195,s2*s3,0,2.5739464285919627,8.374775984473123
contour_1e-08_R4.8,0.195,s2*s3,1,-2.6951088501348397,-2.8033959228085
contour_1e-08_R4.8,0.195,s3*s4,0,0.9002625999661757,-0.2963082333943835
contour_1e-08_R4.8,0.195,s3*s4,1,-0.35268454707549024,0.1448487276249955
contour_1e-08_R4.8,0.195,s1*s4,0,-8.713686358697315,-14.69294181314273
contour_1e-08_R4.8,0.195,s1*s4,1,5.226615725348639,6.716590749083938
contour_1e-08_R4.8,0.20999999999999996,s1*s2,0,-82.12656362140507,-27.737324574891176
contour_1e-08_R4.8,0.20999999999999996,s1*s2,1,37.65885326936067,2.7126790638076397
contour_1e-08_R4.8,0.20999999999999996,s2*s3,0,2.5694097975391768,8.379610673122595
contour_1e-08_R4.8,0.20999999999999996,s2*s3,1,-2.693113215057966,-2.805973088617091
contour_1e-08_R4.8,0.20999999999999996,s3*s4,0,0.900672002849038,-0.2957554919534658
contour_1e-08_R4.8,0.20999999999999996,s3*s4,1,-0.35291029271390995,0.1445986011602599
contour_1e-08_R4.8,0.20999999999999996,s1*s4,0,-8.70483184175611,-14.703599167659203
contour_1e-08_R4.8,0.20999999999999996,s1*s4,1,5.222790111857341,6.722196834368763
contour_1e-08_R4.8,0.22499999999999998,s1*s2,0,-82.13303873501216,-27.820169253316315
contour_1e-08_R4.8,0.22499999999999998,s1*s2,1,37.665965623376664,2.752936700260978
contour_1e-08_R4.8,0.22499999999999998,s2*s3,0,2.563623539322545,8.385721100875351
contour_1e-08_R4.8,0.22499999999999998,s2*s3,1,-2.690564985919286,-2.8092452149021514
contour_1e-08_R4.8,0.22499999999999998,s3*s4,0,0.9011850089409285,-0.29505148414135335
contour_1e-08_R4.8,0.22499999999999998,s3*s4,1,-0.3531948471938545,0.1442789800166378
contour_1e-08_R4.8,0.22499999999999998,s1*s4,0,-8.693486326789232,-14.717033571861954
contour_1e-08_R4.8,0.22499999999999998,s1*s4,1,5.217872652134667,6.729301725860648
contour_1e-08_R4.8,0.24,s1*s2,0,-82.14020914339784,-27.918149273525756
contour_1e-08_R4.8,0.24,s1*s2,1,37.674149292331286,2.8006137817428995
contour_1e-08_R4.8,0.24,s2*s3,0,2.556768294935207,8.392935118246996
contour_1e-08_R4.8,0.24,s2*s3,1,-2.687544020541171,-2.81311256354059
contour_1e-08_R4.8,0.24,s3*s4,0,0.9017844071693221,-0.29421549497930893
contour_1e-08_R4.8,0.24,s3*s4,1,-0.35352825015036743,0.14389850161302314
contour_1e-08_R4.8,0.24,s1*s4,0,-8.679937781924798,-14.732856578508894
contour_1e-08_R4.8,0.24,s1*s4,1,5.211984446842617,6.737689332353197
contour_1e-10_R4.8,-0.24,s1*s2,0,-82.0760928958175,-27.292338832758787
contour_1e-10_R4.8,-0.24,s1*s2,1,37.6112708527767,2.4984472679791123
contour_1e-10_R4.8,-0.24,s2*s3,0,2.599881390474632,8.346264897200067
contour_1e-10_R4.8,-0.24,s2*s3,1,-2.706304518647912,-2.7881490248755356
contour_1e-10_R4.8,-0.24,s3*s4,0,0.8977005663462982,-0.29944250785323095
contour_1e-10_R4.8,-0.24,s3*s4,1,-0.35126890820865875,0.14623625211753458
contour_1e-10_R4.8,-0.24,s1*s4,0,-8.761981163795733,-14.629105725635913
contour_1e-10_R4.8,-0.24,s1*s4,1,5.246724340886838,6.683040816558393
contour_1e-10_R4.8,-0.22499999999999998,s1*s2,0,-82.0761222648989,-27.292586700763838
contour_1e-10_R4.8,-0.22499999999999998,s1*s2,1,37.61131894183388,2.4985388646165925
contour_1e-10_R4.8,-0.22499999999999998,s2*s3,0,2.599874263800451,8.34629851943312
contour_1e-10_R4.8,-0.22499999999999998,s2*s3,1,-2.706307624723091,-2.788162958597563
contour_1e-10_R4.8,-0.22499999999999998,s3*s4,0,0.8977005311411429,-0.2994403298039703
contour_1e-10_R4.8,-0.22499999999999998,s3*s4,1,-0.35126918812989905,0.14623532344353696
contour_1e-10_R4.8,-0.22499999999999998,s1*s4,0,-8.76191756243295,-14.629146426449175
contour_1e-10_R4.8,-0.22499999999999998,s1*s4,1,5.246705046937597,6.683067431798795
contour_1e-10_R4.8,-0.21,s1*s2,0,-82.07616755038468,-27.292802725241753
contour_1e-10_R4.8,-0.21,s1*s2,1,37.6113659850579,2.4986202772854176
contour_1e-10_R4.8,-0.21,s2*s3,0,2.5998687694060005,8.346325074709895
contour_1e-10_R4.8,-0.21,s2*s3,1,-2.7063095446422105,-2.788173967586523
contour_1e-10_R4.8,-0.21,s3*s4,0,0.8977010589702057,-0.29943839752982837
contour_1e-10_R4.8,-0.21,s3*s4,1,-0.35126966972251505,0.14623453855512494
contour_1e-10_R4.8,-0.21,s1*s4,0,-8.761871938447403,-14.62918824576466
contour_1e-10_R4.8,-0.21,s1*s4,1,5.246692200385426,6.683091803878747
contour_1e-10_R4.8,-0.195,s1*s2,0,-82.07621885785208,-27.29276275057108
contour_1e-10_R4.8,-0.195,s1*s2,1,37.61137949484284,2.4986105351157253
contour_1e-10_R4.8,-0.195,s2*s3,0,2.5998716918428544,8.346318173218311
contour_1e-10_R4.8,-0.195,s2*s3,1,-2.7063083330023816,-2.788171718552154
contour_1e-10_R4.8,-0.195,s3*s4,0,0.8977021352090045,-0.2994389655683689
contour_1e-10_R4.8,-0.195,s3*s4,1,-0.3512700863565184,0.14623481994887658
contour_1e-10_R4.8,-0.195,s1*s4,0,-8.761901070063814,-14.62919286183837
contour_1e-10_R4.8,-0.195,s1*s4,1,5.2467024355021605,6.683090811196177
contour_1e-10_R4.8,-0.18,s1*s2,0,-82.07625545926273,-27.292567132556613
contour_1e-10_R4.8,-0.18,s1*s2,1,37.61136952578597,2.4985437699600235
contour_1e-10_R4.8,-0.18,s2*s3,0,2.5998790012717796,8.346294535302016
contour_1e-10_R4.8,-0.18,s2*s3,1,-2.706306245137888,-2.7881630112714646
contour_1e-10_R4.8,-0.18,s3*s4,0,0.8977029393955953,-0.29944113853452287
contour_1e-10_R4.8,-0.18,s3*s4,1,-0.35127021290705984,0.14623574259705718
contour_1e-10_R4.8,-0.18,s1*s4,0,-8.761965037271107,-14.629167780268219
contour_1e-10_R4.8,-0.18,s1*s4,1,5.2467224786978175,6.683073346230812
contour_1e-10_R4.8,-0.16499999999999998,s1*s2,0,-82.07628040057222,-27.292408102188237
contour_1e-10_R4.8,-0.16499999999999998,s1*s2,1,37.61136265597697,2.498489252689005
contour_1e-10_R4.8,-0.16499999999999998,s2*s3,0,2.5998846859923987,8.346277661397064
contour_1e-10_R4.8,-0.16499999999999998,s2*s3,1,-2.7063051766595483,-2.788157096115738
contour_1e-10_R4.8,-0.16499999999999998,s3*s4,0,0.8977033203442485,-0.29944299706040717
contour_1e-10_R4.8,-0.16499999999999998,s3*s4,1,-0.3512702101842674,0.1462365073616421
contour_1e-10_R4.8,-0.16499999999999998,s1*s4,0,-8.762012272853427,-14.629144005448476
contour_1e-10_R4.8,-0.16499999999999998,s1*s4,1,5.246736858483607,6.683058956037385
contour_1e-10_R4.8,-0.15,s1*s2,0,-82.07630955596598,-27.2924118673474
contour_1e-10_R4.8,-0.15,s1*s2,1,37.611377426604065,2.4984945570370933
contour_1e-10_R4.8,-0.15,s2*s3,0,2.599884928603543,8.346279500809707
contour_1e-10_R4.8,-0.15,s2*s3,1,-2.706305132410062,-2.788158562649044
contour_1e-10_R4.8,-0.15,s3*s4,0,0.8977037189742691,-0.29944321757371023
contour_1e-10_R4.8,-0.15,s3*s4,1,-0.3512704012718607,0.146236595335222
contour_1e-10_R4.8,-0.15,s1*s4,0,-8.762018482477531,-14.629147395398988
contour_1e-10_R4.8,-0.15,s1*s4,1,5.246738962459423,6.683061002780984
contour_1e-10_R4.8,-0.135,s1*s2,0,-82.07635182863129,-27.29257312067779
contour_1e-10_R4.8,-0.135,s1*s2,1,37.61141304655737,2.498559670648207
contour_1e-10_R4.8,-0.135,s2*s3,0,2.5998796862518594,8.346296762713553
contour_1e-10_R4.8,-0.135,s2*s3,1,-2.7063049739192753,-2.788166066451989
contour_1e-10_R4.8,-0.135,s3*s4,0,0.8977045353254263,-0.29944181869782904
contour_1e-10_R4.8,-0.135,s3*s4,1,-0.3512709365269154,0.1462360342833251
contour_1e-10_R4.8,-0.135,s1*s4,0,-8.76199215312579,-14.629180625753486
contour_1e-10_R4.8,-0.135,s1*s4,1,5.246731671066633,6.683079087823072
contour_1e-10_R4.8,-0.12,s1*s2,0,-82.07640000213965,-27.292783067169765
contour_1e-10_R4.8,-0.12,s1*s2,1,37.61145352379486,2.4986448999991246
contour_1e-10_R4.8,-0.12,s2*s3,0,2.599872159374355,8.34631719187558
contour_1e-10_R4.8,-0.12,s2*s3,1,-2.706303937635439,-2.7881748373038096
contour_1e-10_R4.8,-0.12,s3*s4,0,0.8977056759048365,-0.29943990917724095
contour_1e-10_R4.8,-0.12,s3*s4,1,-0.351271650546374,0.14623527355555105
contour_1e-10_R4.8,-0.12,s1*s4,0,-8.761959327068281,-14.629224090309291
contour_1e-10_R4.8,-0.12,s1*s4,1,5.246722488495906,6.683101844863449
contour_1e-10_R4.8,-0.10499999999999998,s1*s2,0,-82.07644245155316,-27.292929610075504
contour_1e-10_R4.8,-0.10499999999999998,s1*s2,1,37.611484567773175,2.498707264278087
contour_1e-10_R4.8,-0.10499999999999998,s2*s3,0,2.5998662352073234,8.34633072536008
contour_1e-10_R4.8,-0.10499999999999998,s2*s3,1,-2.706302422397607,-2.7881810080593055
contour_1e-10_R4.8,-0.10499999999999998,s3*s4,0,0.897706725543976,-0.29943866738711744
contour_1e-10_R4.8,-0.10499999999999998,s3*s4,1,-0.35127225464323875,0.1462347800265985
contour_1e-10_R4.8,-0.10499999999999998,s1*s4,0,-8.761941083072541,-14.629255299649827
contour_1e-10_R4.8,-0.10499999999999998,s1*s4,1,5.2467173786496515,6.683117817829262
contour_1e-10_R4.8,-0.09,s1*s2,0,-82.07647749183411,-27.293003507256714
contour_1e-10_R4.8,-0.09,s1*s2,1,37.611506528950336,2.4987420178136435
contour_1e-10_R4.8,-0.09,s2*s3,0,2.5998627150963065,8.34633770276894
contour_1e-10_R4.8,-0.09,s2*s3,1,-2.7063010934411253,-2.7881847026500637
contour_1e-10_R4.8,-0.09,s3*s4,0,0.8977075166076441,-0.2994381982737215
contour_1e-10_R4.8,-0.09,s3*s4,1,-0.3512726776115627,0.14623459340062497
contour_1e-10_R4.8,-0.09,s1*s4,0,-8.761936709417173,-14.62927181657613
contour_1e-10_R4.8,-0.09,s1*s4,1,5.246716191947675,6.683126332748423
contour_1e-10_R4.8,-0.07500000000000001,s1*s2,0,-82.07651559200794,-27.293104895336178
contour_1e-10_R4.8,-0.07500000000000001,s1*s2,1,37.611531355901334,2.498788164233902
contour_1e-10_R4.8,-0.07500000000000001,s2*s3,0,2.5998579083647653,8.346346800577093
contour_1e-10_R4.8,-0.07500000000000001,s2*s3,1,-2.7062993409164138,-2.7881892679111804
contour_1e-10_R4.8,-0.07500000000000001,s3*s4,0,0.8977084577504009,-0.2994374537611564
contour_1e-10_R4.8,-0.07500000000000001,s3*s4,1,-0.3512731877240108,0.146234295436323
contour_1e-10_R4.8,-0.07500000000000001,s1*s4,0,-8.761928087008084,-14.629293741609903
contour_1e-10_R4.8,-0.07500000000000001,s1*s4,1,5.246713671938859,6.683137459491503
contour_1e-10_R4.8,-0.06,s1*s2,0,-82.07655355053092,-27.29322721209659
contour_1e-10_R4.8,-0.06,s1*s2,1,37.61155720237252,2.498844127637195
contour_1e-10_R4.8,-0.06,s2*s3,0,2.599851540220112,8.346357208107708
contour_1e-10_R4.8,-0.06,s2*s3,1,-2.7062969106920303,-2.788194513715668
contour_1e-10_R4.8,-0.06,s3*s4,0,0.8977095200692092,-0.299436515262872
contour_1e-10_R4.8,-0.06,s3*s4,1,-0.3512737665362817,0.14623391333123822
contour_1e-10_R4.8,-0.06,s1*s4,0,-8.761916456711788,-14.629318929808901
contour_1e-10_R4.8,-0.06,s1*s4,1,5.246709946615895,6.683150266256789
contour_1e-10_R4.8,-0.044999999999999984,s1*s2,0,-82.07658963619984,-27.2933505051742
contour_1e-10_R4.8,-0.044999999999999984,s1*s2,1,37.61158230782478,2.498901820365665
contour_1e-10_R4.8,-0.044999999999999984,s2*s3,0,2.599844526854105,8.346367488470332
contour_1e-10_R4.8,-0.044999999999999984,s2*s3,1,-2.7062941008117276,-2.788199881758099
contour_1e-10_R4.8,-0.044999999999999984,s3*s4,0,0.8977105958771234,-0.2994355926049428
contour_1e-10_R4.8,-0.044999999999999984,s3*s4,1,-0.3512743523214967,0.14623353120614846
contour_1e-10_R4.8,-0.044999999999999984,s1*s4,0,-8.761904932156218,-14.629343387377782
contour_1e-10_R4.8,-0.044999999999999984,s1*s4,1,5.246705967894855,6.683162868349708
contour_1e-10_R4.8,-0.03,s1*s2,0,-82.07662588605591,-27.293488119904083
contour_1e-10_R4.8,-0.03,s1*s2,1,37.611608248023494,2.498966559623128
contour_1e-10_R4.8,-0.03,s2*s3,0,2.5998363644644655,8.34637870997574
contour_1e-10_R4.8,-0.03,s2*s3,1,-2.706290770778298,-2.7882057809077905
contour_1e-10_R4.8,-0.03,s3*s4,0,0.8977117593329661,-0.2994345480328524
contour_1e-10_R4.8,-0.03,s3*s4,1,-0.35127498728316087,0.1462330942649022
contour_1e-10_R4.8,-0.03,s1*s4,0,-8.761891452117458,-14.629369946613227
contour_1e-10_R4.8,-0.03,s1*s4,1,5.246701129957602,6.6831765961666045
contour_1e-10_R4.8,-0.015000000000000013,s1*s2,0,-82.0766626252736,-27.293643097975938
contour_1e-10_R4.8,-0.015000000000000013,s1*s2,1,37.61163535082951,2.4990397488175944
contour_1e-10_R4.8,-0.015000000000000013,s2*s3,0,2.599826864629595,8.34639111145571
contour_1e-10_R4.8,-0.015000000000000013,s2*s3,1,-2.7062868462439367,-2.788212331064171
contour_1e-10_R4.8,-0.015000000000000013,s3*s4,0,0.8977130285610586,-0.29943335502503526
contour_1e-10_R4.8,-0.015000000000000013,s3*s4,1,-0.3512756816539168,0.14623259103636915
contour_1e-10_R4.8,-0.015000000000000013,s1*s4,0,-8.761875583067118,-14.629399132218019
contour_1e-10_R4.8,-0.015000000000000013,s1*s4,1,5.246695264393876,6.683191722752983
contour_1e-10_R4.8,0.0,s1*s2,0,-82.07669959558174,-27.293816804371545
contour_1e-10_R4.8,0.0,s1*s2,1,37.61166351136895,2.499122220102548
contour_1e-10_R4.8,0.0,s2*s3,0,2.599815882491359,8.346404758854435
contour_1e-10_R4.8,0.0,s2*s3,1,-2.706282245760749,-2.7882195840881887
contour_1e-10_R4.8,0.0,s3*s4,0,0.8977144105033101,-0.299432001712748
contour_1e-10_R4.8,0.0,s3*s4,1,-0.35127643933869573,0.14623201465210733
contour_1e-10_R4.8,0.0,s1*s4,0,-8.761857119213914,-14.629431082424295
contour_1e-10_R4.8,0.0,s1*s4,1,5.246688238966068,6.683208337142394
contour_1e-10_R4.8,0.015000000000000013,s1*s2,0,-82.07669319901464,-27.293680376239646
contour_1e-10_R4.8,0.015000000000000013,s1*s2,1,37.61165059605931,2.4990540711177474
contour_1e-10_R4.8,0.015000000000000013,s2*s3,0,2.599826514361445,8.34639543864186
contour_1e-10_R4.8,0.015000000000000013,s2*s3,1,-2.706286876636995,-2.7882141184120384
contour_1e-10_R4.8,0.015000000000000013,s3*s4,0,0.8977135310642779,-0.29943313571325736
contour_1e-10_R4.8,0.015000000000000013,s3*s4,1,-0.3512759208562454,0.1462325257380453
contour_1e-10_R4.8,0.015000000000000013,s1*s4,0,-8.761874992729295,-14.62941035582896
contour_1e-10_R4.8,0.015000000000000013,s1*s4,1,5.246695841388343,6.683196590088282
contour_1e-10_R4.8,0.030000000000000027,s1*s2,0,-82.0767298405184,-27.293859065410523
contour_1e-10_R4.8,0.030000000000000027,s1*s2,1,37.611678389482265,2.4991390312181
contour_1e-10_R4.8,0.030000000000000027,s2*s3,0,2.5998150898986316,8.346409417819219
contour_1e-10_R4.8,0.030000000000000027,s2*s3,1,-2.706282039214246,-2.7882215392646645
contour_1e-10_R4.8,0.030000000000000027,s3*s4,0,0.8977149380136678,-0.2994317407676493
contour_1e-10_R4.8,0.030000000000000027,s3*s4,1,-0.3512766878682587,0.14623192842824242
contour_1e-10_R4.8,0.030000000000000027,s1*s4,0,-8.761855758222085,-14.629442921676159
contour_1e-10_R4.8,0.030000000000000027,s1*s4,1,5.246688377286638,6.683213460751623
contour_1e-10_R4.8,0.044999999999999984,s1*s2,0,-82.07676665234384,-27.29406276744087
contour_1e-10_R4.8,0.044999999999999984,s1*s2,1,37.611707461060796,2.4992362353920483
contour_1e-10_R4.8,0.044999999999999984,s2*s3,0,2.5998017516367438,8.346425081999048
contour_1e-10_R4.8,0.044999999999999984,s2*s3,1,-2.7062763406192585,-2.788229881697612
contour_1e-10_R4.8,0.044999999999999984,s3*s4,0,0.8977164881757445,-0.2994301260986632
contour_1e-10_R4.8,0.044999999999999984,s3*s4,1,-0.3512775353174264,0.1462312309033226
contour_1e-10_R4.8,0.044999999999999984,s1*s4,0,-8.761832914136516,-14.6294792376702
contour_1e-10_R4.8,0.044999999999999984,s1*s4,1,5.246679321475055,6.683232329696475
contour_1e-10_R4.8,0.06,s1*s2,0,-82.07680430886538,-27.294294773981868
contour_1e-10_R4.8,0.06,s1*s2,1,37.61173827422333,2.499347359045952
contour_1e-10_R4.8,0.06,s2*s3,0,2.5997862828076297,8.346442710036857
contour_1e-10_R4.8,0.06,s2*s3,1,-2.7062696801302835,-2.7882393005578643
contour_1e-10_R4.8,0.06,s3*s4,0,0.8977182059566647,-0.2994282675148018
contour_1e-10_R4.8,0.06,s3*s4,1,-0.35127847630786824,0.14623042156672403
contour_1e-10_R4.8,0.06,s1*s4,0,-8.76180608108418,-14.629519872511496
contour_1e-10_R4.8,0.06,s1*s4,1,5.246668491757898,6.683253502409537
contour_1e-10_R4.8,0.07500000000000001,s1*s2,0,-82.07680721643715,-27.294524819694033
contour_1e-10_R4.8,0.07500000000000001,s1*s2,1,37.61175336308774,2.4994653824211883
contour_1e-10_R4.8,0.07500000000000001,s2*s3,0,2.5997677186309494,8.346457735665586
contour_1e-10_R4.8,0.07500000000000001,s2*s3,1,-2.7062611045858076,-2.7882482521920324
contour_1e-10_R4.8,0.07500000000000001,s3*s4,0,0.8977196314350999,-0.2994263161016513
contour_1e-10_R4.8,0.07500000000000001,s3*s4,1,-0.3512793093267271,0.14622950312066818
contour_1e-10_R4.8,0.07500000000000001,s1*s4,0,-8.761775005035535,-14.629553601052674
contour_1e-10_R4.8,0.07500000000000001,s1*s4,1,5.246654244505014,6.683272640028236
contour_1e-10_R4.8,0.08999999999999997,s1*s2,0,-82.07679350134549,-27.294810672201876
contour_1e-10_R4.8,0.08999999999999997,s1*s2,1,37.61176525688723,2.499612768948282
contour_1e-10_R4.8,0.08999999999999997,s2*s3,0,2.5997437397492806,8.346475492079769
contour_1e-10_R4.8,0.08999999999999997,s2*s3,1,-2.7062501039615845,-2.7882590457004635
contour_1e-10_R4.8,0.08999999999999997,s3*s4,0,0.8977212033409685,-0.29942379168636857
contour_1e-10_R4.8,0.08999999999999997,s3*s4,1,-0.35128026779892124,0.1462283091849961
contour_1e-10_R4.8,0.08999999999999997,s1*s4,0,-8.761732940546862,-14.629592926805369
contour_1e-10_R4.8,0.08999999999999997,s1*s4,1,5.2466350208342405,6.683295629729449
contour_1e-10_R4.8,0.10499999999999998,s1*s2,0,-82.0768619468319,-27.29521383058897
contour_1e-10_R4.8,0.10499999999999998,s1*s2,1,37.6118184266046,2.4998010582269803
contour_1e-10_R4.8,0.10499999999999998,s2*s3,0,2.5997181284675235,8.346506867107994
contour_1e-10_R4.8,0.10499999999999998,s2*s3,1,-2.706239359184337,-2.7882751613588224
contour_1e-10_R4.8,0.10499999999999998,s3*s4,0,0.8977241230077636,-0.2994205130646681
contour_1e-10_R4.8,0.10499999999999998,s3*s4,1,-0.35128184188953454,0.14622690710603545
contour_1e-10_R4.8,0.10499999999999998,s1*s4,0,-8.761684916768633,-14.629665019998189
contour_1e-10_R4.8,0.10499999999999998,s1*s4,1,5.246616204526659,6.683332260136814
contour_1e-10_R4.8,0.12,s1*s2,0,-82.07669766814644,-27.295361600341217
contour_1e-10_R4.8,0.12,s1*s2,1,37.61177032353692,2.499912506615022
contour_1e-10_R4.8,0.12,s2*s3,0,2.5996917589598967,8.346506732925297
contour_1e-10_R4.8,0.12,s2*s3,1,-2.706226480493616,-2.788280776580957
contour_1e-10_R4.8,0.12,s3*s4,0,0.8977234745651562,-0.2994187360318226
contour_1e-10_R4.8,0.12,s3*s4,1,-0.35128194217705394,0.14622582806046
contour_1e-10_R4.8,0.12,s1*s4,0,-8.761639221100456,-14.629654562078864
contour_1e-10_R4.8,0.12,s1*s4,1,5.246591212307277,6.683338361203877
contour_1e-10_R4.8,0.135,s1*s2,0,-82.07621687438316,-27.295200182873074
contour_1e-10_R4.8,0.135,s1*s2,1,37.61161011215075,2.4999274514112475
contour_1e-10_R4.8,0.135,s2*s3,0,2.599663703423129,8.346468228292531
contour_1e-10_R4.8,0.135,s2*s3,1,-2.70621308877391,-2.7882749006790366
contour_1e-10_R4.8,0.135,s3*s4,0,0.8977179226575184,-0.29941856219365215
contour_1e-10_R4.8,0.135,s3*s4,1,-0.3512802264424226,0.14622516761137247
contour_1e-10_R4.8,0.135,s1*s4,0,-8.76158597136727,-14.629538884032536
contour_1e-10_R4.8,0.135,s1*s4,1,5.246558736002564,6.68330946555918
contour_1e-10_R4.8,0.15000000000000002,s1*s2,0,-82.0758094584151,-27.295234655728425
contour_1e-10_R4.8,0.15000000000000002,s1*s2,1,37.61152636964064,2.5000083910267374
contour_1e-10_R4.8,0.15000000000000002,s2*s3,0,2.5996295491540544,8.346450270431497
contour_1e-10_R4.8,0.15000000000000002,s2*s3,1,-2.7062017117176533,-2.7882792103427465
contour_1e-10_R4.8,0.15000000000000002,s3*s4,0,0.8977137895334053,-0.29941681726195873
contour_1e-10_R4.8,0.15000000000000002,s3*s4,1,-0.35127947752533306,0.14622418683908187
contour_1e-10_R4.8,0.15000000000000002,s1*s4,0,-8.761508359332227,-14.629467178470058
contour_1e-10_R4.8,0.15000000000000002,s1*s4,1,5.246526190882225,6.68330453758261
contour_1e-10_R4.8,0.16499999999999998,s1*s2,0,-82.07608066885243,-27.296226898284687
contour_1e-10_R4.8,0.16499999999999998,s1*s2,1,37.611743598038615,2.5004212382362825
contour_1e-10_R4.8,0.16499999999999998,s2*s3,0,2.5995788414566916,8.346538345519438
contour_1e-10_R4.8,0.16499999999999998,s2*s3,1,-2.706187651766794,-2.7883223875761405
contour_1e-10_R4.8,0.16499999999999998,s3*s4,0,0.8977213842609301,-0.2994090081216392
contour_1e-10_R4.8,0.16499999999999998,s3*s4,1,-0.35128368162525,0.1462214548912195
contour_1e-10_R4.8,0.16499999999999998,s1*s4,0,-8.761395551129707,-14.62966454144075
contour_1e-10_R4.8,0.16499999999999998,s1*s4,1,5.246496945575558,6.683403453703541
contour_1e-10_R4.8,0.18,s1*s2,0,-82.07729991758582,-27.29858559365128
contour_1e-10_R4.8,0.18,s1*s2,1,37.61228768060078,2.5013437299892325
contour_1e-10_R4.8,0.18,s2*s3,0,2.599497099597823,8.34677132792706
contour_1e-10_R4.8,0.18,s2*s3,1,-2.706156730482852,-2.7884150033447694
contour_1e-10_R4.8,0.18,s3*s4,0,0.8977462159103221,-0.2993927202928859
contour_1e-10_R4.8,0.18,s3*s4,1,-0.35129445311311985,0.14621558535492415
contour_1e-10_R4.8,0.18,s1*s4,0,-8.761242818514278,-14.630238877213923
contour_1e-10_R4.8,0.18,s1*s4,1,5.2464561563127035,6.683636556122279
contour_1e-10_R4.8,0.195,s1*s2,0,-82.07893351897502,-27.301770629844295
contour_1e-10_R4.8,0.195,s1*s2,1,37.612875900905145,2.5026359751335967
contour_1e-10_R4.8,0.195,s2*s3,0,2.5993793791725155,8.347078440017794
contour_1e-10_R4.8,0.195,s2*s3,1,-2.706097663290451,-2.7885309233852054
contour_1e-10_R4.8,0.195,s3*s4,0,0.8977804774681942,-0.29937089832909375
contour_1e-10_R4.8,0.195,s3*s4,1,-0.35130823290285224,0.14620670371426067
contour_1e-10_R4.8,0.195,s1*s4,0,-8.761050871832744,-14.631009705971444
contour_1e-10_R4.8,0.195,s1*s4,1,5.246377968168818,6.683932195160763
contour_1e-10_R4.8,0.20999999999999996,s1*s2,0,-82.07975713901023,-27.30412675937091
contour_1e-10_R4.8,0.20999999999999996,s1*s2,1,37.61309472705675,2.5036976686846844
contour_1e-10_R4.8,0.20999999999999996,s2*s3,0,2.599258403583882,8.347280175672527
contour_1e-10_R4.8,0.20999999999999996,s2*s3,1,-2.7060288180475043,-2.788610848534287
contour_1e-10_R4.8,0.20999999999999996,s3*s4,0,0.8978024528531839,-0.2993534513936162
contour_1e-10_R4.8,0.20999999999999996,s3*s4,1,-0.3513169198372209,0.14619836123765179
contour_1e-10_R4.8,0.20999999999999996,s1*s4,0,-8.760853805834929,-14.631507734178705
contour_1e-10_R4.8,0.20999999999999996,s1*s4,1,5.246269644868837,6.68412761848342
contour_1e-10_R4.8,0.22499999999999998,s1*s2,0,-82.07895741417023,-27.303849905412136
contour_1e-10_R4.8,0.22499999999999998,s1*s2,1,37.61286375032136,2.5037303885585924
contour_1e-10_R4.8,0.22499999999999998,s2*s3,0,2.599216646243626,8.347218234304504
contour_1e-10_R4.8,0.22499999999999998,s2*s3,1,-2.70601049930796,-2.788604889552007
contour_1e-10_R4.8,0.22499999999999998,s3*s4,0,0.8977927515907294,-0.2993530009422178
contour_1e-10_R4.8,0.22499999999999998,s3*s4,1,-0.3513142767229904,0.14619723669090845
contour_1e-10_R4.8,0.22499999999999998,s1*s4,0,-8.760758168122083,-14.63131761144278
contour_1e-10_R4.8,0.22499999999999998,s1*s4,1,5.2462167145707115,6.684088529705695
contour_1e-10_R4.8,0.24,s1*s2,0,-82.07795297240543,-27.30272554076017
contour_1e-10_R4.8,0.24,s1*s2,1,37.612746766720754,2.5033386541193647
contour_1e-10_R4.8,0.24,s2*s3,0,2.5992287687555904,8.347096043177313
contour_1e-10_R4.8,0.24,s2*s3,1,-2.706035956972729,-2.7885832267024067
contour_1e-10_R4.8,0.24,s3*s4,0,0.8977753167211444,-0.2993592311287041
contour_1e-10_R4.8,0.24,s3*s4,1,-0.35130974813545224,0.1462003894751198
contour_1e-10_R4.8,0.24,s1*s4,0,-8.760734963630663,-14.630962486325647
contour_1e-10_R4.8,0.24,s1*s4,1,5.246233155808703,6.684003922789521
contour_3e-13_R4.8,-0.24,s1*s2,0,-82.07669750913536,-27.29381250949166
contour_3e-13_R4.8,-0.24,s1*s2,1,37.61166211487284,2.4991203563595055
contour_3e-13_R4.8,-0.24,s2*s3,0,2.599816050116467,8.34640426047381
contour_3e-13_R4.8,-0.24,s2*s3,1,-2.7062822734154572,-2.7882193400992503
contour_3e-13_R4.8,-0.24,s3*s4,0,0.897714373091026,-0.29943202742507724
contour_3e-13_R4.8,-0.24,s3*s4,1,-0.35127641848936403,0.14623202451821013
contour_3e-13_R4.8,-0.24,s1*s4,0,-8.761857531126488,-14.629430156996346
contour_3e-13_R4.8,-0.24,s1*s4,1,5.246688342324935,6.683207835862402
contour_3e-13_R4.8,-0.22499999999999998,s1*s2,0,-82.07669743398007,-27.293814080997713
contour_3e-13_R4.8,-0.22499999999999998,s1*s2,1,37.61166222168757,2.4991209892633965
contour_3e-13_R4.8,-0.22499999999999998,s2*s3,0,2.5998159901659044,8.34640441479154
contour_3e-13_R4.8,-0.22499999999999998,s2*s3,1,-2.7062822696320064,-2.7882194006325247
contour_3e-13_R4.8,-0.22499999999999998,s3*s4,0,0.8977143736837286,-0.29943201012912524
contour_3e-13_R4.8,-0.22499999999999998,s3*s4,1,-0.3512764204428809,0.1462320168316833
contour_3e-13_R4.8,-0.22499999999999998,s1*s4,0,-8.761857143075503,-14.6294304207056
contour_3e-13_R4.8,-0.22499999999999998,s1*s4,1,5.24668821285831,6.683207990895567
contour_3e-13_R4.8,-0.21,s1*s2,0,-82.07669775083265,-27.293812752119038
contour_3e-13_R4.8,-0.21,s1*s2,1,37.61166224543604,2.499120456148634
contour_3e-13_R4.8,-0.21,s2*s3,0,2.5998160544880813,8.346404298700831
contour_3e-13_R4.8,-0.21,s2*s3,1,-2.706282278605145,-2.788219356834792
contour_3e-13_R4.8,-0.21,s3*s4,0,0.8977143759953268,-0.2994320262327111
contour_3e-13_R4.8,-0.21,s3*s4,1,-0.3512764200146299,0.14623202403084273
contour_3e-13_R4.8,-0.21,s1*s4,0,-8.761857519802266,-14.629430234892462
contour_3e-13_R4.8,-0.21,s1*s4,1,5.246688343001139,6.683207875769489
contour_3e-13_R4.8,-0.195,s1*s2,0,-82.07669796612936,-27.29381178624181
contour_3e-13_R4.8,-0.195,s1*s2,1,37.61166226763696,2.499120065470338
contour_3e-13_R4.8,-0.195,s2*s3,0,2.5998161027014306,8.34640422501215
contour_3e-13_R4.8,-0.195,s2*s3,1,-2.706282288832098,-2.7882193295866786
contour_3e-13_R4.8,-0.195,s3*s4,0,0.8977143764377433,-0.2994320381889195
contour_3e-13_R4.8,-0.195,s3*s4,1,-0.35127641921523933,0.14623202925998205
contour_3e-13_R4.8,-0.195,s1*s4,0,-8.761857771475539,-14.629430089144263
contour_3e-13_R4.8,-0.195,s1*s4,1,5.246688429102948,6.6832077924026665
contour_3e-13_R4.8,-0.18,s1*s2,0,-82.07669799971934,-27.293812714116847
contour_3e-13_R4.8,-0.18,s1*s2,1,37.6116623436222,2.4991204566395
contour_3e-13_R4.8,-0.18,s2*s3,0,2.5998160663951824,8.346404303713216
contour_3e-13_R4.8,-0.18,s2*s3,1,-2.7062822803657327,-2.7882193609774792
contour_3e-13_R4.8,-0.18,s3*s4,0,0.897714379300376,-0.29943202808576297
contour_3e-13_R4.8,-0.18,s3*s4,1,-0.3512764213917678,0.14623202482349235
contour_3e-13_R4.8,-0.18,s1*s4,0,-8.761857587278591,-14.629430266046178
contour_3e-13_R4.8,-0.18,s1*s4,1,5.246688367498425,6.683207886644236
contour_3e-13_R4.8,-0.16499999999999998,s1*s2,0,-82.0766980944444,-27.29381305143138
contour_3e-13_R4.8,-0.16499999999999998,s1*s2,1,37.6116624026273,2.4991206049015164
contour_3e-13_R4.8,-0.16499999999999998,s2*s3,0,2.5998160555437826,8.346404333996931
contour_3e-13_R4.8,-0.16499999999999998,s2*s3,1,-2.7062822769116126,-2.788219373765859
contour_3e-13_R4.8,-0.16499999999999998,s3*s4,0,0.8977143816067149,-0.2994320249312469
contour_3e-13_R4.8,-0.16499999999999998,s3*s4,1,-0.35127642270736237,0.14623202343702105
contour_3e-13_R4.8,-0.16499999999999998,s1*s4,0,-8.76185754271824,-14.629430342484985
contour_3e-13_R4.8,-0.16499999999999998,s1*s4,1,5.2466883530715265,6.683207924897826
contour_3e-13_R4.8,-0.15,s1*s2,0,-82.07669873436944,-27.293816056161408
contour_3e-13_R4.8,-0.15,s1*s2,1,37.611663060756456,2.499121680317865
contour_3e-13_R4.8,-0.15,s2*s3,0,2.599815978137384,8.346404698009016
contour_3e-13_R4.8,-0.15,s2*s3,1,-2.706282305283534,-2.7882195201353897
contour_3e-13_R4.8,-0.15,s3*s4,0,0.8977143896266038,-0.29943199796850284
contour_3e-13_R4.8,-0.15,s3*s4,1,-0.3512764295250429,0.14623201314399284
contour_3e-13_R4.8,-0.15,s1*s4,0,-8.761856920312074,-14.629430929458143
contour_3e-13_R4.8,-0.15,s1*s4,1,5.246688191034732,6.6832082549155265
contour_3e-13_R4.8,-0.135,s1*s2,0,-82.07670510300687,-27.2938477865386
contour_3e-13_R4.8,-0.135,s1*s2,1,37.61166975550225,2.4991329951451293
contour_3e-13_R4.8,-0.135,s2*s3,0,2.599815110928589,8.346408384281682
contour_3e-13_R4.8,-0.135,s2*s3,1,-2.706282555741505,-2.7882209970251512
contour_3e-13_R4.8,-0.135,s3*s4,0,0.897714482683052,-0.2994317071634742
contour_3e-13_R4.8,-0.135,s3*s4,1,-0.3512765045367407,0.14623190420122814
contour_3e-13_R4.8,-0.135,s1*s4,0,-8.761850501643558,-14.629437167425746
contour_3e-13_R4.8,-0.135,s1*s4,1,5.246686552181296,6.683211692303387
contour_3e-13_R4.8,-0.12,s1*s2,0,-82.07670293426709,-27.293835748854498
contour_3e-13_R4.8,-0.12,s1*s2,1,37.6116672799743,2.4991287501346156
contour_3e-13_R4.8,-0.12,s2*s3,0,2.599815402908463,8.346406922019003
contour_3e-13_R4.8,-0.12,s2*s3,1,-2.706282424804465,-2.7882204206509993
contour_3e-13_R4.8,-0.12,s3*s4,0,0.8977144589636017,-0.29943181957188597
contour_3e-13_R4.8,-0.12,s3*s4,1,-0.35127648062377287,0.14623194742782497
contour_3e-13_R4.8,-0.12,s1*s4,0,-8.761853150036448,-14.629434843037856
contour_3e-13_R4.8,-0.12,s1*s4,1,5.24668724957433,6.683210375776984
contour_3e-13_R4.8,-0.10499999999999998,s1*s2,0,-82.07669583110295,-27.29380114519747
contour_3e-13_R4.8,-0.10499999999999998,s1*s2,1,37.61166045483302,2.499116146408049
contour_3e-13_R4.8,-0.10499999999999998,s2*s3,0,2.5998164042497955,8.346403220982317
contour_3e-13_R4.8,-0.10499999999999998,s2*s3,1,-2.706282292614344,-2.788218950448961
contour_3e-13_R4.8,-0.10499999999999998,s3*s4,0,0.8977143252927511,-0.2994321454865277
contour_3e-13_R4.8,-0.10499999999999998,s3*s4,1,-0.3512763872610721,0.14623206940161843
contour_3e-13_R4.8,-0.10499999999999998,s1*s4,0,-8.761859572316832,-14.629427775216227
contour_3e-13_R4.8,-0.10499999999999998,s1*s4,1,5.246688876785027,6.6832066629041105
contour_3e-13_R4.8,-0.09,s1*s2,0,-82.07669346549253,-27.293789565791744
contour_3e-13_R4.8,-0.09,s1*s2,1,37.611658399963815,2.499111813893735
contour_3e-13_R4.8,-0.09,s2*s3,0,2.5998167970280184,8.346402124215235
contour_3e-13_R4.8,-0.09,s2*s3,1,-2.706282321722893,-2.7882185149785594
contour_3e-13_R4.8,-0.09,s3*s4,0,0.8977142662439803,-0.2994322563080265
contour_3e-13_R4.8,-0.09,s3*s4,1,-0.35127635122754786,0.14623211054542334
contour_3e-13_R4.8,-0.09,s1*s4,0,-8.761861457948362,-14.629425351132781
contour_3e-13_R4.8,-0.09,s1*s4,1,5.246689353363643,6.683205461180035
contour_3e-13_R4.8,-0.07500000000000001,s1*s2,0,-82.07669649272736,-27.29380361346974
contour_3e-13_R4.8,-0.07500000000000001,s1*s2,1,37.611661080146256,2.4991170630656567
contour_3e-13_R4.8,-0.07500000000000001,s2*s3,0,2.5998163620257126,8.346403536233126
contour_3e-13_R4.8,-0.07500000000000001,s2*s3,1,-2.7062823249112644,-2.7882190794462316
contour_3e-13_R4.8,-0.07500000000000001,s3*s4,0,0.8977143320331155,-0.299432123344068
contour_3e-13_R4.8,-0.07500000000000001,s3*s4,1,-0.3512763935247089,0.14623206064020045
contour_3e-13_R4.8,-0.07500000000000001,s1*s4,0,-8.761859060241227,-14.629428289271104
contour_3e-13_R4.8,-0.07500000000000001,s1*s4,1,5.246688745397457,6.683206959886762
contour_3e-13_R4.8,-0.06,s1*s2,0,-82.07669885191734,-27.293815031244947
contour_3e-13_R4.8,-0.06,s1*s2,1,37.61166306642519,2.4991214387622196
contour_3e-13_R4.8,-0.06,s2*s3,0,2.599815956447553,8.346404594158644
contour_3e-13_R4.8,-0.06,s2*s3,1,-2.7062822727344753,-2.788219505883453
contour_3e-13_R4.8,-0.06,s3*s4,0,0.8977143935577013,-0.29943201472671827
contour_3e-13_R4.8,-0.06,s3*s4,1,-0.35127643045058016,0.1462320196924218
contour_3e-13_R4.8,-0.06,s1*s4,0,-8.761857262999781,-14.629430680122399
contour_3e-13_R4.8,-0.06,s1*s4,1,5.246688277604853,6.683208142613185
contour_3e-13_R4.8,-0.044999999999999984,s1*s2,0,-82.07669876212333,-27.293813795117053
contour_3e-13_R4.8,-0.044999999999999984,s1*s2,1,37.6116629548394,2.499120957167006
contour_3e-13_R4.8,-0.044999999999999984,s2*s3,0,2.59981601239898,8.346404500213938
contour_3e-13_R4.8,-0.044999999999999984,s2*s3,1,-2.7062822877343953,-2.788219469970981
contour_3e-13_R4.8,-0.044999999999999984,s3*s4,0,0.8977143876563571,-0.2994320277017579
contour_3e-13_R4.8,-0.044999999999999984,s3*s4,1,-0.35127642700102146,0.146232024756535
contour_3e-13_R4.8,-0.044999999999999984,s1*s4,0,-8.761857469738242,-14.629430438746116
contour_3e-13_R4.8,-0.044999999999999984,s1*s4,1,5.2466883387925405,6.683208028231877
contour_3e-13_R4.8,-0.03,s1*s2,0,-82.07669937870672,-27.29381568689209
contour_3e-13_R4.8,-0.03,s1*s2,1,37.61166334061419,2.4991216871998567
contour_3e-13_R4.8,-0.03,s2*s3,0,2.5998159547380197,8.346404672668715
contour_3e-13_R4.8,-0.03,s2*s3,1,-2.706282276328566,-2.7882195380575476
contour_3e-13_R4.8,-0.03,s3*s4,0,0.8977144017883636,-0.299432010521319
contour_3e-13_R4.8,-0.03,s3*s4,1,-0.3512764345394772,0.14623201843134456
contour_3e-13_R4.8,-0.03,s1*s4,0,-8.761857240917989,-14.629430880225074
contour_3e-13_R4.8,-0.03,s1*s4,1,5.246688285975337,6.683208231577747
contour_3e-13_R4.8,-0.015000000000000013,s1*s2,0,-82.0766994863158,-27.293816210668457
contour_3e-13_R4.8,-0.015000000000000013,s1*s2,1,37.61166342375537,2.499121936632087
contour_3e-13_R4.8,-0.015000000000000013,s2*s3,0,2.599815921274506,8.34640471337025
contour_3e-13_R4.8,-0.015000000000000013,s2*s3,1,-2.7062822622247555,-2.788219559761846
contour_3e-13_R4.8,-0.015000000000000013,s3*s4,0,0.8977144059386097,-0.29943200642015977
contour_3e-13_R4.8,-0.015000000000000013,s3*s4,1,-0.35127643682209175,0.14623201667790253
contour_3e-13_R4.8,-0.015000000000000013,s1*s4,0,-8.761857184980995,-14.629430976020515
contour_3e-13_R4.8,-0.015000000000000013,s1*s4,1,5.246688264590891,6.6832082815296605
contour_3e-13_R4.8,0.0,s1*s2,0,-82.07669959558174,-27.29381680437162
contour_3e-13_R4.8,0.0,s1*s2,1,37.61166351136895,2.4991222201025587
contour_3e-13_R4.8,0.0,s2*s3,0,2.599815882491354,8.346404758854442
contour_3e-13_R4.8,0.0,s2*s3,1,-2.7062822457607485,-2.7882195840881896
contour_3e-13_R4.8,0.0,s3*s4,0,0.8977144105033105,-0.29943200171274736
contour_3e-13_R4.8,0.0,s3*s4,1,-0.35127643933869585,0.14623201465210722
contour_3e-13_R4.8,0.0,s1*s4,0,-8.761857119213902,-14.629431082424306
contour_3e-13_R4.8,0.0,s1*s4,1,5.246688238966066,6.683208337142395
contour_3e-13_R4.8,0.015000000000000013,s1*s2,0,-82.07669970484946,-27.29381747187185
contour_3e-13_R4.8,0.015000000000000013,s1*s2,1,37.61166360277264,2.4991225402994544
contour_3e-13_R4.8,0.015000000000000013,s2*s3,0,2.5998158378714775,8.34640480925611
contour_3e-13_R4.8,0.015000000000000013,s2*s3,1,-2.706282226640628,-2.788219611196959
contour_3e-13_R4.8,0.015000000000000013,s3*s4,0,0.8977144154934007,-0.2994319963678349
contour_3e-13_R4.8,0.015000000000000013,s3*s4,1,-0.35127644209725406,0.14623201233297592
contour_3e-13_R4.8,0.015000000000000013,s1*s4,0,-8.761857042898757,-14.629431199609325
contour_3e-13_R4.8,0.015000000000000013,s1*s4,1,5.246688208597006,6.683208398618651
contour_3e-13_R4.8,0.030000000000000027,s1*s2,0,-82.07669981700215,-27.29381823371741
contour_3e-13_R4.8,0.030000000000000027,s1*s2,1,37.611663700409494,2.499122906521241
contour_3e-13_R4.8,0.030000000000000027,s2*s3,0,2.599815786201696,8.34640486620317
contour_3e-13_R4.8,0.030000000000000027,s2*s3,1,-2.706282204388568,-2.788219641879416
contour_3e-13_R4.8,0.030000000000000027,s3*s4,0,0.8977144210427082,-0.29943199020658096
contour_3e-13_R4.8,0.030000000000000027,s3*s4,1,-0.3512764451707648,0.1462320096445371
contour_3e-13_R4.8,0.030000000000000027,s1*s4,0,-8.761856953259223,-14.629431331266284
contour_3e-13_R4.8,0.030000000000000027,s1*s4,1,5.2466881724484375,6.683208467825275
contour_3e-13_R4.8,0.044999999999999984,s1*s2,0,-82.07669771669828,-27.293816190721
contour_3e-13_R4.8,0.044999999999999984,s1*s2,1,37.61166260461202,2.499122423062366
contour_3e-13_R4.8,0.044999999999999984,s2*s3,0,2.599815730888566,8.346404566809484
contour_3e-13_R4.8,0.044999999999999984,s2*s3,1,-2.7062821392940424,-2.7882195393961804
contour_3e-13_R4.8,0.044999999999999984,s3*s4,0,0.8977143943523959,-0.29943200232669864
contour_3e-13_R4.8,0.044999999999999984,s3*s4,1,-0.35127643291089616,0.1462320107884995
contour_3e-13_R4.8,0.044999999999999984,s1*s4,0,-8.76185701298849,-14.629430616981695
contour_3e-13_R4.8,0.044999999999999984,s1*s4,1,5.246688088448816,6.683208179380673
contour_3e-13_R4.8,0.06,s1*s2,0,-82.07669838400658,-27.293819513485836
contour_3e-13_R4.8,0.06,s1*s2,1,37.61166312459468,2.4991238326964753
contour_3e-13_R4.8,0.06,s2*s3,0,2.599815554175825,8.346404839119499
contour_3e-13_R4.8,0.06,s2*s3,1,-2.706282079517152,-2.7882196654624707
contour_3e-13_R4.8,0.06,s3*s4,0,0.8977144175793771,-0.2994319738516512
contour_3e-13_R4.8,0.06,s3*s4,1,-0.35127644552898823,0.14623199975101195
contour_3e-13_R4.8,0.06,s1*s4,0,-8.761856595933365,-14.629431260588442
contour_3e-13_R4.8,0.06,s1*s4,1,5.246687958753452,6.683208493776854
contour_3e-13_R4.8,0.07500000000000001,s1*s2,0,-82.07668722197107,-27.293793549577494
contour_3e-13_R4.8,0.07500000000000001,s1*s2,1,37.61165712355535,2.4991140410215396
contour_3e-13_R4.8,0.07500000000000001,s2*s3,0,2.5998164242314443,8.346402395386184
contour_3e-13_R4.8,0.07500000000000001,s2*s3,1,-2.706282305109715,-2.7882186918024816
contour_3e-13_R4.8,0.07500000000000001,s3*s4,0,0.8977141769149817,-0.29943217865694394
contour_3e-13_R4.8,0.07500000000000001,s3*s4,1,-0.35127633097724187,0.14623206933773183
contour_3e-13_R4.8,0.07500000000000001,s1*s4,0,-8.76185887659056,-14.629425055623615
contour_3e-13_R4.8,0.07500000000000001,s1*s4,1,5.246688408343629,6.683205830754395
contour_3e-13_R4.8,0.08999999999999997,s1*s2,0,-82.07667259075268,-27.293757356893245
contour_3e-13_R4.8,0.08999999999999997,s1*s2,1,37.611650196664954,2.4990997913229753
contour_3e-13_R4.8,0.08999999999999997,s2*s3,0,2.5998178170867057,8.346399199907351
contour_3e-13_R4.8,0.08999999999999997,s2*s3,1,-2.7062828362336786,-2.7882174370439836
contour_3e-13_R4.8,0.08999999999999997,s3*s4,0,0.8977138325141262,-0.299432465925741
contour_3e-13_R4.8,0.08999999999999997,s3*s4,1,-0.351276174497799,0.1462321750243629
contour_3e-13_R4.8,0.08999999999999997,s1*s4,0,-8.76186186823767,-14.629416571377215
contour_3e-13_R4.8,0.08999999999999997,s1*s4,1,5.246689213581073,6.683202314606638
contour_3e-13_R4.8,0.10499999999999998,s1*s2,0,-82.07668952805673,-27.293797915196805
contour_3e-13_R4.8,0.10499999999999998,s1*s2,1,37.611660664356876,2.4991147203863227
contour_3e-13_R4.8,0.10499999999999998,s2*s3,0,2.5998164207998453,8.346403160101659
contour_3e-13_R4.8,0.10499999999999998,s2*s3,1,-2.7062826175240056,-2.7882190926157375
contour_3e-13_R4.8,0.10499999999999998,s3*s4,0,0.8977141890404111,-0.29943215182004235
contour_3e-13_R4.8,0.10499999999999998,s3*s4,1,-0.35127635323989886,0.14623207648141795
contour_3e-13_R4.8,0.10499999999999998,s1*s4,0,-8.761857969057306,-14.629426000434359
contour_3e-13_R4.8,0.10499999999999998,s1*s4,1,5.246688584147291,6.683206549630982
contour_3e-13_R4.8,0.12,s1*s2,0,-82.07673723193068,-27.293926902387
contour_3e-13_R4.8,0.12,s1*s2,1,37.611685376159095,2.4991654782348593
contour_3e-13_R4.8,0.12,s2*s3,0,2.599811023517007,8.34641459684375
contour_3e-13_R4.8,0.12,s2*s3,1,-2.7062807452878634,-2.7882237558002787
contour_3e-13_R4.8,0.12,s3*s4,0,0.8977153508481139,-0.2994311322212298
contour_3e-13_R4.8,0.12,s3*s4,1,-0.3512768941866449,0.14623170756667217
contour_3e-13_R4.8,0.12,s1*s4,0,-8.761846212666029,-14.629454992186094
contour_3e-13_R4.8,0.12,s1*s4,1,5.246685423872387,6.683218909508448
contour_3e-13_R4.8,0.135,s1*s2,0,-82.0767498740405,-27.29397110912569
contour_3e-13_R4.8,0.135,s1*s2,1,37.611690099461335,2.49918437847398
contour_3e-13_R4.8,0.135,s2*s3,0,2.5998086872607225,8.346418057683188
contour_3e-13_R4.8,0.135,s2*s3,1,-2.706279606497692,-2.788225149143516
contour_3e-13_R4.8,0.135,s3*s4,0,0.8977157418186625,-0.29943077381675826
contour_3e-13_R4.8,0.135,s3*s4,1,-0.3512770624991759,0.1462315568259182
contour_3e-13_R4.8,0.135,s1*s4,0,-8.761842130576298,-14.629464216701482
contour_3e-13_R4.8,0.135,s1*s4,1,5.246683723424343,6.683222650375377
contour_3e-13_R4.8,0.15000000000000002,s1*s2,0,-82.07670636178534,-27.293834354756722
contour_3e-13_R4.8,0.15000000000000002,s1*s2,1,37.61166875942771,2.4991290090272402
contour_3e-13_R4.8,0.15000000000000002,s2*s3,0,2.5998151168604204,8.346406540010058
contour_3e-13_R4.8,0.15000000000000002,s2*s3,1,-2.706282143930267,-2.788220449150689
contour_3e-13_R4.8,0.15000000000000002,s3*s4,0,0.897714556211465,-0.2994318780676939
contour_3e-13_R4.8,0.15000000000000002,s3*s4,1,-0.3512765202775947,0.14623197896468532
contour_3e-13_R4.8,0.15000000000000002,s1*s4,0,-8.761855312189132,-14.629434785453727
contour_3e-13_R4.8,0.15000000000000002,s1*s4,1,5.246687951629038,6.683210206078256
contour_3e-13_R4.8,0.16499999999999998,s1*s2,0,-82.07670542730112,-27.293837025904224
contour_3e-13_R4.8,0.16499999999999998,s1*s2,1,37.61166897007169,2.4991303508654914
contour_3e-13_R4.8,0.16499999999999998,s2*s3,0,2.59981484031001,8.34640668414176
contour_3e-13_R4.8,0.16499999999999998,s2*s3,1,-2.7062820587054603,-2.7882205720786404
contour_3e-13_R4.8,0.16499999999999998,s3*s4,0,0.897714560347279,-0.29943185164011427
contour_3e-13_R4.8,0.16499999999999998,s3*s4,1,-0.3512765281292511,0.14623196876767763
contour_3e-13_R4.8,0.16499999999999998,s1*s4,0,-8.761854738447346,-14.629434996588277
contour_3e-13_R4.8,0.16499999999999998,s1*s4,1,5.246687758933842,6.683210424939061
contour_3e-13_R4.8,0.18,s1*s2,0,-82.0767009692692,-27.29384088912651
contour_3e-13_R4.8,0.18,s1*s2,1,37.61166805296231,2.4991328103117665
contour_3e-13_R4.8,0.18,s2*s3,0,2.599814208322628,8.346406674184905
contour_3e-13_R4.8,0.18,s2*s3,1,-2.706281808559136,-2.7882207032881494
contour_3e-13_R4.8,0.18,s3*s4,0,0.897714538302952,-0.2994317988171285
contour_3e-13_R4.8,0.18,s3*s4,1,-0.3512765308152418,0.14623194355351504
contour_3e-13_R4.8,0.18,s1*s4,0,-8.761853440523861,-14.629434793521607
contour_3e-13_R4.8,0.18,s1*s4,1,5.246687209523581,6.683210620327709
contour_3e-13_R4.8,0.195,s1*s2,0,-82.07668757687628,-27.293846112262223
contour_3e-13_R4.8,0.195,s1*s2,1,37.611664944616315,2.499137021342713
contour_3e-13_R4.8,0.195,s2*s3,0,2.59981282969403,8.346406220596613
contour_3e-13_R4.8,0.195,s2*s3,1,-2.7062812896183237,-2.788220852213903
contour_3e-13_R4.8,0.195,s3*s4,0,0.8977144343618201,-0.2994316941613674
contour_3e-13_R4.8,0.195,s3*s4,1,-0.3512765177118525,0.1462318926065365
contour_3e-13_R4.8,0.195,s1*s4,0,-8.761850435332043,-14.6294332720231
contour_3e-13_R4.8,0.195,s1*s4,1,5.246685964673247,6.68321070551948
contour_3e-13_R4.8,0.20999999999999996,s1*s2,0,-82.07671247695934,-27.293861679661966
contour_3e-13_R4.8,0.20999999999999996,s1*s2,1,37.611674866353056,2.499140101844874
contour_3e-13_R4.8,0.20999999999999996,s2*s3,0,2.5998135561184843,8.346408906539729
contour_3e-13_R4.8,0.20999999999999996,s2*s3,1,-2.7062817657686806,-2.7882216646241966
contour_3e-13_R4.8,0.20999999999999996,s3*s4,0,0.8977147530158349,-0.2994316636160315
contour_3e-13_R4.8,0.20999999999999996,s3*s4,1,-0.3512766335736842,0.1462319102232895
contour_3e-13_R4.8,0.20999999999999996,s1*s4,0,-8.761852013195593,-14.629439869042564
contour_3e-13_R4.8,0.20999999999999996,s1*s4,1,5.246687174238442,6.683212840664622
contour_3e-13_R4.8,0.22499999999999998,s1*s2,0,-82.07674584857648,-27.293875108319646
contour_3e-13_R4.8,0.22499999999999998,s1*s2,1,37.61168535326543,2.499141729043268
contour_3e-13_R4.8,0.22499999999999998,s2*s3,0,2.59981496937276,8.346411917286712
contour_3e-13_R4.8,0.22499999999999998,s2*s3,1,-2.7062823372581706,-2.7882223629670237
contour_3e-13_R4.8,0.22499999999999998,s3*s4,0,0.8977151517634759,-0.299431695162597
contour_3e-13_R4.8,0.22499999999999998,s3*s4,1,-0.35127675374656575,0.14623194563995479
contour_3e-13_R4.8,0.22499999999999998,s1*s4,0,-8.761855479314216,-14.62944750269212
contour_3e-13_R4.8,0.22499999999999998,s1*s4,1,5.246688823521085,6.683214823641349
contour_3e-13_R4.8,0.24,s1*s2,0,-82.07671304580032,-27.293872191082876
contour_3e-13_R4.8,0.24,s1*s2,1,37.61167618006785,2.4991451467784014
contour_3e-13_R4.8,0.24,s2*s3,0,2.599812784267607,8.34640965537665
contour_3e-13_R4.8,0.24,s2*s3,1,-2.7062814655485212,-2.7882221080244927
contour_3e-13_R4.8,0.24,s3*s4,0,0.8977148174200112,-0.2994315742795954
contour_3e-13_R4.8,0.24,s3*s4,1,-0.35127667330851386,0.14623187336566326
contour_3e-13_R4.8,0.24,s1*s4,0,-8.76185056760991,-14.629441513527013
contour_3e-13_R4.8,0.24,s1*s4,1,5.246686629027957,6.683213778158733
balanced_contour_1e-08_R4.8,-0.24,s1*s2,0,-82.0766925584983,-27.293812058469854
balanced_contour_1e-08_R4.8,-0.24,s1*s2,1,37.61166033877307,2.4991206739799168
balanced_contour_1e-08_R4.8,-0.24,s2*s3,0,2.599815414574385,8.346404080066332
balanced_contour_1e-08_R4.8,-0.24,s2*s3,1,-2.7062820366869182,-2.788219386937923
balanced_contour_1e-08_R4.8,-0.24,s3*s4,0,0.8977143231037278,-0.2994320423968868
balanced_contour_1e-08_R4.8,-0.24,s3*s4,1,-0.35127639531364624,0.14623202695040471
balanced_contour_1e-08_R4.8,-0.24,s1*s4,0,-8.761856867989978,-14.629428635683555
balanced_contour_1e-08_R4.8,-0.24,s1*s4,1,5.246687889113081,6.683207321421439
balanced_contour_1e-08_R4.8,-0.22499999999999998,s1*s2,0,-82.07669285352726,-27.29381358299916
balanced_contour_1e-08_R4.8,-0.22499999999999998,s1*s2,1,37.61166063829652,2.4991213767729374
balanced_contour_1e-08_R4.8,-0.22499999999999998,s2*s3,0,2.5998153492668035,8.346404233254765
balanced_contour_1e-08_R4.8,-0.22499999999999998,s2*s3,1,-2.706282023170574,-2.788219462377623
balanced_contour_1e-08_R4.8,-0.22499999999999998,s3*s4,0,0.897714330464466,-0.29943202922188006
balanced_contour_1e-08_R4.8,-0.22499999999999998,s3*s4,1,-0.35127640054033693,0.14623202097221233
balanced_contour_1e-08_R4.8,-0.22499999999999998,s1*s4,0,-8.761856615321078,-14.629428923802644
balanced_contour_1e-08_R4.8,-0.22499999999999998,s1*s4,1,5.246687802594808,6.683207494268644
balanced_contour_1e-08_R4.8,-0.21,s1*s2,0,-82.07669204729072,-27.293811359917264
balanced_contour_1e-08_R4.8,-0.21,s1*s2,1,37.61166012390579,2.4991204900622908
balanced_contour_1e-08_R4.8,-0.21,s2*s3,0,2.599815427842887,8.346404009653428
balanced_contour_1e-08_R4.8,-0.21,s2*s3,1,-2.7062820387683297,-2.7882193669778315
balanced_contour_1e-08_R4.8,-0.21,s3*s4,0,0.8977143136160861,-0.2994320469120294
balanced_contour_1e-08_R4.8,-0.21,s3*s4,1,-0.35127639152701196,0.14623202757138754
balanced_contour_1e-08_R4.8,-0.21,s1*s4,0,-8.761856876898364,-14.629428432060385
balanced_contour_1e-08_R4.8,-0.21,s1*s4,1,5.246687868467581,6.6832072570806
balanced_contour_1e-08_R4.8,-0.195,s1*s2,0,-82.07669235343023,-27.293811799014577
balanced_contour_1e-08_R4.8,-0.195,s1*s2,1,37.61166033376522,2.4991207302077694
balanced_contour_1e-08_R4.8,-0.195,s2*s3,0,2.599815412764492,8.346404064473877
balanced_contour_1e-08_R4.8,-0.195,s2*s3,1,-2.7062820344638743,-2.7882193995460565
balanced_contour_1e-08_R4.8,-0.195,s3*s4,0,0.8977143187251758,-0.29943204500548365
balanced_contour_1e-08_R4.8,-0.195,s3*s4,1,-0.35127639470182864,0.14623202664529167
balanced_contour_1e-08_R4.8,-0.195,s1*s4,0,-8.761856857673726,-14.62942853743408
balanced_contour_1e-08_R4.8,-0.195,s1*s4,1,5.24668786413741,6.683207323194953
balanced_contour_1e-08_R4.8,-0.18,s1*s2,0,-82.07669460643672,-27.293813298821938
balanced_contour_1e-08_R4.8,-0.18,s1*s2,1,37.61166157927877,2.4991214233049197
balanced_contour_1e-08_R4.8,-0.18,s2*s3,0,2.59981542208266,8.346404322990134
balanced_contour_1e-08_R4.8,-0.18,s2*s3,1,-2.706282051146535,-2.7882195365011624
balanced_contour_1e-08_R4.8,-0.18,s3*s4,0,0.8977143495567048,-0.2994320460069726
balanced_contour_1e-08_R4.8,-0.18,s3*s4,1,-0.35127641066407117,0.14623202845418276
balanced_contour_1e-08_R4.8,-0.18,s1*s4,0,-8.761857023979198,-14.629429065789779
balanced_contour_1e-08_R4.8,-0.18,s1*s4,1,5.246687970153826,6.683207593370765
balanced_contour_1e-08_R4.8,-0.16499999999999998,s1*s2,0,-82.07669489945675,-27.293814473282062
balanced_contour_1e-08_R4.8,-0.16499999999999998,s1*s2,1,37.611661879395605,2.4991218615762185
balanced_contour_1e-08_R4.8,-0.16499999999999998,s2*s3,0,2.5998153879524164,8.346404457528335
balanced_contour_1e-08_R4.8,-0.16499999999999998,s2*s3,1,-2.7062820594461447,-2.788219594633087
balanced_contour_1e-08_R4.8,-0.16499999999999998,s3*s4,0,0.8977143543052128,-0.2994320357691014
balanced_contour_1e-08_R4.8,-0.16499999999999998,s3*s4,1,-0.3512764143048375,0.14623202470989102
balanced_contour_1e-08_R4.8,-0.16499999999999998,s1*s4,0,-8.761856810207373,-14.629429302864676
balanced_contour_1e-08_R4.8,-0.16499999999999998,s1*s4,1,5.246687920230927,6.683207728649511
balanced_contour_1e-08_R4.8,-0.15,s1*s2,0,-82.07669905281092,-27.293844286572735
balanced_contour_1e-08_R4.8,-0.15,s1*s2,1,37.61166746143318,2.4991326046199305
balanced_contour_1e-08_R4.8,-0.15,s2*s3,0,2.599814506344826,8.34640792743599
balanced_contour_1e-08_R4.8,-0.15,s2*s3,1,-2.7062822892780733,-2.788220985533262
balanced_contour_1e-08_R4.8,-0.15,s3*s4,0,0.8977144106980162,-0.29943175426922386
balanced_contour_1e-08_R4.8,-0.15,s3*s4,1,-0.35127647263906203,0.14623191543095315
balanced_contour_1e-08_R4.8,-0.15,s1*s4,0,-8.761850233590016,-14.629434828713093
balanced_contour_1e-08_R4.8,-0.15,s1*s4,1,5.2466861331587,6.68321089468604
balanced_contour_1e-08_R4.8,-0.135,s1*s2,0,-82.07670384261877,-27.293853768450404
balanced_contour_1e-08_R4.8,-0.135,s1*s2,1,37.61167044705516,2.499135666008161
balanced_contour_1e-08_R4.8,-0.135,s2*s3,0,2.5998144934491854,8.346409033648001
balanced_contour_1e-08_R4.8,-0.135,s2*s3,1,-2.7062824347647374,-2.7882213809388823
balanced_contour_1e-08_R4.8,-0.135,s3*s4,0,0.8977144797561962,-0.29943166926524534
balanced_contour_1e-08_R4.8,-0.135,s3*s4,1,-0.35127651125542775,0.14623188832822057
balanced_contour_1e-08_R4.8,-0.135,s1*s4,0,-8.761849010306488,-14.629437413346622
balanced_contour_1e-08_R4.8,-0.135,s1*s4,1,5.2466860042951335,6.68321209109867
balanced_contour_1e-08_R4.8,-0.12,s1*s2,0,-82.0766980242395,-27.293816665369686
balanced_contour_1e-08_R4.8,-0.12,s1*s2,1,37.611663583718936,2.4991221368865997
balanced_contour_1e-08_R4.8,-0.12,s2*s3,0,2.5998156543775472,8.346404912125445
balanced_contour_1e-08_R4.8,-0.12,s2*s3,1,-2.706282255912707,-2.788219725034787
balanced_contour_1e-08_R4.8,-0.12,s3*s4,0,0.8977143782380147,-0.29943201827153054
balanced_contour_1e-08_R4.8,-0.12,s3*s4,1,-0.3512764277441197,0.14623202236188215
balanced_contour_1e-08_R4.8,-0.12,s1*s4,0,-8.761856626072898,-14.629430346542756
balanced_contour_1e-08_R4.8,-0.12,s1*s4,1,5.246688055978913,6.683208189310225
balanced_contour_1e-08_R4.8,-0.10499999999999998,s1*s2,0,-82.0766929417773,-27.29378799125737
balanced_contour_1e-08_R4.8,-0.10499999999999998,s1*s2,1,37.61165851311985,2.4991115254707132
balanced_contour_1e-08_R4.8,-0.10499999999999998,s2*s3,0,2.5998165829734448,8.346402013935858
balanced_contour_1e-08_R4.8,-0.10499999999999998,s2*s3,1,-2.706282235978429,-2.788218574854134
balanced_contour_1e-08_R4.8,-0.10499999999999998,s3*s4,0,0.8977142635378355,-0.2994322940151022
balanced_contour_1e-08_R4.8,-0.10499999999999998,s3*s4,1,-0.35127634999394725,0.14623212664736682
balanced_contour_1e-08_R4.8,-0.10499999999999998,s1*s4,0,-8.761861864465853,-14.62942456349111
balanced_contour_1e-08_R4.8,-0.10499999999999998,s1*s4,1,5.246689426986052,6.683205192895253
balanced_contour_1e-08_R4.8,-0.09,s1*s2,0,-82.0766940993989,-27.29379354960805
balanced_contour_1e-08_R4.8,-0.09,s1*s2,1,37.6116596471963,2.4991135525180317
balanced_contour_1e-08_R4.8,-0.09,s2*s3,0,2.5998164648428905,8.346402639546358
balanced_contour_1e-08_R4.8,-0.09,s2*s3,1,-2.7062822818970353,-2.7882188184914627
balanced_contour_1e-08_R4.8,-0.09,s3*s4,0,0.8977142807447974,-0.2994322396420582
balanced_contour_1e-08_R4.8,-0.09,s3*s4,1,-0.35127636394207246,0.1462321055753093
balanced_contour_1e-08_R4.8,-0.09,s1*s4,0,-8.761860748919657,-14.6294257317412
balanced_contour_1e-08_R4.8,-0.09,s1*s4,1,5.246689141500887,6.68320582347079
balanced_contour_1e-08_R4.8,-0.07500000000000001,s1*s2,0,-82.07669771447593,-27.293812576863616
balanced_contour_1e-08_R4.8,-0.07500000000000001,s1*s2,1,37.6116628528182,2.499120782970993
balanced_contour_1e-08_R4.8,-0.07500000000000001,s2*s3,0,2.5998158362109445,8.34640442913534
balanced_contour_1e-08_R4.8,-0.07500000000000001,s2*s3,1,-2.706282230020238,-2.7882195251567135
balanced_contour_1e-08_R4.8,-0.07500000000000001,s3*s4,0,0.8977143730692559,-0.29943205345036966
balanced_contour_1e-08_R4.8,-0.07500000000000001,s3*s4,1,-0.35127642180875474,0.14623203453526898
balanced_contour_1e-08_R4.8,-0.07500000000000001,s1*s4,0,-8.76185756189099,-14.62942971827018
balanced_contour_1e-08_R4.8,-0.07500000000000001,s1*s4,1,5.246688305098187,6.683207816544464
balanced_contour_1e-08_R4.8,-0.06,s1*s2,0,-82.07669898620597,-27.293817488721544
balanced_contour_1e-08_R4.8,-0.06,s1*s2,1,37.611663762491645,2.499122667607135
balanced_contour_1e-08_R4.8,-0.06,s2*s3,0,2.59981568887987,8.3464048770132
balanced_contour_1e-08_R4.8,-0.06,s2*s3,1,-2.7062822100085997,-2.788219699862273
balanced_contour_1e-08_R4.8,-0.06,s3*s4,0,0.8977144036072418,-0.2994320061024572
balanced_contour_1e-08_R4.8,-0.06,s3*s4,1,-0.35127643934475433,0.14623201669982674
balanced_contour_1e-08_R4.8,-0.06,s1*s4,0,-8.761856856409056,-14.629430826432543
balanced_contour_1e-08_R4.8,-0.06,s1*s4,1,5.246688132158369,6.68320834557095
balanced_contour_1e-08_R4.8,-0.044999999999999984,s1*s2,0,-82.07670001101756,-27.293816634094085
balanced_contour_1e-08_R4.8,-0.044999999999999984,s1*s2,1,37.611664125964886,2.4991222052749507
balanced_contour_1e-08_R4.8,-0.044999999999999984,s2*s3,0,2.599815831796524,8.346404872600743
balanced_contour_1e-08_R4.8,-0.044999999999999984,s2*s3,1,-2.7062822678007565,-2.7882196845683898
balanced_contour_1e-08_R4.8,-0.044999999999999984,s3*s4,0,0.89771440960343,-0.2994320175216015
balanced_contour_1e-08_R4.8,-0.044999999999999984,s3*s4,1,-0.3512764410648428,0.1462320224444592
balanced_contour_1e-08_R4.8,-0.044999999999999984,s1*s4,0,-8.76185716282551,-14.629430887559895
balanced_contour_1e-08_R4.8,-0.044999999999999984,s1*s4,1,5.2466882737842,6.683208339133417
balanced_contour_1e-08_R4.8,-0.03,s1*s2,0,-82.07669997097821,-27.29381683714831
balanced_contour_1e-08_R4.8,-0.03,s1*s2,1,37.6116639755015,2.499122149361976
balanced_contour_1e-08_R4.8,-0.03,s2*s3,0,2.5998158829873383,8.346404858431347
balanced_contour_1e-08_R4.8,-0.03,s2*s3,1,-2.7062822858265605,-2.788219647372031
balanced_contour_1e-08_R4.8,-0.03,s3*s4,0,0.8977144092740528,-0.29943200854674146
balanced_contour_1e-08_R4.8,-0.03,s3*s4,1,-0.35127644016144133,0.14623201908768568
balanced_contour_1e-08_R4.8,-0.03,s1*s4,0,-8.76185709238567,-14.629431039299423
balanced_contour_1e-08_R4.8,-0.03,s1*s4,1,5.246688267271155,6.683208366269586
balanced_contour_1e-08_R4.8,-0.015000000000000013,s1*s2,0,-82.07669985694241,-27.293816918356754
balanced_contour_1e-08_R4.8,-0.015000000000000013,s1*s2,1,37.611663813553726,2.4991222170531993
balanced_contour_1e-08_R4.8,-0.015000000000000013,s2*s3,0,2.5998158816722525,8.346404825841159
balanced_contour_1e-08_R4.8,-0.015000000000000013,s2*s3,1,-2.7062822696205777,-2.788219624957615
balanced_contour_1e-08_R4.8,-0.015000000000000013,s3*s4,0,0.8977144106022739,-0.29943200478935106
balanced_contour_1e-08_R4.8,-0.015000000000000013,s3*s4,1,-0.3512764403370339,0.14623201692268423
balanced_contour_1e-08_R4.8,-0.015000000000000013,s1*s4,0,-8.76185709367613,-14.629431083207912
balanced_contour_1e-08_R4.8,-0.015000000000000013,s1*s4,1,5.246688254743234,6.683208367388552
balanced_contour_1e-08_R4.8,0.0,s1*s2,0,-82.07669959558172,-27.293816804371577
balanced_contour_1e-08_R4.8,0.0,s1*s2,1,37.611663511368945,2.499122220102537
balanced_contour_1e-08_R4.8,0.0,s2*s3,0,2.599815882491355,8.346404758854435
balanced_contour_1e-08_R4.8,0.0,s2*s3,1,-2.7062822457607494,-2.7882195840881874
balanced_contour_1e-08_R4.8,0.0,s3*s4,0,0.89771441050331,-0.29943200171274753
balanced_contour_1e-08_R4.8,0.0,s3*s4,1,-0.3512764393386956,0.14623201465210736
balanced_contour_1e-08_R4.8,0.0,s1*s4,0,-8.761857119213905,-14.629431082424297
balanced_contour_1e-08_R4.8,0.0,s1*s4,1,5.246688238966068,6.683208337142391
balanced_contour_1e-08_R4.8,0.015000000000000013,s1*s2,0,-82.07669885976884,-27.2938179872222
balanced_contour_1e-08_R4.8,0.015000000000000013,s1*s2,1,37.611663010010034,2.4991228949475497
balanced_contour_1e-08_R4.8,0.015000000000000013,s2*s3,0,2.5998157480156046,8.346404732458822
balanced_contour_1e-08_R4.8,0.015000000000000013,s2*s3,1,-2.706282153826171,-2.7882195687333504
balanced_contour_1e-08_R4.8,0.015000000000000013,s3*s4,0,0.8977144145396174,-0.2994319843833235
balanced_contour_1e-08_R4.8,0.015000000000000013,s3*s4,1,-0.3512764408692535,0.1462320053961084
balanced_contour_1e-08_R4.8,0.015000000000000013,s1*s4,0,-8.76185690353706,-14.629431210118947
balanced_contour_1e-08_R4.8,0.015000000000000013,s1*s4,1,5.246688104982901,6.683208377680308
balanced_contour_1e-08_R4.8,0.030000000000000027,s1*s2,0,-82.0766982884437,-27.29381596080337
balanced_contour_1e-08_R4.8,0.030000000000000027,s1*s2,1,37.61166231623954,2.4991219674889393
balanced_contour_1e-08_R4.8,0.030000000000000027,s2*s3,0,2.5998158807803633,8.346404506767497
balanced_contour_1e-08_R4.8,0.030000000000000027,s2*s3,1,-2.706282175992443,-2.788219432667393
balanced_contour_1e-08_R4.8,0.030000000000000027,s3*s4,0,0.8977144012082826,-0.2994319956450007
balanced_contour_1e-08_R4.8,0.030000000000000027,s3*s4,1,-0.3512764313572883,0.14623200893753668
balanced_contour_1e-08_R4.8,0.030000000000000027,s1*s4,0,-8.76185716552839,-14.629430894666857
balanced_contour_1e-08_R4.8,0.030000000000000027,s1*s4,1,5.246688169709801,6.683208155719283
balanced_contour_1e-08_R4.8,0.044999999999999984,s1*s2,0,-82.07670238555083,-27.293813027880628
balanced_contour_1e-08_R4.8,0.044999999999999984,s1*s2,1,37.61166392599171,2.499120374532463
balanced_contour_1e-08_R4.8,0.044999999999999984,s2*s3,0,2.5998163579994427,8.346404595404005
balanced_contour_1e-08_R4.8,0.044999999999999984,s2*s3,1,-2.706282389843754,-2.7882194421575535
balanced_contour_1e-08_R4.8,0.044999999999999984,s3*s4,0,0.8977144243396136,-0.2994320452007477
balanced_contour_1e-08_R4.8,0.044999999999999984,s3*s4,1,-0.3512764379514928,0.14623203311835295
balanced_contour_1e-08_R4.8,0.044999999999999984,s1*s4,0,-8.761858269925291,-14.629431051785904
balanced_contour_1e-08_R4.8,0.044999999999999984,s1*s4,1,5.2466886693562875,6.683208136508401
balanced_contour_1e-08_R4.8,0.06,s1*s2,0,-82.07670227302525,-27.293815977365306
balanced_contour_1e-08_R4.8,0.06,s1*s2,1,37.61166374767794,2.499121807000714
balanced_contour_1e-08_R4.8,0.06,s2*s3,0,2.599816134134307,8.346404735535359
balanced_contour_1e-08_R4.8,0.06,s2*s3,1,-2.706282263580487,-2.788219501161546
balanced_contour_1e-08_R4.8,0.06,s3*s4,0,0.897714443618781,-0.29943201542365766
balanced_contour_1e-08_R4.8,0.06,s3*s4,1,-0.3512764466110649,0.1462320187544606
balanced_contour_1e-08_R4.8,0.06,s1*s4,0,-8.761857884623057,-14.629431539928964
balanced_contour_1e-08_R4.8,0.06,s1*s4,1,5.246688472625315,6.683208341516387
balanced_contour_1e-08_R4.8,0.07500000000000001,s1*s2,0,-82.07669673874156,-27.29380189940842
balanced_contour_1e-08_R4.8,0.07500000000000001,s1*s2,1,37.61166019628445,2.499116312974224
balanced_contour_1e-08_R4.8,0.07500000000000001,s2*s3,0,2.5998166827559297,8.346403381046635
balanced_contour_1e-08_R4.8,0.07500000000000001,s2*s3,1,-2.7062823845877224,-2.7882189020480466
balanced_contour_1e-08_R4.8,0.07500000000000001,s3*s4,0,0.8977143215661824,-0.2994321226813041
balanced_contour_1e-08_R4.8,0.07500000000000001,s3*s4,1,-0.3512763836377179,0.1462320544160199
balanced_contour_1e-08_R4.8,0.07500000000000001,s1*s4,0,-8.761859256894187,-14.629428383832094
balanced_contour_1e-08_R4.8,0.07500000000000001,s1*s4,1,5.246688747243996,6.68320686999947
balanced_contour_1e-08_R4.8,0.08999999999999997,s1*s2,0,-82.07667609700789,-27.293746734993697
balanced_contour_1e-08_R4.8,0.08999999999999997,s1*s2,1,37.6116489858362,2.4990947314561303
balanced_contour_1e-08_R4.8,0.08999999999999997,s2*s3,0,2.5998188844264485,8.346398441153205
balanced_contour_1e-08_R4.8,0.08999999999999997,s2*s3,1,-2.7062830896764036,-2.7882168755943506
balanced_contour_1e-08_R4.8,0.08999999999999997,s3*s4,0,0.8977138292666438,-0.2994325635769998
balanced_contour_1e-08_R4.8,0.08999999999999997,s3*s4,1,-0.35127614857645,0.14623221144907816
balanced_contour_1e-08_R4.8,0.08999999999999997,s1*s4,0,-8.761864386179832,-14.629415847914544
balanced_contour_1e-08_R4.8,0.08999999999999997,s1*s4,1,5.2466900159325744,6.683201437355391
balanced_contour_1e-08_R4.8,0.10499999999999998,s1*s2,0,-82.07667463381179,-27.293730724939596
balanced_contour_1e-08_R4.8,0.10499999999999998,s1*s2,1,37.61164905432729,2.4990873934855324
balanced_contour_1e-08_R4.8,0.10499999999999998,s2*s3,0,2.599819968875039,8.346397511526616
balanced_contour_1e-08_R4.8,0.10499999999999998,s2*s3,1,-2.7062836857234673,-2.7882165035334294
balanced_contour_1e-08_R4.8,0.10499999999999998,s3*s4,0,0.8977137067359118,-0.2994327123623922
balanced_contour_1e-08_R4.8,0.10499999999999998,s3*s4,1,-0.3512760968995336,0.1462322795415663
balanced_contour_1e-08_R4.8,0.10499999999999998,s1*s4,0,-8.761866174385075,-14.629412918063668
balanced_contour_1e-08_R4.8,0.10499999999999998,s1*s4,1,5.246690899024707,6.683200277692333
balanced_contour_1e-08_R4.8,0.12,s1*s2,0,-82.07672422350348,-27.29383745672771
balanced_contour_1e-08_R4.8,0.12,s1*s2,1,37.6116743897095,2.499127241079311
balanced_contour_1e-08_R4.8,0.12,s2*s3,0,2.599816409612343,8.346407774210924
balanced_contour_1e-08_R4.8,0.12,s2*s3,1,-2.706282724519189,-2.7882205556902884
balanced_contour_1e-08_R4.8,0.12,s3*s4,0,0.897714745028819,-0.2994319076227131
balanced_contour_1e-08_R4.8,0.12,s3*s4,1,-0.35127657429016296,0.14623201116492476
balanced_contour_1e-08_R4.8,0.12,s1*s4,0,-8.761857686833803,-14.629438695276544
balanced_contour_1e-08_R4.8,0.12,s1*s4,1,5.246689283671286,6.6832110747790585
balanced_contour_1e-08_R4.8,0.135,s1*s2,0,-82.07678748005628,-27.29399391452933
balanced_contour_1e-08_R4.8,0.135,s1*s2,1,37.61170381147314,2.4991890628622118
balanced_contour_1e-08_R4.8,0.135,s2*s3,0,2.5998100008967135,8.346421802370434
balanced_contour_1e-08_R4.8,0.135,s2*s3,1,-2.7062802539548705,-2.7882261328418894
balanced_contour_1e-08_R4.8,0.135,s3*s4,0,0.8977162338063164,-0.2994307081606513
balanced_contour_1e-08_R4.8,0.135,s3*s4,1,-0.351277238065333,0.14623156783918262
balanced_contour_1e-08_R4.8,0.135,s1*s4,0,-8.76184483864146,-14.629474584192094
balanced_contour_1e-08_R4.8,0.135,s1*s4,1,5.246685556312787,6.683225869174686
balanced_contour_1e-08_R4.8,0.15000000000000002,s1*s2,0,-82.07674966541995,-27.293943070154008
balanced_contour_1e-08_R4.8,0.15000000000000002,s1*s2,1,37.61168615939116,2.4991729750742815
balanced_contour_1e-08_R4.8,0.15000000000000002,s2*s3,0,2.5998105446047126,8.346415973753198
balanced_contour_1e-08_R4.8,0.15000000000000002,s2*s3,1,-2.7062800647413505,-2.7882240705369146
balanced_contour_1e-08_R4.8,0.15000000000000002,s3*s4,0,0.8977156105331779,-0.299431035157657
balanced_contour_1e-08_R4.8,0.15000000000000002,s3*s4,1,-0.35127697140139075,0.14623164759308172
balanced_contour_1e-08_R4.8,0.15000000000000002,s1*s4,0,-8.761846752440848,-14.629459787500867
balanced_contour_1e-08_R4.8,0.15000000000000002,s1*s4,1,5.246684972924502,6.683220163603774
balanced_contour_1e-08_R4.8,0.16499999999999998,s1*s2,0,-82.0767096346499,-27.293803954658593
balanced_contour_1e-08_R4.8,0.16499999999999998,s1*s2,1,37.61166429085516,2.4991168173435394
balanced_contour_1e-08_R4.8,0.16499999999999998,s2*s3,0,2.5998174583393365,8.346404302190884
balanced_contour_1e-08_R4.8,0.16499999999999998,s2*s3,1,-2.7062826076930357,-2.7882191518316635
balanced_contour_1e-08_R4.8,0.16499999999999998,s3*s4,0,0.8977144611922017,-0.29943216199715916
balanced_contour_1e-08_R4.8,0.16499999999999998,s3*s4,1,-0.35127643146588905,0.1462320695967556
balanced_contour_1e-08_R4.8,0.16499999999999998,s1*s4,0,-8.761861112045676,-14.62943088329564
balanced_contour_1e-08_R4.8,0.16499999999999998,s1*s4,1,5.246689441343898,6.683207624359653
balanced_contour_1e-08_R4.8,0.18,s1*s2,0,-82.07670873968334,-27.293796469801293
balanced_contour_1e-08_R4.8,0.18,s1*s2,1,37.611662693545085,2.499113739987818
balanced_contour_1e-08_R4.8,0.18,s2*s3,0,2.5998179348941997,8.346403697357411
balanced_contour_1e-08_R4.8,0.18,s2*s3,1,-2.7062827148129323,-2.7882188176390033
balanced_contour_1e-08_R4.8,0.18,s3*s4,0,0.8977144157013999,-0.2994322246601135
balanced_contour_1e-08_R4.8,0.18,s3*s4,1,-0.35127640145824596,0.14623208936958196
balanced_contour_1e-08_R4.8,0.18,s1*s4,0,-8.761862159479763,-14.62942961663844
balanced_contour_1e-08_R4.8,0.18,s1*s4,1,5.246689682329225,6.683206905855906
balanced_contour_1e-08_R4.8,0.195,s1*s2,0,-82.07671094533922,-27.29380291010783
balanced_contour_1e-08_R4.8,0.195,s1*s2,1,37.61166535124939,2.4991156311495764
balanced_contour_1e-08_R4.8,0.195,s2*s3,0,2.599817663085639,8.346404471242428
balanced_contour_1e-08_R4.8,0.195,s2*s3,1,-2.706282812289874,-2.788219202121753
balanced_contour_1e-08_R4.8,0.195,s3*s4,0,0.8977144535853903,-0.2994321819017172
balanced_contour_1e-08_R4.8,0.195,s3*s4,1,-0.3512764281327968,0.14623208471956106
balanced_contour_1e-08_R4.8,0.195,s1*s4,0,-8.76186121876858,-14.629430830817276
balanced_contour_1e-08_R4.8,0.195,s1*s4,1,5.246689657773683,6.683207614960786
balanced_contour_1e-08_R4.8,0.20999999999999996,s1*s2,0,-82.07673572629324,-27.29384303677615
balanced_contour_1e-08_R4.8,0.20999999999999996,s1*s2,1,37.61168253880185,2.4991270751808976
balanced_contour_1e-08_R4.8,0.20999999999999996,s2*s3,0,2.5998167118278483,8.346409209307936
balanced_contour_1e-08_R4.8,0.20999999999999996,s2*s3,1,-2.7062833019956236,-2.7882212534488287
balanced_contour_1e-08_R4.8,0.20999999999999996,s3*s4,0,0.8977148650225034,-0.2994319347917564
balanced_contour_1e-08_R4.8,0.20999999999999996,s3*s4,1,-0.35127663748924215,0.14623206086881763
balanced_contour_1e-08_R4.8,0.20999999999999996,s1*s4,0,-8.76185836761782,-14.629440962369852
balanced_contour_1e-08_R4.8,0.20999999999999996,s1*s4,1,5.246690381136902,6.683212180105223
balanced_contour_1e-08_R4.8,0.22499999999999998,s1*s2,0,-82.07673746985427,-27.29384498906203
balanced_contour_1e-08_R4.8,0.22499999999999998,s1*s2,1,37.61168094652942,2.4991290856290886
balanced_contour_1e-08_R4.8,0.22499999999999998,s2*s3,0,2.59981659516414,8.346409339702008
balanced_contour_1e-08_R4.8,0.22499999999999998,s2*s3,1,-2.7062829825091774,-2.7882212317277117
balanced_contour_1e-08_R4.8,0.22499999999999998,s3*s4,0,0.8977149065311147,-0.2994319282268902
balanced_contour_1e-08_R4.8,0.22499999999999998,s3*s4,1,-0.3512766403211717,0.14623203745597724
balanced_contour_1e-08_R4.8,0.22499999999999998,s1*s4,0,-8.761858625755785,-14.629441522270216
balanced_contour_1e-08_R4.8,0.22499999999999998,s1*s4,1,5.246689960815041,6.683212196868115
balanced_contour_1e-08_R4.8,0.24,s1*s2,0,-82.07673244322781,-27.293857157239977
balanced_contour_1e-08_R4.8,0.24,s1*s2,1,37.61168297840184,2.4991345774661307
balanced_contour_1e-08_R4.8,0.24,s2*s3,0,2.599815351342247,8.346409982696565
balanced_contour_1e-08_R4.8,0.24,s2*s3,1,-2.7062827502955917,-2.7882218350174184
balanced_contour_1e-08_R4.8,0.24,s3*s4,0,0.897714911653779,-0.2994317999293822
balanced_contour_1e-08_R4.8,0.24,s3*s4,1,-0.3512766801614065,0.14623199959820518
balanced_contour_1e-08_R4.8,0.24,s1*s4,0,-8.76185576136214,-14.629442424489246
balanced_contour_1e-08_R4.8,0.24,s1*s4,1,5.246689292143618,6.683213308624611
balanced_contour_1e-10_R4.8,-0.24,s1*s2,0,-82.0766995848918,-27.29381680659266
balanced_contour_1e-10_R4.8,-0.24,s1*s2,1,37.61166351372919,2.499122224777079
balanced_contour_1e-10_R4.8,-0.24,s2*s3,0,2.599815880170608,8.346404759651728
balanced_contour_1e-10_R4.8,-0.24,s2*s3,1,-2.706282245463573,-2.788219585802133
balanced_contour_1e-10_R4.8,-0.24,s3*s4,0,0.8977144103641755,-0.29943200182166085
balanced_contour_1e-10_R4.8,-0.24,s3*s4,1,-0.35127643928813074,0.14623201468892882
balanced_contour_1e-10_R4.8,-0.24,s1*s4,0,-8.761857116603311,-14.629431077582765
balanced_contour_1e-10_R4.8,-0.24,s1*s4,1,5.246688236941241,6.683208336790218
balanced_contour_1e-10_R4.8,-0.22499999999999998,s1*s2,0,-82.07669956949933,-27.293816952579974
balanced_contour_1e-10_R4.8,-0.22499999999999998,s1*s2,1,37.611663519652765,2.4991222837279063
balanced_contour_1e-10_R4.8,-0.22499999999999998,s2*s3,0,2.5998158741868838,8.346404773138358
balanced_contour_1e-10_R4.8,-0.22499999999999998,s2*s3,1,-2.706282244837766,-2.7882195909869174
balanced_contour_1e-10_R4.8,-0.22499999999999998,s3*s4,0,0.897714410355009,-0.29943200014522775
balanced_contour_1e-10_R4.8,-0.22499999999999998,s3*s4,1,-0.3512764394467948,0.14623201394369445
balanced_contour_1e-10_R4.8,-0.22499999999999998,s1*s4,0,-8.761857079447909,-14.629431101284315
balanced_contour_1e-10_R4.8,-0.22499999999999998,s1*s4,1,5.24668822449914,6.683208350787887
balanced_contour_1e-10_R4.8,-0.21,s1*s2,0,-82.07669958557457,-27.29381689826448
balanced_contour_1e-10_R4.8,-0.21,s1*s2,1,37.61166352292646,2.4991222610248234
balanced_contour_1e-10_R4.8,-0.21,s2*s3,0,2.5998158770418858,8.34640476870534
balanced_contour_1e-10_R4.8,-0.21,s2*s3,1,-2.7062822454599207,-2.7882195893008963
balanced_contour_1e-10_R4.8,-0.21,s3*s4,0,0.8977144104696773,-0.299432000823425
balanced_contour_1e-10_R4.8,-0.21,s3*s4,1,-0.3512764394436942,0.1462320142559851
balanced_contour_1e-10_R4.8,-0.21,s1*s4,0,-8.761857095184727,-14.629431094097422
balanced_contour_1e-10_R4.8,-0.21,s1*s4,1,5.24668823027832,6.683208346340582
balanced_contour_1e-10_R4.8,-0.195,s1*s2,0,-82.07669962751356,-27.293816601186627
balanced_contour_1e-10_R4.8,-0.195,s1*s2,1,37.61166352094291,2.499122137114174
balanced_contour_1e-10_R4.8,-0.195,s2*s3,0,2.599815891231386,8.346404745668025
balanced_contour_1e-10_R4.8,-0.195,s2*s3,1,-2.7062822488972063,-2.7882195803782315
balanced_contour_1e-10_R4.8,-0.195,s3*s4,0,0.8977144102210173,-0.2994320043491155
balanced_contour_1e-10_R4.8,-0.195,s3*s4,1,-0.35127643903933575,0.14623201581543263
balanced_contour_1e-10_R4.8,-0.195,s1*s4,0,-8.761857165775295,-14.629431045653606
balanced_contour_1e-10_R4.8,-0.195,s1*s4,1,5.246688254820111,6.6832083193337395
balanced_contour_1e-10_R4.8,-0.18,s1*s2,0,-82.07669960914787,-27.293816765909515
balanced_contour_1e-10_R4.8,-0.18,s1*s2,1,37.6116635239404,2.499122206533116
balanced_contour_1e-10_R4.8,-0.18,s2*s3,0,2.59981588356258,8.346404758094966
balanced_contour_1e-10_R4.8,-0.18,s2*s3,1,-2.706282246887189,-2.7882195851940055
balanced_contour_1e-10_R4.8,-0.18,s3*s4,0,0.8977144104688517,-0.2994320023989863
balanced_contour_1e-10_R4.8,-0.18,s3*s4,1,-0.3512764393199048,0.14623201495490398
balanced_contour_1e-10_R4.8,-0.18,s1*s4,0,-8.761857128558775,-14.629431073776653
balanced_contour_1e-10_R4.8,-0.18,s1*s4,1,5.246688242050987,6.6832083347640125
balanced_contour_1e-10_R4.8,-0.16499999999999998,s1*s2,0,-82.0766996202854,-27.29381677825332
balanced_contour_1e-10_R4.8,-0.16499999999999998,s1*s2,1,37.61166353005394,2.4991222088076643
balanced_contour_1e-10_R4.8,-0.16499999999999998,s2*s3,0,2.599815884374804,8.346404759862804
balanced_contour_1e-10_R4.8,-0.16499999999999998,s2*s3,1,-2.706282247542454,-2.788219585625888
balanced_contour_1e-10_R4.8,-0.16499999999999998,s3*s4,0,0.8977144105833524,-0.2994320022720009
balanced_contour_1e-10_R4.8,-0.16499999999999998,s3*s4,1,-0.35127643938332975,0.14623201492545324
balanced_contour_1e-10_R4.8,-0.16499999999999998,s1*s4,0,-8.761857127254002,-14.629431078639161
balanced_contour_1e-10_R4.8,-0.16499999999999998,s1*s4,1,5.246688242478046,6.683208336805641
balanced_contour_1e-10_R4.8,-0.15,s1*s2,0,-82.07669965800063,-27.29381721076897
balanced_contour_1e-10_R4.8,-0.15,s1*s2,1,37.61166358598334,2.4991223768936615
balanced_contour_1e-10_R4.8,-0.15,s2*s3,0,2.5998158686424446,8.346404801267338
balanced_contour_1e-10_R4.8,-0.15,s2*s3,1,-2.706282246372727,-2.7882196020461523
balanced_contour_1e-10_R4.8,-0.15,s3*s4,0,0.8977144118723906,-0.29943199784945124
balanced_contour_1e-10_R4.8,-0.15,s3*s4,1,-0.35127644038677125,0.14623201312674558
balanced_contour_1e-10_R4.8,-0.15,s1*s4,0,-8.76185704053581,-14.629431160794462
balanced_contour_1e-10_R4.8,-0.15,s1*s4,1,5.246688216867035,6.683208380855522
balanced_contour_1e-10_R4.8,-0.135,s1*s2,0,-82.07669960233557,-27.293816704280374
balanced_contour_1e-10_R4.8,-0.135,s1*s2,1,37.611663517125635,2.499122180243102
balanced_contour_1e-10_R4.8,-0.135,s2*s3,0,2.5998158862756746,8.34640475306077
balanced_contour_1e-10_R4.8,-0.135,s2*s3,1,-2.706282247697739,-2.788219582990254
balanced_contour_1e-10_R4.8,-0.135,s3*s4,0,0.8977144101647259,-0.29943200301859874
balanced_contour_1e-10_R4.8,-0.135,s3*s4,1,-0.351276439139024,0.14623201521551307
balanced_contour_1e-10_R4.8,-0.135,s1*s4,0,-8.761857138684837,-14.629431061693262
balanced_contour_1e-10_R4.8,-0.135,s1*s4,1,5.246688245516452,6.683208328665514
balanced_contour_1e-10_R4.8,-0.12,s1*s2,0,-82.07669958465347,-27.29381653608234
balanced_contour_1e-10_R4.8,-0.12,s1*s2,1,37.61166349586801,2.499122111939524
balanced_contour_1e-10_R4.8,-0.12,s2*s3,0,2.5998158939242306,8.346404738710664
balanced_contour_1e-10_R4.8,-0.12,s2*s3,1,-2.7062822494607897,-2.7882195769201767
balanced_contour_1e-10_R4.8,-0.12,s3*s4,0,0.8977144093917582,-0.2994320046665994
balanced_contour_1e-10_R4.8,-0.12,s3*s4,1,-0.35127643864895886,0.14623201587738033
balanced_contour_1e-10_R4.8,-0.12,s1*s4,0,-8.761857167277277,-14.629431029815548
balanced_contour_1e-10_R4.8,-0.12,s1*s4,1,5.246688254207581,6.683208312222547
balanced_contour_1e-10_R4.8,-0.10499999999999998,s1*s2,0,-82.07669959508607,-27.29381676155691
balanced_contour_1e-10_R4.8,-0.10499999999999998,s1*s2,1,37.61166351492592,2.4991222058246683
balanced_contour_1e-10_R4.8,-0.10499999999999998,s2*s3,0,2.599815883568513,8.346404756136492
balanced_contour_1e-10_R4.8,-0.10499999999999998,s2*s3,1,-2.7062822464274072,-2.788219583993086
balanced_contour_1e-10_R4.8,-0.10499999999999998,s3*s4,0,0.8977144103410902,-0.29943200228031397
balanced_contour_1e-10_R4.8,-0.10499999999999998,s3*s4,1,-0.3512764392707077,0.14623201488182686
balanced_contour_1e-10_R4.8,-0.10499999999999998,s1*s4,0,-8.76185712732685,-14.629431072579699
balanced_contour_1e-10_R4.8,-0.10499999999999998,s1*s4,1,5.246688241394025,6.683208333948746
balanced_contour_1e-10_R4.8,-0.09,s1*s2,0,-82.0766995939349,-27.293816796273113
balanced_contour_1e-10_R4.8,-0.09,s1*s2,1,37.61166351683585,2.4991222212242112
balanced_contour_1e-10_R4.8,-0.09,s2*s3,0,2.5998158815159433,8.3464047586604
balanced_contour_1e-10_R4.8,-0.09,s2*s3,1,-2.7062822457013302,-2.788219585119896
balanced_contour_1e-10_R4.8,-0.09,s3*s4,0,0.897714410471236,-0.29943200192234337
balanced_contour_1e-10_R4.8,-0.09,s3*s4,1,-0.351276439363751,0.14623201472663916
balanced_contour_1e-10_R4.8,-0.09,s1*s4,0,-8.761857120968823,-14.629431078306308
balanced_contour_1e-10_R4.8,-0.09,s1*s4,1,5.246688239174027,6.68320833705759
balanced_contour_1e-10_R4.8,-0.07500000000000001,s1*s2,0,-82.07669971984802,-27.29381730165302
balanced_contour_1e-10_R4.8,-0.07500000000000001,s1*s2,1,37.61166362390225,2.499122407013406
balanced_contour_1e-10_R4.8,-0.07500000000000001,s2*s3,0,2.5998158655622405,8.346404810578187
balanced_contour_1e-10_R4.8,-0.07500000000000001,s2*s3,1,-2.7062822461154648,-2.7882196061979987
balanced_contour_1e-10_R4.8,-0.07500000000000001,s3*s4,0,0.8977144130702803,-0.29943199734702153
balanced_contour_1e-10_R4.8,-0.07500000000000001,s3*s4,1,-0.35127644097876265,0.1462320130799088
balanced_contour_1e-10_R4.8,-0.07500000000000001,s1*s4,0,-8.761857038996505,-14.629431184558351
balanced_contour_1e-10_R4.8,-0.07500000000000001,s1*s4,1,5.246688219765069,6.683208390956384
balanced_contour_1e-10_R4.8,-0.06,s1*s2,0,-82.07669949506254,-27.293816439359347
balanced_contour_1e-10_R4.8,-0.06,s1*s2,1,37.61166344466116,2.499122085655529
balanced_contour_1e-10_R4.8,-0.06,s2*s3,0,2.5998158930239894,8.346404724887051
balanced_contour_1e-10_R4.8,-0.06,s2*s3,1,-2.7062822469703938,-2.788219571474827
balanced_contour_1e-10_R4.8,-0.06,s3*s4,0,0.8977144081999591,-0.29943200518958035
balanced_contour_1e-10_R4.8,-0.06,s3*s4,1,-0.35127643807690556,0.14623201592253338
balanced_contour_1e-10_R4.8,-0.06,s1*s4,0,-8.761857171076759,-14.629430999403882
balanced_contour_1e-10_R4.8,-0.06,s1*s4,1,5.246688251143601,6.683208299006486
balanced_contour_1e-10_R4.8,-0.044999999999999984,s1*s2,0,-82.07669954866675,-27.293816655637954
balanced_contour_1e-10_R4.8,-0.044999999999999984,s1*s2,1,37.611663485852915,2.49912216616717
balanced_contour_1e-10_R4.8,-0.044999999999999984,s2*s3,0,2.5998158865070438,8.34640474539054
balanced_contour_1e-10_R4.8,-0.044999999999999984,s2*s3,1,-2.706282246548086,-2.7882195794518783
balanced_contour_1e-10_R4.8,-0.044999999999999984,s3*s4,0,0.897714409436641,-0.2994320031232447
balanced_contour_1e-10_R4.8,-0.044999999999999984,s3*s4,1,-0.3512764388060914,0.1462320151653048
balanced_contour_1e-10_R4.8,-0.044999999999999984,s1*s4,0,-8.76185713811174,-14.629431047054375
balanced_contour_1e-10_R4.8,-0.044999999999999984,s1*s4,1,5.24668824333273,6.683208322009745
balanced_contour_1e-10_R4.8,-0.03,s1*s2,0,-82.07669955322528,-27.293816767194333
balanced_contour_1e-10_R4.8,-0.03,s1*s2,1,37.6116634964874,2.4991222120532464
balanced_contour_1e-10_R4.8,-0.03,s2*s3,0,2.59981588066225,8.346404754094813
balanced_contour_1e-10_R4.8,-0.03,s2*s3,1,-2.7062822448784267,-2.788219583184064
balanced_contour_1e-10_R4.8,-0.03,s3*s4,0,0.8977144099208859,-0.29943200200221404
balanced_contour_1e-10_R4.8,-0.03,s3*s4,1,-0.35127643911954565,0.14623201471735475
balanced_contour_1e-10_R4.8,-0.03,s1*s4,0,-8.76185711876268,-14.629431066996254
balanced_contour_1e-10_R4.8,-0.03,s1*s4,1,5.246688237292786,6.683208332239058
balanced_contour_1e-10_R4.8,-0.015000000000000013,s1*s2,0,-82.0766995675523,-27.293816788794103
balanced_contour_1e-10_R4.8,-0.015000000000000013,s1*s2,1,37.61166350131645,2.499122218391687
balanced_contour_1e-10_R4.8,-0.015000000000000013,s2*s3,0,2.5998158808940786,8.34640475622537
balanced_contour_1e-10_R4.8,-0.015000000000000013,s2*s3,1,-2.7062822449838833,-2.7882195836150534
balanced_contour_1e-10_R4.8,-0.015000000000000013,s3*s4,0,0.8977144101620179,-0.29943200179596946
balanced_contour_1e-10_R4.8,-0.015000000000000013,s3*s4,1,-0.351276439216236,0.1462320146496546
balanced_contour_1e-10_R4.8,-0.015000000000000013,s1*s4,0,-8.761857117406379,-14.629431074092562
balanced_contour_1e-10_R4.8,-0.015000000000000013,s1*s4,1,5.246688237347841,6.683208334653962
balanced_contour_1e-10_R4.8,0.0,s1*s2,0,-82.07669959558176,-27.293816804371588
balanced_contour_1e-10_R4.8,0.0,s1*s2,1,37.611663511368974,2.4991222201025645
balanced_contour_1e-10_R4.8,0.0,s2*s3,0,2.5998158824913573,8.346404758854439
balanced_contour_1e-10_R4.8,0.0,s2*s3,1,-2.706282245760749,-2.788219584088192
balanced_contour_1e-10_R4.8,0.0,s3*s4,0,0.8977144105033107,-0.29943200171274775
balanced_contour_1e-10_R4.8,0.0,s3*s4,1,-0.351276439338696,0.14623201465210733
balanced_contour_1e-10_R4.8,0.0,s1*s4,0,-8.761857119213913,-14.629431082424306
balanced_contour_1e-10_R4.8,0.0,s1*s4,1,5.246688238966068,6.683208337142398
balanced_contour_1e-10_R4.8,0.015000000000000013,s1*s2,0,-82.076699582799,-27.293816838328336
balanced_contour_1e-10_R4.8,0.015000000000000013,s1*s2,1,37.61166350820009,2.499122238133335
balanced_contour_1e-10_R4.8,0.015000000000000013,s2*s3,0,2.5998158790000994,8.346404760397395
balanced_contour_1e-10_R4.8,0.015000000000000013,s2*s3,1,-2.7062822441860215,-2.7882195851620666
balanced_contour_1e-10_R4.8,0.015000000000000013,s3*s4,0,0.8977144105616099,-0.2994320013545546
balanced_contour_1e-10_R4.8,0.015000000000000013,s3*s4,1,-0.3512764394021307,0.14623201447829112
balanced_contour_1e-10_R4.8,0.015000000000000013,s1*s4,0,-8.761857112019866,-14.629431085330976
balanced_contour_1e-10_R4.8,0.015000000000000013,s1*s4,1,5.2466882356821145,6.683208339289797
balanced_contour_1e-10_R4.8,0.030000000000000027,s1*s2,0,-82.076699545586,-27.29381683684796
balanced_contour_1e-10_R4.8,0.030000000000000027,s1*s2,1,37.61166348911457,2.4991222443554912
balanced_contour_1e-10_R4.8,0.030000000000000027,s2*s3,0,2.5998158759195524,8.346404757377261
balanced_contour_1e-10_R4.8,0.030000000000000027,s2*s3,1,-2.706282242117918,-2.7882195842394104
balanced_contour_1e-10_R4.8,0.030000000000000027,s3*s4,0,0.8977144102628836,-0.29943200121400415
balanced_contour_1e-10_R4.8,0.030000000000000027,s3*s4,1,-0.35127643927267443,0.14623201434779673
balanced_contour_1e-10_R4.8,0.030000000000000027,s1*s4,0,-8.761857107499626,-14.629431078717772
balanced_contour_1e-10_R4.8,0.030000000000000027,s1*s4,1,5.2466882320640895,6.68320833684685
balanced_contour_1e-10_R4.8,0.044999999999999984,s1*s2,0,-82.07669946235987,-27.29381664812926
balanced_contour_1e-10_R4.8,0.044999999999999984,s1*s2,1,37.61166343892443,2.4991221754758906
balanced_contour_1e-10_R4.8,0.044999999999999984,s2*s3,0,2.5998158816337362,8.346404738888266
balanced_contour_1e-10_R4.8,0.044999999999999984,s2*s3,1,-2.706282242807663,-2.788219576692378
balanced_contour_1e-10_R4.8,0.044999999999999984,s3*s4,0,0.8977144085651045,-0.2994320027041165
balanced_contour_1e-10_R4.8,0.044999999999999984,s3*s4,1,-0.3512764384204704,0.1462320148189203
balanced_contour_1e-10_R4.8,0.044999999999999984,s1*s4,0,-8.761857125076359,-14.629431033194868
balanced_contour_1e-10_R4.8,0.044999999999999984,s1*s4,1,5.246688234533732,6.683208316503505
balanced_contour_1e-10_R4.8,0.06,s1*s2,0,-82.07669933919247,-27.293816273217537
balanced_contour_1e-10_R4.8,0.06,s1*s2,1,37.61166337465577,2.4991220247644743
balanced_contour_1e-10_R4.8,0.06,s2*s3,0,2.5998158975231505,8.346404707909626
balanced_contour_1e-10_R4.8,0.06,s2*s3,1,-2.7062822488080283,-2.7882195641675973
balanced_contour_1e-10_R4.8,0.06,s3*s4,0,0.8977144052728672,-0.2994320058736082
balanced_contour_1e-10_R4.8,0.06,s3*s4,1,-0.3512764368504524,0.1462320160079715
balanced_contour_1e-10_R4.8,0.06,s1*s4,0,-8.761857160840421,-14.62943094886277
balanced_contour_1e-10_R4.8,0.06,s1*s4,1,5.246688244537747,6.6832082802470465
balanced_contour_1e-10_R4.8,0.07500000000000001,s1*s2,0,-82.07670000068542,-27.29381819009064
balanced_contour_1e-10_R4.8,0.07500000000000001,s1*s2,1,37.61166376902809,2.4991227643866614
balanced_contour_1e-10_R4.8,0.07500000000000001,s2*s3,0,2.5998158210643703,8.346404880690828
balanced_contour_1e-10_R4.8,0.07500000000000001,s2*s3,1,-2.706282228027479,-2.7882196356938675
balanced_contour_1e-10_R4.8,0.07500000000000001,s3*s4,0,0.8977144212590707,-0.2994319901714414
balanced_contour_1e-10_R4.8,0.07500000000000001,s3*s4,1,-0.3512764447628827,0.14623201051730447
balanced_contour_1e-10_R4.8,0.07500000000000001,s1*s4,0,-8.761856962464103,-14.629431376350633
balanced_contour_1e-10_R4.8,0.07500000000000001,s1*s4,1,5.246688197900737,6.683208470555161
balanced_contour_1e-10_R4.8,0.08999999999999997,s1*s2,0,-82.07669960983758,-27.293816953096467
balanced_contour_1e-10_R4.8,0.08999999999999997,s1*s2,1,37.611663525749954,2.499122283246573
balanced_contour_1e-10_R4.8,0.08999999999999997,s2*s3,0,2.5998158736109582,8.346404771513654
balanced_contour_1e-10_R4.8,0.08999999999999997,s2*s3,1,-2.7062822426796895,-2.788219589845896
balanced_contour_1e-10_R4.8,0.08999999999999997,s3*s4,0,0.8977144112613492,-0.2994320004211356
balanced_contour_1e-10_R4.8,0.08999999999999997,s3*s4,1,-0.35127643974957456,0.14623201412808612
balanced_contour_1e-10_R4.8,0.08999999999999997,s1*s4,0,-8.761857095687056,-14.629431107358052
balanced_contour_1e-10_R4.8,0.08999999999999997,s1*s4,1,5.246688230460158,6.683208349397557
balanced_contour_1e-10_R4.8,0.10499999999999998,s1*s2,0,-82.07669958280258,-27.293816991884654
balanced_contour_1e-10_R4.8,0.10499999999999998,s1*s2,1,37.611663515713076,2.499122306492523
balanced_contour_1e-10_R4.8,0.10499999999999998,s2*s3,0,2.5998158684596184,8.346404772339026
balanced_contour_1e-10_R4.8,0.10499999999999998,s2*s3,1,-2.706282240133926,-2.7882195908483736
balanced_contour_1e-10_R4.8,0.10499999999999998,s3*s4,0,0.8977144112326588,-0.29943199997091563
balanced_contour_1e-10_R4.8,0.10499999999999998,s3*s4,1,-0.35127643977800393,0.14623201388393683
balanced_contour_1e-10_R4.8,0.10499999999999998,s1*s4,0,-8.761857085928746,-14.629431108356675
balanced_contour_1e-10_R4.8,0.10499999999999998,s1*s4,1,5.246688225348161,6.683208351047758
balanced_contour_1e-10_R4.8,0.12,s1*s2,0,-82.07669906736999,-27.293816242712236
balanced_contour_1e-10_R4.8,0.12,s1*s2,1,37.61166326375545,2.4991220666376126
balanced_contour_1e-10_R4.8,0.12,s2*s3,0,2.599815879116222,8.34640468800239
balanced_contour_1e-10_R4.8,0.12,s2*s3,1,-2.706282237754211,-2.788219560225838
balanced_contour_1e-10_R4.8,0.12,s3*s4,0,0.8977144025639361,-0.29943200496076294
balanced_contour_1e-10_R4.8,0.12,s3*s4,1,-0.35127643597752933,0.1462320151281838
balanced_contour_1e-10_R4.8,0.12,s1*s4,0,-8.761857122944939,-14.62943089789526
balanced_contour_1e-10_R4.8,0.12,s1*s4,1,5.246688219723671,6.68320826791681
balanced_contour_1e-10_R4.8,0.135,s1*s2,0,-82.07669971946274,-27.2938173052155
balanced_contour_1e-10_R4.8,0.135,s1*s2,1,37.611663612980614,2.499122418181805
balanced_contour_1e-10_R4.8,0.135,s2*s3,0,2.5998158574087857,8.3464048058034
balanced_contour_1e-10_R4.8,0.135,s2*s3,1,-2.7062822399857547,-2.788219605884106
balanced_contour_1e-10_R4.8,0.135,s3*s4,0,0.8977144138644908,-0.2994319977421155
balanced_contour_1e-10_R4.8,0.135,s3*s4,1,-0.3512764411723666,0.14623201328954272
balanced_contour_1e-10_R4.8,0.135,s1*s4,0,-8.761857053786885,-14.629431178612109
balanced_contour_1e-10_R4.8,0.135,s1*s4,1,5.246688221491518,6.683208384593696
balanced_contour_1e-10_R4.8,0.15000000000000002,s1*s2,0,-82.07670063497063,-27.293818771044204
balanced_contour_1e-10_R4.8,0.15000000000000002,s1*s2,1,37.61166403304565,2.4991229286745766
balanced_contour_1e-10_R4.8,0.15000000000000002,s2*s3,0,2.5998158235021807,8.346404962097765
balanced_contour_1e-10_R4.8,0.15000000000000002,s2*s3,1,-2.706282233524869,-2.788219663899378
balanced_contour_1e-10_R4.8,0.15000000000000002,s3*s4,0,0.8977144304513925,-0.29943198795042025
balanced_contour_1e-10_R4.8,0.15000000000000002,s3*s4,1,-0.35127644826028914,0.14623201037887884
balanced_contour_1e-10_R4.8,0.15000000000000002,s1*s4,0,-8.761856976826426,-14.629431568440774
balanced_contour_1e-10_R4.8,0.15000000000000002,s1*s4,1,5.24668821739745,6.683208537290236
balanced_contour_1e-10_R4.8,0.16499999999999998,s1*s2,0,-82.07669953000205,-27.293817248629313
balanced_contour_1e-10_R4.8,0.16499999999999998,s1*s2,1,37.61166354235568,2.4991224274935546
balanced_contour_1e-10_R4.8,0.16499999999999998,s2*s3,0,2.5998158462203484,8.346404789271036
balanced_contour_1e-10_R4.8,0.16499999999999998,s2*s3,1,-2.706282233742275,-2.7882196024785557
balanced_contour_1e-10_R4.8,0.16499999999999998,s3*s4,0,0.8977144118527823,-0.29943199749012706
balanced_contour_1e-10_R4.8,0.16499999999999998,s3*s4,1,-0.35127644052202767,0.1462320129385308
balanced_contour_1e-10_R4.8,0.16499999999999998,s1*s4,0,-8.761857034070939,-14.629431136540363
balanced_contour_1e-10_R4.8,0.16499999999999998,s1*s4,1,5.2466882083848345,6.683208373086779
balanced_contour_1e-10_R4.8,0.18,s1*s2,0,-82.07669899750306,-27.293817376545192
balanced_contour_1e-10_R4.8,0.18,s1*s2,1,37.611663398412254,2.4991225691738896
balanced_contour_1e-10_R4.8,0.18,s2*s3,0,2.59981579637033,8.346404765267536
balanced_contour_1e-10_R4.8,0.18,s2*s3,1,-2.7062822131415993,-2.7882196051455646
balanced_contour_1e-10_R4.8,0.18,s3*s4,0,0.8977144073737768,-0.2994319941055332
balanced_contour_1e-10_R4.8,0.18,s3*s4,1,-0.3512764396989893,0.14623201107671077
balanced_contour_1e-10_R4.8,0.18,s1*s4,0,-8.761856928282358,-14.62943106309426
balanced_contour_1e-10_R4.8,0.18,s1*s4,1,5.2466881601435285,6.683208368784447
balanced_contour_1e-10_R4.8,0.195,s1*s2,0,-82.07669813028025,-27.29381752882593
balanced_contour_1e-10_R4.8,0.195,s1*s2,1,37.61166320656605,2.4991227444223942
balanced_contour_1e-10_R4.8,0.195,s2*s3,0,2.599815721770786,8.346404725261227
balanced_contour_1e-10_R4.8,0.195,s2*s3,1,-2.706282188181803,-2.7882196096148872
balanced_contour_1e-10_R4.8,0.195,s3*s4,0,0.8977143994230532,-0.2994319890208861
balanced_contour_1e-10_R4.8,0.195,s3*s4,1,-0.3512764383069155,0.14623200867611458
balanced_contour_1e-10_R4.8,0.195,s1*s4,0,-8.761856757703583,-14.629430935566091
balanced_contour_1e-10_R4.8,0.195,s1*s4,1,5.246688093673388,6.683208361285128
balanced_contour_1e-10_R4.8,0.20999999999999996,s1*s2,0,-82.07670321802247,-27.29381908695297
balanced_contour_1e-10_R4.8,0.20999999999999996,s1*s2,1,37.61166496149135,2.499122658991435
balanced_contour_1e-10_R4.8,0.20999999999999996,s2*s3,0,2.599815986959117,8.34640515817891
balanced_contour_1e-10_R4.8,0.20999999999999996,s2*s3,1,-2.706282317567407,-2.7882197054454627
balanced_contour_1e-10_R4.8,0.20999999999999996,s3*s4,0,0.8977144563345794,-0.2994319974364037
balanced_contour_1e-10_R4.8,0.20999999999999996,s3*s4,1,-0.3512764558637069,0.14623201736953192
balanced_contour_1e-10_R4.8,0.20999999999999996,s1*s4,0,-8.761857335160972,-14.629432037496283
balanced_contour_1e-10_R4.8,0.20999999999999996,s1*s4,1,5.246688411069675,6.683208646029269
balanced_contour_1e-10_R4.8,0.22499999999999998,s1*s2,0,-82.07670041703113,-27.29381761996556
balanced_contour_1e-10_R4.8,0.22499999999999998,s1*s2,1,37.611663920940046,2.499122448242058
balanced_contour_1e-10_R4.8,0.22499999999999998,s2*s3,0,2.5998158843631054,8.34640487576432
balanced_contour_1e-10_R4.8,0.22499999999999998,s2*s3,1,-2.706282259159773,-2.7882196291337022
balanced_contour_1e-10_R4.8,0.22499999999999998,s3*s4,0,0.8977144219923641,-0.29943199831529393
balanced_contour_1e-10_R4.8,0.22499999999999998,s3*s4,1,-0.35127644422507753,0.1462320145797702
balanced_contour_1e-10_R4.8,0.22499999999999998,s1*s4,0,-8.761857114284098,-14.62943133843893
balanced_contour_1e-10_R4.8,0.22499999999999998,s1*s4,1,5.246688265684341,6.683208437673061
balanced_contour_1e-10_R4.8,0.24,s1*s2,0,-82.07670056613189,-27.29381765562639
balanced_contour_1e-10_R4.8,0.24,s1*s2,1,37.61166398343928,2.499122448449434
balanced_contour_1e-10_R4.8,0.24,s2*s3,0,2.59981589194727,8.34640488894204
balanced_contour_1e-10_R4.8,0.24,s2*s3,1,-2.706282263375418,-2.788219633679235
balanced_contour_1e-10_R4.8,0.24,s3*s4,0,0.8977144235514286,-0.2994319987839703
balanced_contour_1e-10_R4.8,0.24,s3*s4,1,-0.35127644479824766,0.14623201491471582
balanced_contour_1e-10_R4.8,0.24,s1*s4,0,-8.761857131937116,-14.629431366641382
balanced_contour_1e-10_R4.8,0.24,s1*s4,1,5.246688275315467,6.6832084471513555
balanced_contour_3e-13_R4.8,-0.24,s1*s2,0,-82.07669971404412,-27.29381684003893
balanced_contour_3e-13_R4.8,-0.24,s1*s2,1,37.611663572548395,2.4991222276576828
balanced_contour_3e-13_R4.8,-0.24,s2*s3,0,2.599815889850331,8.346404770145401
balanced_contour_3e-13_R4.8,-0.24,s2*s3,1,-2.7062822503155064,-2.7882195890228054
balanced_contour_3e-13_R4.8,-0.24,s3*s4,0,0.8977144116678307,-0.2994320018775048
balanced_contour_3e-13_R4.8,-0.24,s3*s4,1,-0.35127643989657864,0.14623201483217949
balanced_contour_3e-13_R4.8,-0.24,s1*s4,0,-8.761857129740438,-14.629431108374098
balanced_contour_3e-13_R4.8,-0.24,s1*s4,1,5.246688246314734,6.683208348979532
balanced_contour_3e-13_R4.8,-0.22499999999999998,s1*s2,0,-82.076699713503,-27.293816834277926
balanced_contour_3e-13_R4.8,-0.22499999999999998,s1*s2,1,37.61166357194592,2.499122224821243
balanced_contour_3e-13_R4.8,-0.22499999999999998,s2*s3,0,2.5998158901649884,8.346404769569679
balanced_contour_3e-13_R4.8,-0.22499999999999998,s2*s3,1,-2.706282250438901,-2.788219588718679
balanced_contour_3e-13_R4.8,-0.22499999999999998,s3*s4,0,0.8977144116470159,-0.29943200192572506
balanced_contour_3e-13_R4.8,-0.22499999999999998,s3*s4,1,-0.3512764398833999,0.14623201485497295
balanced_contour_3e-13_R4.8,-0.22499999999999998,s1*s4,0,-8.761857130811869,-14.629431107457256
balanced_contour_3e-13_R4.8,-0.22499999999999998,s1*s4,1,5.246688246794395,6.683208348460824
balanced_contour_3e-13_R4.8,-0.21,s1*s2,0,-82.07669971212749,-27.293816829069335
balanced_contour_3e-13_R4.8,-0.21,s1*s2,1,37.611663570966535,2.4991222222902802
balanced_contour_3e-13_R4.8,-0.21,s2*s3,0,2.5998158903872994,8.346404768991308
balanced_contour_3e-13_R4.8,-0.21,s2*s3,1,-2.7062822505174204,-2.788219588414901
balanced_contour_3e-13_R4.8,-0.21,s3*s4,0,0.8977144116191422,-0.2994320019658957
balanced_contour_3e-13_R4.8,-0.21,s3*s4,1,-0.35127643986737844,0.1462320148734026
balanced_contour_3e-13_R4.8,-0.21,s1*s4,0,-8.761857131631054,-14.629431106483732
balanced_contour_3e-13_R4.8,-0.21,s1*s4,1,5.246688247153595,6.683208347928994
balanced_contour_3e-13_R4.8,-0.195,s1*s2,0,-82.07669970994964,-27.29381682260239
balanced_contour_3e-13_R4.8,-0.195,s1*s2,1,37.61166356950155,2.4991222193044105
balanced_contour_3e-13_R4.8,-0.195,s2*s3,0,2.5998158905850683,8.34640476827002
balanced_contour_3e-13_R4.8,-0.195,s2*s3,1,-2.70628225056714,-2.788219588057225
balanced_contour_3e-13_R4.8,-0.195,s3*s4,0,0.8977144115806214,-0.2994320020172919
balanced_contour_3e-13_R4.8,-0.195,s3*s4,1,-0.35127643984529466,0.1462320148959853
balanced_contour_3e-13_R4.8,-0.195,s1*s4,0,-8.76185713258748,-14.629431105103539
balanced_contour_3e-13_R4.8,-0.195,s1*s4,1,5.2466882475224335,6.683208347197165
balanced_contour_3e-13_R4.8,-0.18,s1*s2,0,-82.0766997066127,-27.293816817606746
balanced_contour_3e-13_R4.8,-0.18,s1*s2,1,37.61166356755647,2.4991222170531517
balanced_contour_3e-13_R4.8,-0.18,s2*s3,0,2.599815890625267,8.346404767596391
balanced_contour_3e-13_R4.8,-0.18,s2*s3,1,-2.7062822505457107,-2.7882195877215783
balanced_contour_3e-13_R4.8,-0.18,s3*s4,0,0.8977144115357218,-0.29943200204878784
balanced_contour_3e-13_R4.8,-0.18,s3*s4,1,-0.351276439821442,0.14623201490865143
balanced_contour_3e-13_R4.8,-0.18,s1*s4,0,-8.761857133063472,-14.629431103779172
balanced_contour_3e-13_R4.8,-0.18,s1*s4,1,5.2466882476785415,6.6832083465193834
balanced_contour_3e-13_R4.8,-0.16499999999999998,s1*s2,0,-82.07669970247468,-27.29381681186463
balanced_contour_3e-13_R4.8,-0.16499999999999998,s1*s2,1,37.611663565161315,2.4991222145704812
balanced_contour_3e-13_R4.8,-0.16499999999999998,s2*s3,0,2.5998158906302375,8.346404766821891
balanced_contour_3e-13_R4.8,-0.16499999999999998,s2*s3,1,-2.7062822504941213,-2.788219587348573
balanced_contour_3e-13_R4.8,-0.16499999999999998,s3*s4,0,0.8977144114803228,-0.2994320020863297
balanced_contour_3e-13_R4.8,-0.16499999999999998,s3*s4,1,-0.35127643979192874,0.1462320149229452
balanced_contour_3e-13_R4.8,-0.16499999999999998,s1*s4,0,-8.761857133550258,-14.62943110215938
balanced_contour_3e-13_R4.8,-0.16499999999999998,s1*s4,1,5.246688247799449,6.683208345703391
balanced_contour_3e-13_R4.8,-0.15,s1*s2,0,-82.07669969739007,-27.29381680718279
balanced_contour_3e-13_R4.8,-0.15,s1*s2,1,37.61166356235345,2.4991222126437904
balanced_contour_3e-13_R4.8,-0.15,s2*s3,0,2.599815890501231,8.346404766076793
balanced_contour_3e-13_R4.8,-0.15,s2*s3,1,-2.706282250379215,-2.7882195869931046
balanced_contour_3e-13_R4.8,-0.15,s3*s4,0,0.8977144114196342,-0.299432002108882
balanced_contour_3e-13_R4.8,-0.15,s3*s4,1,-0.3512764397608818,0.14623201492976523
balanced_contour_3e-13_R4.8,-0.15,s1*s4,0,-8.761857133691205,-14.629431100544167
balanced_contour_3e-13_R4.8,-0.15,s1*s4,1,5.246688247756055,6.683208344906808
balanced_contour_3e-13_R4.8,-0.135,s1*s2,0,-82.07669969131605,-27.293816803235273
balanced_contour_3e-13_R4.8,-0.135,s1*s2,1,37.61166355911336,2.499122211136938
balanced_contour_3e-13_R4.8,-0.135,s2*s3,0,2.5998158902574935,8.346404765332776
balanced_contour_3e-13_R4.8,-0.135,s2*s3,1,-2.70628225020847,-2.7882195866441855
balanced_contour_3e-13_R4.8,-0.135,s3*s4,0,0.8977144113506714,-0.2994320021213842
balanced_contour_3e-13_R4.8,-0.135,s3*s4,1,-0.3512764397265431,0.14623201493087126
balanced_contour_3e-13_R4.8,-0.135,s1*s4,0,-8.7618571335186,-14.629431098880023
balanced_contour_3e-13_R4.8,-0.135,s1*s4,1,5.246688247560431,6.683208344108586
balanced_contour_3e-13_R4.8,-0.12,s1*s2,0,-82.07669968409105,-27.293816798624132
balanced_contour_3e-13_R4.8,-0.12,s1*s2,1,37.61166355523641,2.4991222095183887
balanced_contour_3e-13_R4.8,-0.12,s2*s3,0,2.5998158899416763,8.346404764464543
balanced_contour_3e-13_R4.8,-0.12,s2*s3,1,-2.7062822499827606,-2.7882195862533936
balanced_contour_3e-13_R4.8,-0.12,s3*s4,0,0.8977144112703078,-0.29943200213620114
balanced_contour_3e-13_R4.8,-0.12,s3*s4,1,-0.3512764396862862,0.14623201493141924
balanced_contour_3e-13_R4.8,-0.12,s1*s4,0,-8.761857133313866,-14.629431096869286
balanced_contour_3e-13_R4.8,-0.12,s1*s4,1,5.246688247289323,6.683208343152728
balanced_contour_3e-13_R4.8,-0.10499999999999998,s1*s2,0,-82.07669967624314,-27.293816796940302
balanced_contour_3e-13_R4.8,-0.10499999999999998,s1*s2,1,37.61166355124716,2.4991222092058085
balanced_contour_3e-13_R4.8,-0.10499999999999998,s2*s3,0,2.599815889429817,8.346404763791268
balanced_contour_3e-13_R4.8,-0.10499999999999998,s2*s3,1,-2.7062822496846533,-2.788219585948994
balanced_contour_3e-13_R4.8,-0.10499999999999998,s3*s4,0,0.8977144111926285,-0.2994320021191423
balanced_contour_3e-13_R4.8,-0.10499999999999998,s3*s4,1,-0.3512764396495767,0.1462320149174964
balanced_contour_3e-13_R4.8,-0.10499999999999998,s1*s4,0,-8.761857132440811,-14.629431095264096
balanced_contour_3e-13_R4.8,-0.10499999999999998,s1*s4,1,5.246688246761141,6.683208342422346
balanced_contour_3e-13_R4.8,-0.09,s1*s2,0,-82.0766996669504,-27.293816792311866
balanced_contour_3e-13_R4.8,-0.09,s1*s2,1,37.611663546317615,2.49912220789784
balanced_contour_3e-13_R4.8,-0.09,s2*s3,0,2.59981588894031,8.346404762796553
balanced_contour_3e-13_R4.8,-0.09,s2*s3,1,-2.7062822493501972,-2.7882195855247667
balanced_contour_3e-13_R4.8,-0.09,s3*s4,0,0.8977144110923104,-0.29943200212732723
balanced_contour_3e-13_R4.8,-0.09,s3*s4,1,-0.35127643959997906,0.14623201491183838
balanced_contour_3e-13_R4.8,-0.09,s1*s4,0,-8.761857131916116,-14.629431092863566
balanced_contour_3e-13_R4.8,-0.09,s1*s4,1,5.246688246262905,6.683208341312524
balanced_contour_3e-13_R4.8,-0.07500000000000001,s1*s2,0,-82.07669965719728,-27.2938167923061
balanced_contour_3e-13_R4.8,-0.07500000000000001,s1*s2,1,37.61166354147607,2.499122208614197
balanced_contour_3e-13_R4.8,-0.07500000000000001,s2*s3,0,2.5998158881686573,8.346404762135661
balanced_contour_3e-13_R4.8,-0.07500000000000001,s2*s3,1,-2.706282248918584,-2.7882195852489846
balanced_contour_3e-13_R4.8,-0.07500000000000001,s3*s4,0,0.8977144110042772,-0.2994320020861673
balanced_contour_3e-13_R4.8,-0.07500000000000001,s3*s4,1,-0.3512764395596955,0.14623201488477802
balanced_contour_3e-13_R4.8,-0.07500000000000001,s1*s4,0,-8.761857130455594,-14.62943109117585
balanced_contour_3e-13_R4.8,-0.07500000000000001,s1*s4,1,5.24668824541974,6.68320834058721
balanced_contour_3e-13_R4.8,-0.06,s1*s2,0,-82.07669964572045,-27.29381678979416
balanced_contour_3e-13_R4.8,-0.06,s1*s2,1,37.611663535594865,2.49912220856601
balanced_contour_3e-13_R4.8,-0.06,s2*s3,0,2.5998158873919657,8.346404761166626
balanced_contour_3e-13_R4.8,-0.06,s2*s3,1,-2.7062822484382303,-2.7882195848597693
balanced_contour_3e-13_R4.8,-0.06,s3*s4,0,0.8977144108912902,-0.29943200206465176
balanced_contour_3e-13_R4.8,-0.06,s3*s4,1,-0.35127643950610543,0.1462320148627963
balanced_contour_3e-13_R4.8,-0.06,s1*s4,0,-8.761857129195988,-14.629431088750636
balanced_contour_3e-13_R4.8,-0.06,s1*s4,1,5.246688244544894,6.68320833952323
balanced_contour_3e-13_R4.8,-0.044999999999999984,s1*s2,0,-82.07669963430503,-27.293816792015757
balanced_contour_3e-13_R4.8,-0.044999999999999984,s1*s2,1,37.61166353003184,2.4991222105633457
balanced_contour_3e-13_R4.8,-0.044999999999999984,s2*s3,0,2.5998158863444663,8.346404760560295
balanced_contour_3e-13_R4.8,-0.044999999999999984,s2*s3,1,-2.7062822478652193,-2.788219584632655
balanced_contour_3e-13_R4.8,-0.044999999999999984,s3*s4,0,0.8977144107981431,-0.2994320019941484
balanced_contour_3e-13_R4.8,-0.044999999999999984,s3*s4,1,-0.35127643946506976,0.14623201482008794
balanced_contour_3e-13_R4.8,-0.044999999999999984,s1*s4,0,-8.76185712711532,-14.629431087131582
balanced_contour_3e-13_R4.8,-0.044999999999999984,s1*s4,1,5.246688243379797,6.683208338873827
balanced_contour_3e-13_R4.8,-0.03,s1*s2,0,-82.07669962177346,-27.293816793635873
balanced_contour_3e-13_R4.8,-0.03,s1*s2,1,37.611663523863456,2.499122212535248
balanced_contour_3e-13_R4.8,-0.03,s2*s3,0,2.599815885244109,8.346404759832245
balanced_contour_3e-13_R4.8,-0.03,s2*s3,1,-2.7062822472434704,-2.7882195843694357
balanced_contour_3e-13_R4.8,-0.03,s3*s4,0,0.8977144106914512,-0.2994320019267326
balanced_contour_3e-13_R4.8,-0.03,s3*s4,1,-0.35127643941747055,0.1462320147764212
balanced_contour_3e-13_R4.8,-0.03,s1*s4,0,-8.761857124963017,-14.629431085222249
balanced_contour_3e-13_R4.8,-0.03,s1*s4,1,5.2466882421147965,6.68320833810663
balanced_contour_3e-13_R4.8,-0.015000000000000013,s1*s2,0,-82.07669960897402,-27.29381679846462
balanced_contour_3e-13_R4.8,-0.015000000000000013,s1*s2,1,37.61166351772767,2.4991222159911213
balanced_contour_3e-13_R4.8,-0.015000000000000013,s2*s3,0,2.5998158839312127,8.346404759324722
balanced_contour_3e-13_R4.8,-0.015000000000000013,s2*s3,1,-2.706282246534728,-2.788219584211023
balanced_contour_3e-13_R4.8,-0.015000000000000013,s3*s4,0,0.89771441059736,-0.2994320018266747
balanced_contour_3e-13_R4.8,-0.015000000000000013,s3*s4,1,-0.3512764393775341,0.14623201471798192
balanced_contour_3e-13_R4.8,-0.015000000000000013,s1*s4,0,-8.761857122212685,-14.629431083792632
balanced_contour_3e-13_R4.8,-0.015000000000000013,s1*s4,1,5.246688240609429,6.6832083375955404
balanced_contour_3e-13_R4.8,0.0,s1*s2,0,-82.07669959558177,-27.293816804371577
balanced_contour_3e-13_R4.8,0.0,s1*s2,1,37.61166351136897,2.4991222201025574
balanced_contour_3e-13_R4.8,0.0,s2*s3,0,2.599815882491359,8.346404758854439
balanced_contour_3e-13_R4.8,0.0,s2*s3,1,-2.706282245760749,-2.788219584088191
balanced_contour_3e-13_R4.8,0.0,s3*s4,0,0.8977144105033106,-0.2994320017127478
balanced_contour_3e-13_R4.8,0.0,s3*s4,1,-0.35127643933869596,0.14623201465210736
balanced_contour_3e-13_R4.8,0.0,s1*s4,0,-8.761857119213914,-14.629431082424306
balanced_contour_3e-13_R4.8,0.0,s1*s4,1,5.24668823896607,6.683208337142397
balanced_contour_3e-13_R4.8,0.015000000000000013,s1*s2,0,-82.0766995818792,-27.293816812118386
balanced_contour_3e-13_R4.8,0.015000000000000013,s1*s2,1,37.61166350495343,2.4991222251684744
balanced_contour_3e-13_R4.8,0.015000000000000013,s2*s3,0,2.5998158809124465,8.34640475849321
balanced_contour_3e-13_R4.8,0.015000000000000013,s2*s3,1,-2.7062822449218764,-2.7882195840295467
balanced_contour_3e-13_R4.8,0.015000000000000013,s3*s4,0,0.8977144104138294,-0.29943200158049527
balanced_contour_3e-13_R4.8,0.015000000000000013,s3*s4,1,-0.35127643930344543,0.146232014577321
balanced_contour_3e-13_R4.8,0.015000000000000013,s1*s4,0,-8.761857115855985,-14.629431081313202
balanced_contour_3e-13_R4.8,0.015000000000000013,s1*s4,1,5.246688237152311,6.683208336837339
balanced_contour_3e-13_R4.8,0.030000000000000027,s1*s2,0,-82.07669956804966,-27.293816821254104
balanced_contour_3e-13_R4.8,0.030000000000000027,s1*s2,1,37.61166349860228,2.499122230986888
balanced_contour_3e-13_R4.8,0.030000000000000027,s2*s3,0,2.5998158792302104,8.346404758241958
balanced_contour_3e-13_R4.8,0.030000000000000027,s2*s3,1,-2.706282244038765,-2.7882195840381288
balanced_contour_3e-13_R4.8,0.030000000000000027,s3*s4,0,0.8977144103298423,-0.2994320014360016
balanced_contour_3e-13_R4.8,0.030000000000000027,s3*s4,1,-0.3512764392719872,0.14623201449615772
balanced_contour_3e-13_R4.8,0.030000000000000027,s1*s4,0,-8.761857112226394,-14.629431080371601
balanced_contour_3e-13_R4.8,0.030000000000000027,s1*s4,1,5.246688235211726,6.683208336651864
balanced_contour_3e-13_R4.8,0.044999999999999984,s1*s2,0,-82.07669955487698,-27.293816834907894
balanced_contour_3e-13_R4.8,0.044999999999999984,s1*s2,1,37.611663492776785,2.499122238857822
balanced_contour_3e-13_R4.8,0.044999999999999984,s2*s3,0,2.599815877297203,8.346404758338677
balanced_contour_3e-13_R4.8,0.044999999999999984,s2*s3,1,-2.7062822430552997,-2.7882195842146245
balanced_contour_3e-13_R4.8,0.044999999999999984,s3*s4,0,0.897714410275458,-0.29943200125010183
balanced_contour_3e-13_R4.8,0.044999999999999984,s3*s4,1,-0.3512764392565848,0.1462320143974119
balanced_contour_3e-13_R4.8,0.044999999999999984,s1*s4,0,-8.761857107991357,-14.629431080278808
balanced_contour_3e-13_R4.8,0.044999999999999984,s1*s4,1,5.2466882330419295,6.683208336891096
balanced_contour_3e-13_R4.8,0.06,s1*s2,0,-82.07669954122417,-27.293816847869966
balanced_contour_3e-13_R4.8,0.06,s1*s2,1,37.611663486737356,2.4991222466825027
balanced_contour_3e-13_R4.8,0.06,s2*s3,0,2.599815875358548,8.346404758359723
balanced_contour_3e-13_R4.8,0.06,s2*s3,1,-2.7062822420529407,-2.7882195843855095
balanced_contour_3e-13_R4.8,0.06,s3*s4,0,0.897714410212006,-0.2994320010693599
balanced_contour_3e-13_R4.8,0.06,s3*s4,1,-0.3512764392381507,0.1462320142985822
balanced_contour_3e-13_R4.8,0.06,s1*s4,0,-8.761857103807342,-14.629431079978124
balanced_contour_3e-13_R4.8,0.06,s1*s4,1,5.246688230839879,6.6832083370692805
balanced_contour_3e-13_R4.8,0.07500000000000001,s1*s2,0,-82.0766995307595,-27.29381686930428
balanced_contour_3e-13_R4.8,0.07500000000000001,s1*s2,1,37.61166348269478,2.4991222579266212
balanced_contour_3e-13_R4.8,0.07500000000000001,s2*s3,0,2.5998158731091654,8.34640475918393
balanced_contour_3e-13_R4.8,0.07500000000000001,s2*s3,1,-2.7062822409734584,-2.788219584912126
balanced_contour_3e-13_R4.8,0.07500000000000001,s3*s4,0,0.8977144102193426,-0.29943200082313315
balanced_contour_3e-13_R4.8,0.07500000000000001,s3*s4,1,-0.3512764392558345,0.14623201417620268
balanced_contour_3e-13_R4.8,0.07500000000000001,s1*s4,0,-8.761857098732385,-14.629431081595358
balanced_contour_3e-13_R4.8,0.07500000000000001,s1*s4,1,5.246688228415141,6.6832083381526655
balanced_contour_3e-13_R4.8,0.08999999999999997,s1*s2,0,-82.07669951878148,-27.293816887038346
balanced_contour_3e-13_R4.8,0.08999999999999997,s1*s2,1,37.6116634778169,2.4991222680903564
balanced_contour_3e-13_R4.8,0.08999999999999997,s2*s3,0,2.5998158709546675,8.346404759659716
balanced_contour_3e-13_R4.8,0.08999999999999997,s2*s3,1,-2.7062822398910114,-2.7882195853304057
balanced_contour_3e-13_R4.8,0.08999999999999997,s3*s4,0,0.8977144101957525,-0.2994320006069721
balanced_contour_3e-13_R4.8,0.08999999999999997,s3*s4,1,-0.35127643925964586,0.14623201406179342
balanced_contour_3e-13_R4.8,0.08999999999999997,s1*s4,0,-8.761857094051015,-14.62943108229803
balanced_contour_3e-13_R4.8,0.08999999999999997,s1*s4,1,5.246688226018666,6.683208338879735
balanced_contour_3e-13_R4.8,0.10499999999999998,s1*s2,0,-82.07669951381445,-27.293816917438175
balanced_contour_3e-13_R4.8,0.10499999999999998,s1*s2,1,37.61166347692592,2.499122282916338
balanced_contour_3e-13_R4.8,0.10499999999999998,s2*s3,0,2.5998158684885153,8.346404761493508
balanced_contour_3e-13_R4.8,0.10499999999999998,s2*s3,1,-2.7062822387927246,-2.788219586319387
balanced_contour_3e-13_R4.8,0.10499999999999998,s3*s4,0,0.8977144102991583,-0.2994320003025348
balanced_contour_3e-13_R4.8,0.10499999999999998,s3*s4,1,-0.3512764393253854,0.14623201392088328
balanced_contour_3e-13_R4.8,0.10499999999999998,s1*s4,0,-8.761857088410395,-14.629431086215796
balanced_contour_3e-13_R4.8,0.10499999999999998,s1*s4,1,5.246688223526905,6.683208341039561
balanced_contour_3e-13_R4.8,0.12,s1*s2,0,-82.07669950437192,-27.293816938971055
balanced_contour_3e-13_R4.8,0.12,s1*s2,1,37.61166347365818,2.4991222950394367
balanced_contour_3e-13_R4.8,0.12,s2*s3,0,2.5998158662370665,8.346404762416343
balanced_contour_3e-13_R4.8,0.12,s2*s3,1,-2.706282237683638,-2.7882195869934416
balanced_contour_3e-13_R4.8,0.12,s3*s4,0,0.8977144103186738,-0.29943200006512105
balanced_contour_3e-13_R4.8,0.12,s3*s4,1,-0.35127643935380215,0.14623201379683637
balanced_contour_3e-13_R4.8,0.12,s1*s4,0,-8.76185708352884,-14.62943108788987
balanced_contour_3e-13_R4.8,0.12,s1*s4,1,5.2466882210669405,6.6832083423146385
balanced_contour_3e-13_R4.8,0.135,s1*s2,0,-82.0766995060853,-27.293816975664505
balanced_contour_3e-13_R4.8,0.135,s1*s2,1,37.61166347643781,2.4991223122909894
balanced_contour_3e-13_R4.8,0.135,s2*s3,0,2.5998158637887157,8.34640476516096
balanced_contour_3e-13_R4.8,0.135,s2*s3,1,-2.7062822366684345,-2.7882195884123044
balanced_contour_3e-13_R4.8,0.135,s3*s4,0,0.8977144105154001,-0.299431999735946
balanced_contour_3e-13_R4.8,0.135,s3*s4,1,-0.3512764394655779,0.1462320136517111
balanced_contour_3e-13_R4.8,0.135,s1*s4,0,-8.761857077953097,-14.629431093830142
balanced_contour_3e-13_R4.8,0.135,s1*s4,1,5.2466882187711805,6.683208345423853
balanced_contour_3e-13_R4.8,0.15000000000000002,s1*s2,0,-82.07669950389577,-27.293817004723742
balanced_contour_3e-13_R4.8,0.15000000000000002,s1*s2,1,37.61166347730425,2.4991223274459715
balanced_contour_3e-13_R4.8,0.15000000000000002,s2*s3,0,2.599815861518053,8.34640476712107
balanced_contour_3e-13_R4.8,0.15000000000000002,s2*s3,1,-2.706282235638125,-2.7882195895871025
balanced_contour_3e-13_R4.8,0.15000000000000002,s3*s4,0,0.8977144106406633,-0.2994319994639377
balanced_contour_3e-13_R4.8,0.15000000000000002,s3*s4,1,-0.351276439548186,0.14623201352017984
balanced_contour_3e-13_R4.8,0.15000000000000002,s1*s4,0,-8.761857073029164,-14.629431097813285
balanced_contour_3e-13_R4.8,0.15000000000000002,s1*s4,1,5.246688216482631,6.683208347821317
balanced_contour_3e-13_R4.8,0.16499999999999998,s1*s2,0,-82.07669951297258,-27.293817045085895
balanced_contour_3e-13_R4.8,0.16499999999999998,s1*s2,1,37.61166348402995,2.4991223461892957
balanced_contour_3e-13_R4.8,0.16499999999999998,s2*s3,0,2.5998158592986185,8.34640477064767
balanced_contour_3e-13_R4.8,0.16499999999999998,s2*s3,1,-2.706282234784058,-2.788219591398367
balanced_contour_3e-13_R4.8,0.16499999999999998,s3*s4,0,0.8977144109266677,-0.29943199914069724
balanced_contour_3e-13_R4.8,0.16499999999999998,s3*s4,1,-0.3512764397042327,0.1462320133827197
balanced_contour_3e-13_R4.8,0.16499999999999998,s1*s4,0,-8.761857068043462,-14.629431105418298
balanced_contour_3e-13_R4.8,0.16499999999999998,s1*s4,1,5.246688214560884,6.683208351751121
balanced_contour_3e-13_R4.8,0.18,s1*s2,0,-82.07669952115506,-27.29381708171683
balanced_contour_3e-13_R4.8,0.18,s1*s2,1,37.611663490498074,2.499122364264074
balanced_contour_3e-13_R4.8,0.18,s2*s3,0,2.5998158572407695,8.346404773852372
balanced_contour_3e-13_R4.8,0.18,s2*s3,1,-2.706282233943166,-2.7882195931608034
balanced_contour_3e-13_R4.8,0.18,s3*s4,0,0.8977144111844253,-0.2994319988555153
balanced_contour_3e-13_R4.8,0.18,s3*s4,1,-0.3512764398527623,0.14623201325367458
balanced_contour_3e-13_R4.8,0.18,s1*s4,0,-8.76185706350732,-14.629431112249717
balanced_contour_3e-13_R4.8,0.18,s1*s4,1,5.246688212683664,6.683208355501489
balanced_contour_3e-13_R4.8,0.195,s1*s2,0,-82.07669954076432,-27.293817126677176
balanced_contour_3e-13_R4.8,0.195,s1*s2,1,37.611663503167264,2.4991223846392843
balanced_contour_3e-13_R4.8,0.195,s2*s3,0,2.599815855411294,8.346404778473078
balanced_contour_3e-13_R4.8,0.195,s2*s3,1,-2.7062822333858207,-2.7882195955245823
balanced_contour_3e-13_R4.8,0.195,s3*s4,0,0.8977144115890003,-0.29943199854758873
balanced_contour_3e-13_R4.8,0.195,s3*s4,1,-0.35127644007035536,0.14623201313348258
balanced_contour_3e-13_R4.8,0.195,s1*s4,0,-8.761857059416414,-14.629431122154166
balanced_contour_3e-13_R4.8,0.195,s1*s4,1,5.246688211403123,6.68320836058794
balanced_contour_3e-13_R4.8,0.20999999999999996,s1*s2,0,-82.07669956752198,-27.29381717219078
balanced_contour_3e-13_R4.8,0.20999999999999996,s1*s2,1,37.61166351922723,2.499122405127051
balanced_contour_3e-13_R4.8,0.20999999999999996,s2*s3,0,2.59981585401887,8.346404783611952
balanced_contour_3e-13_R4.8,0.20999999999999996,s2*s3,1,-2.706282233041726,-2.7882195981301496
balanced_contour_3e-13_R4.8,0.20999999999999996,s3*s4,0,0.8977144120642038,-0.2994319982711938
balanced_contour_3e-13_R4.8,0.20999999999999996,s3*s4,1,-0.35127644032082633,0.1462320130294596
balanced_contour_3e-13_R4.8,0.20999999999999996,s1*s4,0,-8.761857056406567,-14.629431133267223
balanced_contour_3e-13_R4.8,0.20999999999999996,s1*s4,1,5.246688210659074,6.6832083662115345
balanced_contour_3e-13_R4.8,0.22499999999999998,s1*s2,0,-82.076699599635,-27.293817226645643
balanced_contour_3e-13_R4.8,0.22499999999999998,s1*s2,1,37.611663540229,2.4991224293081276
balanced_contour_3e-13_R4.8,0.22499999999999998,s2*s3,0,2.5998158523529526,8.34640478982762
balanced_contour_3e-13_R4.8,0.22499999999999998,s2*s3,1,-2.706282232789224,-2.7882196013783314
balanced_contour_3e-13_R4.8,0.22499999999999998,s3*s4,0,0.8977144126296828,-0.29943199794553643
balanced_contour_3e-13_R4.8,0.22499999999999998,s3*s4,1,-0.3512764406324401,0.14623201291862392
balanced_contour_3e-13_R4.8,0.22499999999999998,s1*s4,0,-8.761857052735698,-14.62943114649611
balanced_contour_3e-13_R4.8,0.22499999999999998,s1*s4,1,5.246688210040884,6.683208373150282
balanced_contour_3e-13_R4.8,0.24,s1*s2,0,-82.07669965649274,-27.293817275870595
balanced_contour_3e-13_R4.8,0.24,s1*s2,1,37.61166357047941,2.4991224485038273
balanced_contour_3e-13_R4.8,0.24,s2*s3,0,2.5998158528197783,8.3464047973612
balanced_contour_3e-13_R4.8,0.24,s2*s3,1,-2.706282233532634,-2.7882196048928143
balanced_contour_3e-13_R4.8,0.24,s3*s4,0,0.8977144134014919,-0.29943199778941676
balanced_contour_3e-13_R4.8,0.24,s3*s4,1,-0.35127644100676436,0.14623201289954926
balanced_contour_3e-13_R4.8,0.24,s1*s4,0,-8.76185705377826,-14.629431162887084
balanced_contour_3e-13_R4.8,0.24,s1*s4,1,5.246688211694065,6.683208380796566
balanced_contour_3e-13_R4.2,-0.24,s1*s2,0,-82.07671798112992,-27.293827534067916
balanced_contour_3e-13_R4.2,-0.24,s1*s2,1,37.611673282638115,2.499125921580896
balanced_contour_3e-13_R4.2,-0.24,s2*s3,0,2.5998166627244013,8.346406935426373
balanced_contour_3e-13_R4.2,-0.24,s2*s3,1,-2.7062827986056672,-2.7882205759325793
balanced_contour_3e-13_R4.2,-0.24,s3*s4,0,0.8977146124708187,-0.29943198163532914
balanced_contour_3e-13_R4.2,-0.24,s3*s4,1,-0.3512765386809965,0.14623202153090398
balanced_contour_3e-13_R4.2,-0.24,s1*s4,0,-8.761857846940357,-14.629435860832581
balanced_contour_3e-13_R4.2,-0.24,s1*s4,1,5.246688978515298,6.683210587357436
balanced_contour_3e-13_R4.2,-0.22499999999999998,s1*s2,0,-82.07671796145478,-27.293826617082757
balanced_contour_3e-13_R4.2,-0.22499999999999998,s1*s2,1,37.61167322362468,2.4991254632585065
balanced_contour_3e-13_R4.2,-0.22499999999999998,s2*s3,0,2.5998167202055082,8.34640684755485
balanced_contour_3e-13_R4.2,-0.22499999999999998,s2*s3,1,-2.706282822691238,-2.7882205288283735
balanced_contour_3e-13_R4.2,-0.22499999999999998,s3*s4,0,0.8977146097436977,-0.2994319894500044
balanced_contour_3e-13_R4.2,-0.22499999999999998,s3*s4,1,-0.35127653689610083,0.14623202529944207
balanced_contour_3e-13_R4.2,-0.22499999999999998,s1*s4,0,-8.761858026144793,-14.62943572977073
balanced_contour_3e-13_R4.2,-0.22499999999999998,s1*s4,1,5.24668906126815,6.683210512096172
balanced_contour_3e-13_R4.2,-0.21,s1*s2,0,-82.07671782840029,-27.29382567359167
balanced_contour_3e-13_R4.2,-0.21,s1*s2,1,37.611673106725185,2.4991250023047664
balanced_contour_3e-13_R4.2,-0.21,s2*s3,0,2.5998167690987026,8.34640675132229
balanced_contour_3e-13_R4.2,-0.21,s2*s3,1,-2.706282841759907,-2.788220478445762
balanced_contour_3e-13_R4.2,-0.21,s3*s4,0,0.8977146058265482,-0.2994319972108552
balanced_contour_3e-13_R4.2,-0.21,s3*s4,1,-0.35127653453389474,0.14623202893892231
balanced_contour_3e-13_R4.2,-0.21,s1*s4,0,-8.761858192294005,-14.62943557161605
balanced_contour_3e-13_R4.2,-0.21,s1*s4,1,5.246689135175293,6.683210424662083
balanced_contour_3e-13_R4.2,-0.195,s1*s2,0,-82.0767175725657,-27.29382471353743
balanced_contour_3e-13_R4.2,-0.195,s1*s2,1,37.6116729277789,2.4991245443728856
balanced_contour_3e-13_R4.2,-0.195,s2*s3,0,2.5998168083324504,8.346406647005244
balanced_contour_3e-13_R4.2,-0.195,s2*s3,1,-2.7062828552788583,-2.7882204249738645
balanced_contour_3e-13_R4.2,-0.195,s3*s4,0,0.8977146006510281,-0.2994320047632526
balanced_contour_3e-13_R4.2,-0.195,s3*s4,1,-0.3512765315712355,0.14623203236606325
balanced_contour_3e-13_R4.2,-0.195,s1*s4,0,-8.761858341734557,-14.629435386613688
balanced_contour_3e-13_R4.2,-0.195,s1*s4,1,5.24668919842464,6.68321032542167
balanced_contour_3e-13_R4.2,-0.18,s1*s2,0,-82.07671718533831,-27.293823744049973
balanced_contour_3e-13_R4.2,-0.18,s1*s2,1,37.61167268276321,2.4991240941134594
balanced_contour_3e-13_R4.2,-0.18,s2*s3,0,2.599816836954271,8.346406534602657
balanced_contour_3e-13_R4.2,-0.18,s2*s3,1,-2.7062828627175017,-2.788220368512891
balanced_contour_3e-13_R4.2,-0.18,s3*s4,0,0.8977145941576847,-0.2994320119913931
balanced_contour_3e-13_R4.2,-0.18,s3*s4,1,-0.3512765279856781,0.1462320355141951
balanced_contour_3e-13_R4.2,-0.18,s1*s4,0,-8.761858471687065,-14.629435174632784
balanced_contour_3e-13_R4.2,-0.18,s1*s4,1,5.246689249491138,6.683210214523217
balanced_contour_3e-13_R4.2,-0.16499999999999998,s1*s2,0,-82.0767166578574,-27.293822778723317
balanced_contour_3e-13_R4.2,-0.16499999999999998,s1*s2,1,37.61167236797334,2.499123658794561
balanced_contour_3e-13_R4.2,-0.16499999999999998,s2*s3,0,2.5998168537657986,8.346406414617867
balanced_contour_3e-13_R4.2,-0.16499999999999998,s2*s3,1,-2.7062828634998417,-2.78822030934759
balanced_contour_3e-13_R4.2,-0.16499999999999998,s3*s4,0,0.8977145863015789,-0.29943201870052716
balanced_contour_3e-13_R4.2,-0.16499999999999998,s3*s4,1,-0.35127652376798446,0.14623203828245723
balanced_contour_3e-13_R4.2,-0.16499999999999998,s1*s4,0,-8.76185857799982,-14.629434936778063
balanced_contour_3e-13_R4.2,-0.16499999999999998,s1*s4,1,5.246689286407322,6.683210092766136
balanced_contour_3e-13_R4.2,-0.15,s1*s2,0,-82.07671598188713,-27.29382182806329
balanced_contour_3e-13_R4.2,-0.15,s1*s2,1,37.61167197979028,2.499123244548439
balanced_contour_3e-13_R4.2,-0.15,s2*s3,0,2.5998168576613954,8.346406287287309
balanced_contour_3e-13_R4.2,-0.15,s2*s3,1,-2.7062828570501885,-2.788220247683376
balanced_contour_3e-13_R4.2,-0.15,s3*s4,0,0.8977145770441273,-0.2994320247367543
balanced_contour_3e-13_R4.2,-0.15,s3*s4,1,-0.35127651890884215,0.14623204058781544
balanced_contour_3e-13_R4.2,-0.15,s1*s4,0,-8.761858657422238,-14.629434673617215
balanced_contour_3e-13_R4.2,-0.15,s1*s4,1,5.246689307497128,6.683209960662569
balanced_contour_3e-13_R4.2,-0.135,s1*s2,0,-82.0767151490384,-27.29382090411736
balanced_contour_3e-13_R4.2,-0.135,s1*s2,1,37.6116715145628,2.4991228582806366
balanced_contour_3e-13_R4.2,-0.135,s2*s3,0,2.5998168474546013,8.34640615287896
balanced_contour_3e-13_R4.2,-0.135,s2*s3,1,-2.7062828427456433,-2.7882201837400435
balanced_contour_3e-13_R4.2,-0.135,s3*s4,0,0.8977145663554641,-0.299432029928165
balanced_contour_3e-13_R4.2,-0.135,s3*s4,1,-0.3512765134039331,0.1462320423382102
balanced_contour_3e-13_R4.2,-0.135,s1*s4,0,-8.761858706469546,-14.629434386059577
balanced_contour_3e-13_R4.2,-0.135,s1*s4,1,5.246689310992112,6.6832098188985505
balanced_contour_3e-13_R4.2,-0.12,s1*s2,0,-82.07671415186992,-27.293820024099197
balanced_contour_3e-13_R4.2,-0.12,s1*s2,1,37.61167096948578,2.499122508927891
balanced_contour_3e-13_R4.2,-0.12,s2*s3,0,2.599816821765128,8.346406012148055
balanced_contour_3e-13_R4.2,-0.12,s2*s3,1,-2.706282819939501,-2.7882201179354493
balanced_contour_3e-13_R4.2,-0.12,s3*s4,0,0.8977145542343928,-0.2994320340491322
balanced_contour_3e-13_R4.2,-0.12,s3*s4,1,-0.35127650726680365,0.14623204342069804
balanced_contour_3e-13_R4.2,-0.12,s1*s4,0,-8.761858720837056,-14.629434076048573
balanced_contour_3e-13_R4.2,-0.12,s1*s4,1,5.246689294895296,6.683209668690451
balanced_contour_3e-13_R4.2,-0.10499999999999998,s1*s2,0,-82.07671298283326,-27.29381919955403
balanced_contour_3e-13_R4.2,-0.10499999999999998,s1*s2,1,37.61167034122934,2.499122203391324
balanced_contour_3e-13_R4.2,-0.10499999999999998,s2*s3,0,2.5998167794015923,8.34640586528127
balanced_contour_3e-13_R4.2,-0.10499999999999998,s2*s3,1,-2.706282787977756,-2.7882200504842007
balanced_contour_3e-13_R4.2,-0.10499999999999998,s3*s4,0,0.8977145406684823,-0.2994320369404796
balanced_contour_3e-13_R4.2,-0.10499999999999998,s3*s4,1,-0.3512765005006163,0.14623204374829293
balanced_contour_3e-13_R4.2,-0.10499999999999998,s1*s4,0,-8.761858697505529,-14.629433744515234
balanced_contour_3e-13_R4.2,-0.10499999999999998,s1*s4,1,5.24668925758578,6.683209510724374
balanced_contour_3e-13_R4.2,-0.09,s1*s2,0,-82.07671163614543,-27.293818453438206
balanced_contour_3e-13_R4.2,-0.09,s1*s2,1,37.611669628142934,2.4991219530394586
balanced_contour_3e-13_R4.2,-0.09,s2*s3,0,2.599816718744158,8.346405713495885
balanced_contour_3e-13_R4.2,-0.09,s2*s3,1,-2.7062827461417944,-2.788219982011439
balanced_contour_3e-13_R4.2,-0.09,s3*s4,0,0.8977145257034422,-0.2994320383258442
balanced_contour_3e-13_R4.2,-0.09,s3*s4,1,-0.3512764931445299,0.14623204318804864
balanced_contour_3e-13_R4.2,-0.09,s1*s4,0,-8.761858631556896,-14.629433394684096
balanced_contour_3e-13_R4.2,-0.09,s1*s4,1,5.246689196908494,6.6832093468489315
balanced_contour_3e-13_R4.2,-0.07500000000000001,s1*s2,0,-82.07671010586512,-27.293817802827505
balanced_contour_3e-13_R4.2,-0.07500000000000001,s1*s2,1,37.61166882808577,2.499121767100703
balanced_contour_3e-13_R4.2,-0.07500000000000001,s2*s3,0,2.5998166383606365,8.34640555746808
balanced_contour_3e-13_R4.2,-0.07500000000000001,s2*s3,1,-2.70628269371747,-2.7882199129558067
balanced_contour_3e-13_R4.2,-0.07500000000000001,s3*s4,0,0.897714509370717,-0.29943203799813645
balanced_contour_3e-13_R4.2,-0.07500000000000001,s3*s4,1,-0.35127648522635085,0.1462320416344849
balanced_contour_3e-13_R4.2,-0.07500000000000001,s1*s4,0,-8.761858519344761,-14.629433028655109
balanced_contour_3e-13_R4.2,-0.07500000000000001,s1*s4,1,5.246689111078101,6.68320917834637
balanced_contour_3e-13_R4.2,-0.06,s1*s2,0,-82.07670838699983,-27.29381726710789
balanced_contour_3e-13_R4.2,-0.06,s1*s2,1,37.6116679394291,2.4991216558607174
balanced_contour_3e-13_R4.2,-0.06,s2*s3,0,2.5998165367227832,8.346405398051203
balanced_contour_3e-13_R4.2,-0.06,s2*s3,1,-2.7062826299447647,-2.78821984383882
balanced_contour_3e-13_R4.2,-0.06,s3*s4,0,0.8977144917272761,-0.2994320357311204
balanced_contour_3e-13_R4.2,-0.06,s3*s4,1,-0.35127647678683654,0.14623203897411022
balanced_contour_3e-13_R4.2,-0.06,s1*s4,0,-8.761858357086018,-14.629432649086585
balanced_contour_3e-13_R4.2,-0.06,s1*s4,1,5.246688998272505,6.6832090067609915
balanced_contour_3e-13_R4.2,-0.044999999999999984,s1*s2,0,-82.07670647781848,-27.293816874533917
balanced_contour_3e-13_R4.2,-0.044999999999999984,s1*s2,1,37.611666962857676,2.4991216329016304
balanced_contour_3e-13_R4.2,-0.044999999999999984,s2*s3,0,2.5998164120313745,8.346405237026868
balanced_contour_3e-13_R4.2,-0.044999999999999984,s2*s3,1,-2.7062825540643956,-2.7882197755704397
balanced_contour_3e-13_R4.2,-0.044999999999999984,s3*s4,0,0.897714472893245,-0.2994320312230238
balanced_contour_3e-13_R4.2,-0.044999999999999984,s3*s4,1,-0.3512764679024794,0.14623203506741064
balanced_contour_3e-13_R4.2,-0.044999999999999984,s1*s4,0,-8.761858139888474,-14.629432260633486
balanced_contour_3e-13_R4.2,-0.044999999999999984,s1*s4,1,5.246688856454519,6.683208834620303
balanced_contour_3e-13_R4.2,-0.03,s1*s2,0,-82.07670437464348,-27.29381664402124
balanced_contour_3e-13_R4.2,-0.03,s1*s2,1,37.61166589733579,2.499121708660277
balanced_contour_3e-13_R4.2,-0.03,s2*s3,0,2.59981626274553,8.346405075224885
balanced_contour_3e-13_R4.2,-0.03,s2*s3,1,-2.706282465276768,-2.7882197087143084
balanced_contour_3e-13_R4.2,-0.03,s3*s4,0,0.8977144529475268,-0.299432024269516
balanced_contour_3e-13_R4.2,-0.03,s3*s4,1,-0.3512764586237083,0.14623202980953484
balanced_contour_3e-13_R4.2,-0.03,s1*s4,0,-8.761857864491382,-14.6294318659685
balanced_contour_3e-13_R4.2,-0.03,s1*s4,1,5.2466886839466165,6.683208663491699
balanced_contour_3e-13_R4.2,-0.015000000000000013,s1*s2,0,-82.07670208007829,-27.293816611733195
balanced_contour_3e-13_R4.2,-0.015000000000000013,s1*s2,1,37.61166474614325,2.499121899895426
balanced_contour_3e-13_R4.2,-0.015000000000000013,s2*s3,0,2.5998160868162237,8.346404915253297
balanced_contour_3e-13_R4.2,-0.015000000000000013,s2*s3,1,-2.7062823627765926,-2.7882196445567504
balanced_contour_3e-13_R4.2,-0.015000000000000013,s3*s4,0,0.8977144320955095,-0.29943201451737794
balanced_contour_3e-13_R4.2,-0.015000000000000013,s3*s4,1,-0.3512764490703558,0.14623202304426197
balanced_contour_3e-13_R4.2,-0.015000000000000013,s1*s4,0,-8.761857525479664,-14.62943147167799
balanced_contour_3e-13_R4.2,-0.015000000000000013,s1*s4,1,5.246688478663465,6.683208496821205
balanced_contour_3e-13_R4.2,0.0,s1*s2,0,-82.07669959558176,-27.293816804371634
balanced_contour_3e-13_R4.2,0.0,s1*s2,1,37.61166351136896,2.499122220102573
balanced_contour_3e-13_R4.2,0.0,s2*s3,0,2.5998158824913538,8.346404758854442
balanced_contour_3e-13_R4.2,0.0,s2*s3,1,-2.7062822457607476,-2.7882195840881914
balanced_contour_3e-13_R4.2,0.0,s3*s4,0,0.8977144105033108,-0.29943200171274736
balanced_contour_3e-13_R4.2,0.0,s3*s4,1,-0.351276439338696,0.1462320146521072
balanced_contour_3e-13_R4.2,0.0,s1*s4,0,-8.761857119213905,-14.629431082424311
balanced_contour_3e-13_R4.2,0.0,s1*s4,1,5.246688238966065,6.683208337142398
balanced_contour_3e-13_R4.2,0.015000000000000013,s1*s2,0,-82.07669692685928,-27.29381725713773
balanced_contour_3e-13_R4.2,0.015000000000000013,s1*s2,1,37.611662197720605,2.4991226859986186
balanced_contour_3e-13_R4.2,0.015000000000000013,s2*s3,0,2.5998156478128807,8.346404608694819
balanced_contour_3e-13_R4.2,0.015000000000000013,s2*s3,1,-2.7062821134277866,-2.7882195286930083
balanced_contour_3e-13_R4.2,0.015000000000000013,s3*s4,0,0.8977143884131447,-0.2994319855436152
balanced_contour_3e-13_R4.2,0.015000000000000013,s3*s4,1,-0.3512764295646747,0.1462320044950138
balanced_contour_3e-13_R4.2,0.015000000000000013,s1*s4,0,-8.761856641218701,-14.62943070495128
balanced_contour_3e-13_R4.2,0.015000000000000013,s1*s4,1,5.2466879630843,6.683208187976558
balanced_contour_3e-13_R4.2,0.030000000000000027,s1*s2,0,-82.07669408258957,-27.29381800682511
balanced_contour_3e-13_R4.2,0.030000000000000027,s1*s2,1,37.61166081158353,2.499123314971698
balanced_contour_3e-13_R4.2,0.030000000000000027,s2*s3,0,2.5998153808372875,8.346404467774128
balanced_contour_3e-13_R4.2,0.030000000000000027,s2*s3,1,-2.706281965010017,-2.788219479935461
balanced_contour_3e-13_R4.2,0.030000000000000027,s3*s4,0,0.8977143661093383,-0.29943196570216923
balanced_contour_3e-13_R4.2,0.030000000000000027,s3*s4,1,-0.3512764199047773,0.1462319924390641
balanced_contour_3e-13_R4.2,0.030000000000000027,s1*s4,0,-8.761856087319385,-14.62943034657023
balanced_contour_3e-13_R4.2,0.030000000000000027,s1*s4,1,5.246687649430026,6.683208053139967
balanced_contour_3e-13_R4.2,0.044999999999999984,s1*s2,0,-82.07669107781658,-27.29381910140598
balanced_contour_3e-13_R4.2,0.044999999999999984,s1*s2,1,37.611659362888155,2.4991241286596444
balanced_contour_3e-13_R4.2,0.044999999999999984,s2*s3,0,2.599815079337239,8.346404340253917
balanced_contour_3e-13_R4.2,0.044999999999999984,s2*s3,1,-2.7062817997027078,-2.788219439874998
balanced_contour_3e-13_R4.2,0.044999999999999984,s3*s4,0,0.897714343991017,-0.29943194180144794
balanced_contour_3e-13_R4.2,0.044999999999999984,s3*s4,1,-0.35127641057244413,0.14623197832590884
balanced_contour_3e-13_R4.2,0.044999999999999984,s1*s4,0,-8.761855452612473,-14.629430017501662
balanced_contour_3e-13_R4.2,0.044999999999999984,s1*s4,1,5.246687296357508,6.683207937745461
balanced_contour_3e-13_R4.2,0.06,s1*s2,0,-82.07668792631472,-27.29382057505812
balanced_contour_3e-13_R4.2,0.06,s1*s2,1,37.611657860717806,2.4991251436252995
balanced_contour_3e-13_R4.2,0.06,s2*s3,0,2.5998147417070356,8.346404229331771
balanced_contour_3e-13_R4.2,0.06,s2*s3,1,-2.7062816168990573,-2.788219410264426
balanced_contour_3e-13_R4.2,0.06,s3*s4,0,0.8977143223791078,-0.2994319136022428
balanced_contour_3e-13_R4.2,0.06,s3*s4,1,-0.35127640174323804,0.14623196205283767
balanced_contour_3e-13_R4.2,0.06,s1*s4,0,-8.761854734296636,-14.629429725155509
balanced_contour_3e-13_R4.2,0.06,s1*s4,1,5.246686902834225,6.683207845727545
balanced_contour_3e-13_R4.2,0.07500000000000001,s1*s2,0,-82.07668465659462,-27.293822489977625
balanced_contour_3e-13_R4.2,0.07500000000000001,s1*s2,1,37.61165632257259,2.4991263866908184
balanced_contour_3e-13_R4.2,0.07500000000000001,s2*s3,0,2.599814365652184,8.346404141144058
balanced_contour_3e-13_R4.2,0.07500000000000001,s2*s3,1,-2.706281415952819,-2.788219394058046
balanced_contour_3e-13_R4.2,0.07500000000000001,s3*s4,0,0.8977143018699659,-0.29943188066140913
balanced_contour_3e-13_R4.2,0.07500000000000001,s3*s4,1,-0.3512763937270614,0.14623194345454013
balanced_contour_3e-13_R4.2,0.07500000000000001,s1*s4,0,-8.761853927273464,-14.629429484004593
balanced_contour_3e-13_R4.2,0.07500000000000001,s1*s4,1,5.246686467573379,6.683207784177238
balanced_contour_3e-13_R4.2,0.08999999999999997,s1*s2,0,-82.07668129408108,-27.293824891316408
balanced_contour_3e-13_R4.2,0.08999999999999997,s1*s2,1,37.611654764029225,2.499127878815494
balanced_contour_3e-13_R4.2,0.08999999999999997,s2*s3,0,2.599813949516928,8.346404080484842
balanced_contour_3e-13_R4.2,0.08999999999999997,s2*s3,1,-2.7062811963588884,-2.7882193937821307
balanced_contour_3e-13_R4.2,0.08999999999999997,s3*s4,0,0.8977142829541247,-0.2994318427017513
balanced_contour_3e-13_R4.2,0.08999999999999997,s3*s4,1,-0.3512763867844507,0.14623192242376035
balanced_contour_3e-13_R4.2,0.08999999999999997,s1*s4,0,-8.761853028939326,-14.629429304837041
balanced_contour_3e-13_R4.2,0.08999999999999997,s1*s4,1,5.246685989902855,6.683207758651461
balanced_contour_3e-13_R4.2,0.10499999999999998,s1*s2,0,-82.07667788033132,-27.293827846240895
balanced_contour_3e-13_R4.2,0.10499999999999998,s1*s2,1,37.6116532098864,2.499129648554182
balanced_contour_3e-13_R4.2,0.10499999999999998,s2*s3,0,2.599813491412581,8.346404054834876
balanced_contour_3e-13_R4.2,0.10499999999999998,s2*s3,1,-2.706280957797583,-2.7882194130925115
balanced_contour_3e-13_R4.2,0.10499999999999998,s3*s4,0,0.897714266372382,-0.29943179931791597
balanced_contour_3e-13_R4.2,0.10499999999999998,s3*s4,1,-0.3512763812986464,0.14623189882446977
balanced_contour_3e-13_R4.2,0.10499999999999998,s1*s4,0,-8.761852035494002,-14.629429204639685
balanced_contour_3e-13_R4.2,0.10499999999999998,s1*s4,1,5.246685469368389,6.683207777494625
balanced_contour_3e-13_R4.2,0.12,s1*s2,0,-82.07667447073817,-27.293831426785275
balanced_contour_3e-13_R4.2,0.12,s1*s2,1,37.61165169112666,2.4991317256729317
balanced_contour_3e-13_R4.2,0.12,s2*s3,0,2.5998129899957814,8.346404072915789
balanced_contour_3e-13_R4.2,0.12,s2*s3,1,-2.706280700240698,-2.7882194561432776
balanced_contour_3e-13_R4.2,0.12,s3*s4,0,0.8977142530289017,-0.29943175012747664
balanced_contour_3e-13_R4.2,0.12,s3*s4,1,-0.35127637772171877,0.14623187254194392
balanced_contour_3e-13_R4.2,0.12,s1*s4,0,-8.76185094474057,-14.629429203294954
balanced_contour_3e-13_R4.2,0.12,s1*s4,1,5.246684906392002,6.683207850153313
balanced_contour_3e-13_R4.2,0.135,s1*s2,0,-82.07667111588768,-27.293835698528714
balanced_contour_3e-13_R4.2,0.135,s1*s2,1,37.61165023893154,2.499134139033603
balanced_contour_3e-13_R4.2,0.135,s2*s3,0,2.599812443792465,8.34640414294447
balanced_contour_3e-13_R4.2,0.135,s2*s3,1,-2.706280423683982,-2.7882195272282146
balanced_contour_3e-13_R4.2,0.135,s3*s4,0,0.8977142437364444,-0.2994316948206502
balanced_contour_3e-13_R4.2,0.135,s3*s4,1,-0.3512763764883766,0.14623184348610194
balanced_contour_3e-13_R4.2,0.135,s1*s4,0,-8.761849754574985,-14.629429318269558
balanced_contour_3e-13_R4.2,0.135,s1*s4,1,5.246684301338312,6.6832079856905136
balanced_contour_3e-13_R4.2,0.15000000000000002,s1*s2,0,-82.07666790966542,-27.29384075500805
balanced_contour_3e-13_R4.2,0.15000000000000002,s1*s2,1,37.61164890347184,2.499136924407881
balanced_contour_3e-13_R4.2,0.15000000000000002,s2*s3,0,2.5998118526519813,8.34640427785604
balanced_contour_3e-13_R4.2,0.15000000000000002,s2*s3,1,-2.7062801290086087,-2.7882196322555077
balanced_contour_3e-13_R4.2,0.15000000000000002,s3*s4,0,0.8977142398658795,-0.2994316330126495
balanced_contour_3e-13_R4.2,0.15000000000000002,s3*s4,1,-0.35127637826137476,0.146231811586185
balanced_contour_3e-13_R4.2,0.15000000000000002,s1*s4,0,-8.761848465399206,-14.629429578816925
balanced_contour_3e-13_R4.2,0.15000000000000002,s1*s4,1,5.246683656698481,6.683208197481998
balanced_contour_3e-13_R4.2,0.16499999999999998,s1*s2,0,-82.07666492566378,-27.29384667861131
balanced_contour_3e-13_R4.2,0.16499999999999998,s1*s2,1,37.611647730386586,2.49914011772622
balanced_contour_3e-13_R4.2,0.16499999999999998,s2*s3,0,2.5998112153660076,8.346404488829755
balanced_contour_3e-13_R4.2,0.16499999999999998,s2*s3,1,-2.7062798166691633,-2.788219777133262
balanced_contour_3e-13_R4.2,0.16499999999999998,s3*s4,0,0.8977142425215222,-0.2994315643790516
balanced_contour_3e-13_R4.2,0.16499999999999998,s3*s4,1,-0.35127638363834784,0.14623177676950824
balanced_contour_3e-13_R4.2,0.16499999999999998,s1*s4,0,-8.761847075953236,-14.629430008212339
balanced_contour_3e-13_R4.2,0.16499999999999998,s1*s4,1,5.246682973880737,6.683208497774145
balanced_contour_3e-13_R4.2,0.18,s1*s2,0,-82.07666229681821,-27.293853583019967
balanced_contour_3e-13_R4.2,0.18,s1*s2,1,37.611646791899496,2.4991437612105267
balanced_contour_3e-13_R4.2,0.18,s2*s3,0,2.5998105329587373,8.346404793151885
balanced_contour_3e-13_R4.2,0.18,s2*s3,1,-2.706279488591686,-2.7882199698861925
balanced_contour_3e-13_R4.2,0.18,s3*s4,0,0.8977142535222401,-0.2994314885740673
balanced_contour_3e-13_R4.2,0.18,s3*s4,1,-0.3512763935088387,0.14623173902854036
balanced_contour_3e-13_R4.2,0.18,s1*s4,0,-8.761845589380142,-14.62943064457619
balanced_contour_3e-13_R4.2,0.18,s1*s4,1,5.246682257661994,6.683208904230681
balanced_contour_3e-13_R4.2,0.195,s1*s2,0,-82.07666018082206,-27.293861574833283
balanced_contour_3e-13_R4.2,0.195,s1*s2,1,37.611646171452676,2.499147893281652
balanced_contour_3e-13_R4.2,0.195,s2*s3,0,2.5998098084726644,8.346405209470076
balanced_contour_3e-13_R4.2,0.195,s2*s3,1,-2.706279147673942,-2.7882202191576746
balanced_contour_3e-13_R4.2,0.195,s3*s4,0,0.8977142748868722,-0.2994314054540423
balanced_contour_3e-13_R4.2,0.195,s3*s4,1,-0.3512764088451235,0.1462316984555888
balanced_contour_3e-13_R4.2,0.195,s1*s4,0,-8.761844013918958,-14.629431528360382
balanced_contour_3e-13_R4.2,0.195,s1*s4,1,5.246681515135877,6.6832094354527
balanced_contour_3e-13_R4.2,0.20999999999999996,s1*s2,0,-82.07665873802823,-27.293870804287884
balanced_contour_3e-13_R4.2,0.20999999999999996,s1*s2,1,37.61164596637688,2.4991525731379567
balanced_contour_3e-13_R4.2,0.20999999999999996,s2*s3,0,2.599809041885304,8.346405760145075
balanced_contour_3e-13_R4.2,0.20999999999999996,s2*s3,1,-2.7062787963266652,-2.7882205362718304
balanced_contour_3e-13_R4.2,0.20999999999999996,s3*s4,0,0.897714308842289,-0.29943131453534727
balanced_contour_3e-13_R4.2,0.20999999999999996,s3*s4,1,-0.35127643082946214,0.14623165503494098
balanced_contour_3e-13_R4.2,0.20999999999999996,s1*s4,0,-8.76184235077631,-14.629432706494057
balanced_contour_3e-13_R4.2,0.20999999999999996,s1*s4,1,5.246680751898296,6.683210115219265
balanced_contour_3e-13_R4.2,0.22499999999999998,s1*s2,0,-82.07665824418623,-27.293881374437277
balanced_contour_3e-13_R4.2,0.22499999999999998,s1*s2,1,37.61164630878555,2.4991578277103095
balanced_contour_3e-13_R4.2,0.22499999999999998,s2*s3,0,2.5998082448000766,8.346406471735007
balanced_contour_3e-13_R4.2,0.22499999999999998,s2*s3,1,-2.7062784416099106,-2.788220932417133
balanced_contour_3e-13_R4.2,0.22499999999999998,s3*s4,0,0.8977143584866567,-0.2994312163088419
balanced_contour_3e-13_R4.2,0.22499999999999998,s3*s4,1,-0.3512764608316889,0.146231609218413
balanced_contour_3e-13_R4.2,0.22499999999999998,s1*s4,0,-8.761840627197373,-14.629434237588235
balanced_contour_3e-13_R4.2,0.22499999999999998,s1*s4,1,5.246679984540534,6.68321096797196
balanced_contour_3e-13_R4.2,0.24,s1*s2,0,-82.07665893294775,-27.293893511533632
balanced_contour_3e-13_R4.2,0.24,s1*s2,1,37.61164735017578,2.4991637452309914
balanced_contour_3e-13_R4.2,0.24,s2*s3,0,2.5998074166978484,8.346407377791556
balanced_contour_3e-13_R4.2,0.24,s2*s3,1,-2.7062780876613624,-2.788221425129313
balanced_contour_3e-13_R4.2,0.24,s3*s4,0,0.8977144270680164,-0.2994311100149657
balanced_contour_3e-13_R4.2,0.24,s3*s4,1,-0.3512765006530057,0.1462315610167144
balanced_contour_3e-13_R4.2,0.24,s1*s4,0,-8.761838843141302,-14.629436190714884
balanced_contour_3e-13_R4.2,0.24,s1*s4,1,5.2466792220175495,6.6832120300732125
balanced_contour_3e-13_R5.4,-0.24,s1*s2,0,-82.07669959547934,-27.293816804383354
balanced_contour_3e-13_R5.4,-0.24,s1*s2,1,37.61166351132791,2.499122220113312
balanced_contour_3e-13_R5.4,-0.24,s2*s3,0,2.59981588248636,8.346404758848955
balanced_contour_3e-13_R5.4,-0.24,s2*s3,1,-2.706282245759682,-2.788219584087676
balanced_contour_3e-13_R5.4,-0.24,s3*s4,0,0.8977144105022117,-0.2994320017130985
balanced_contour_3e-13_R5.4,-0.24,s3*s4,1,-0.3512764393381035,0.1462320146523447
balanced_contour_3e-13_R5.4,-0.24,s1*s4,0,-8.761857119187137,-14.629431082409628
balanced_contour_3e-13_R5.4,-0.24,s1*s4,1,5.246688238949815,6.68320833713742
balanced_contour_3e-13_R5.4,-0.22499999999999998,s1*s2,0,-82.07669959552261,-27.293816804317075
balanced_contour_3e-13_R5.4,-0.22499999999999998,s1*s2,1,37.611663511346,2.4991222200765795
balanced_contour_3e-13_R5.4,-0.22499999999999998,s2*s3,0,2.5998158824916153,8.3464047588462
balanced_contour_3e-13_R5.4,-0.22499999999999998,s2*s3,1,-2.706282245762212,-2.7882195840861095
balanced_contour_3e-13_R5.4,-0.22499999999999998,s3*s4,0,0.8977144105023408,-0.29943200171362383
balanced_contour_3e-13_R5.4,-0.22499999999999998,s3*s4,1,-0.3512764393381504,0.14623201465260655
balanced_contour_3e-13_R5.4,-0.22499999999999998,s1*s4,0,-8.761857119209635,-14.629431082406906
balanced_contour_3e-13_R5.4,-0.22499999999999998,s1*s4,1,5.246688238961257,6.683208337134626
balanced_contour_3e-13_R5.4,-0.21,s1*s2,0,-82.07669959563356,-27.293816804168316
balanced_contour_3e-13_R5.4,-0.21,s1*s2,1,37.61166351139519,2.499122220001901
balanced_contour_3e-13_R5.4,-0.21,s2*s3,0,2.5998158825079067,8.346404758842601
balanced_contour_3e-13_R5.4,-0.21,s2*s3,1,-2.70628224576987,-2.7882195840845103
balanced_contour_3e-13_R5.4,-0.21,s3*s4,0,0.8977144105021492,-0.2994320017161389
balanced_contour_3e-13_R5.4,-0.21,s3*s4,1,-0.35127643933791863,0.14623201465375063
balanced_contour_3e-13_R5.4,-0.21,s1*s4,0,-8.76185711924941,-14.629431082401348
balanced_contour_3e-13_R5.4,-0.21,s1*s4,1,5.246688238979665,6.68320833713046
balanced_contour_3e-13_R5.4,-0.195,s1*s2,0,-82.07669959568301,-27.2938168043042
balanced_contour_3e-13_R5.4,-0.195,s1*s2,1,37.6116635114258,2.4991222200545913
balanced_contour_3e-13_R5.4,-0.195,s2*s3,0,2.5998158825041733,8.346404758856425
balanced_contour_3e-13_R5.4,-0.195,s2*s3,1,-2.7062822457694464,-2.7882195840899935
balanced_contour_3e-13_R5.4,-0.195,s3*s4,0,0.8977144105031857,-0.2994320017142904
balanced_contour_3e-13_R5.4,-0.195,s3*s4,1,-0.3512764393386311,0.14623201465304242
balanced_contour_3e-13_R5.4,-0.195,s1*s4,0,-8.76185711923673,-14.62943108243472
balanced_contour_3e-13_R5.4,-0.195,s1*s4,1,5.246688238977894,6.683208337145505
balanced_contour_3e-13_R5.4,-0.18,s1*s2,0,-82.07669959558775,-27.29381680411561
balanced_contour_3e-13_R5.4,-0.18,s1*s2,1,37.61166351137076,2.499122219984841
balanced_contour_3e-13_R5.4,-0.18,s2*s3,0,2.59981588250424,8.346404758837524
balanced_contour_3e-13_R5.4,-0.18,s2*s3,1,-2.7062822457678983,-2.7882195840828863
balanced_contour_3e-13_R5.4,-0.18,s3*s4,0,0.8977144105018906,-0.29943200171610895
balanced_contour_3e-13_R5.4,-0.18,s3*s4,1,-0.3512764393378685,0.14623201465372998
balanced_contour_3e-13_R5.4,-0.18,s1*s4,0,-8.761857119257817,-14.629431082377662
balanced_contour_3e-13_R5.4,-0.18,s1*s4,1,5.2466882389808305,6.6832083371193916
balanced_contour_3e-13_R5.4,-0.16499999999999998,s1*s2,0,-82.07669959558639,-27.293816804201715
balanced_contour_3e-13_R5.4,-0.16499999999999998,s1*s2,1,37.61166351136803,2.49912222002701
balanced_contour_3e-13_R5.4,-0.16499999999999998,s2*s3,0,2.599815882502132,8.346404758839643
balanced_contour_3e-13_R5.4,-0.16499999999999998,s2*s3,1,-2.7062822457657005,-2.788219584082948
balanced_contour_3e-13_R5.4,-0.16499999999999998,s3*s4,0,0.8977144105026752,-0.29943200171499035
balanced_contour_3e-13_R5.4,-0.16499999999999998,s3*s4,1,-0.3512764393382283,0.14623201465320387
balanced_contour_3e-13_R5.4,-0.16499999999999998,s1*s4,0,-8.761857119243912,-14.629431082399064
balanced_contour_3e-13_R5.4,-0.16499999999999998,s1*s4,1,5.246688238975699,6.683208337129544
balanced_contour_3e-13_R5.4,-0.15,s1*s2,0,-82.07669959561342,-27.293816804016476
balanced_contour_3e-13_R5.4,-0.15,s1*s2,1,37.61166351137266,2.499122219940549
balanced_contour_3e-13_R5.4,-0.15,s2*s3,0,2.599815882511539,8.346404758833538
balanced_contour_3e-13_R5.4,-0.15,s2*s3,1,-2.706282245770629,-2.7882195840804433
balanced_contour_3e-13_R5.4,-0.15,s3*s4,0,0.8977144105022286,-0.29943200171692563
balanced_contour_3e-13_R5.4,-0.15,s3*s4,1,-0.35127643933791614,0.14623201465418317
balanced_contour_3e-13_R5.4,-0.15,s1*s4,0,-8.761857119280338,-14.629431082360071
balanced_contour_3e-13_R5.4,-0.15,s1*s4,1,5.246688238988702,6.68320833710986
balanced_contour_3e-13_R5.4,-0.135,s1*s2,0,-82.07669959561184,-27.293816804152375
balanced_contour_3e-13_R5.4,-0.135,s1*s2,1,37.61166351137611,2.4991222200002308
balanced_contour_3e-13_R5.4,-0.135,s2*s3,0,2.5998158825084348,8.346404758839158
balanced_contour_3e-13_R5.4,-0.135,s2*s3,1,-2.706282245768791,-2.7882195840819852
balanced_contour_3e-13_R5.4,-0.135,s3*s4,0,0.8977144105023509,-0.299432001715741
balanced_contour_3e-13_R5.4,-0.135,s3*s4,1,-0.35127643933805824,0.14623201465357416
balanced_contour_3e-13_R5.4,-0.135,s1*s4,0,-8.76185711925242,-14.629431082395893
balanced_contour_3e-13_R5.4,-0.135,s1*s4,1,5.2466882389798,6.683208337127033
balanced_contour_3e-13_R5.4,-0.12,s1*s2,0,-82.07669959552895,-27.293816804099325
balanced_contour_3e-13_R5.4,-0.12,s1*s2,1,37.61166351134099,2.4991222199804244
balanced_contour_3e-13_R5.4,-0.12,s2*s3,0,2.5998158825043682,8.34640475883452
balanced_contour_3e-13_R5.4,-0.12,s2*s3,1,-2.706282245767715,-2.788219584080374
balanced_contour_3e-13_R5.4,-0.12,s3*s4,0,0.8977144105015468,-0.2994320017157087
balanced_contour_3e-13_R5.4,-0.12,s3*s4,1,-0.3512764393377014,0.14623201465355043
balanced_contour_3e-13_R5.4,-0.12,s1*s4,0,-8.761857119245827,-14.62943108236446
balanced_contour_3e-13_R5.4,-0.12,s1*s4,1,5.2466882389751115,6.683208337114775
balanced_contour_3e-13_R5.4,-0.10499999999999998,s1*s2,0,-82.07669959553972,-27.29381680418619
balanced_contour_3e-13_R5.4,-0.10499999999999998,s1*s2,1,37.61166351134226,2.499122220018556
balanced_contour_3e-13_R5.4,-0.10499999999999998,s2*s3,0,2.599815882503842,8.346404758835826
balanced_contour_3e-13_R5.4,-0.10499999999999998,s2*s3,1,-2.706282245766038,-2.7882195840799517
balanced_contour_3e-13_R5.4,-0.10499999999999998,s3*s4,0,0.8977144105016933,-0.2994320017150637
balanced_contour_3e-13_R5.4,-0.10499999999999998,s3*s4,1,-0.3512764393378127,0.14623201465316818
balanced_contour_3e-13_R5.4,-0.10499999999999998,s1*s4,0,-8.761857119232053,-14.629431082394511
balanced_contour_3e-13_R5.4,-0.10499999999999998,s1*s4,1,5.246688238971314,6.683208337127043
balanced_contour_3e-13_R5.4,-0.09,s1*s2,0,-82.07669959562224,-27.293816804117334
balanced_contour_3e-13_R5.4,-0.09,s1*s2,1,37.6116635113815,2.49912221997655
balanced_contour_3e-13_R5.4,-0.09,s2*s3,0,2.599815882513177,8.34640475883977
balanced_contour_3e-13_R5.4,-0.09,s2*s3,1,-2.7062822457715274,-2.788219584081177
balanced_contour_3e-13_R5.4,-0.09,s3*s4,0,0.8977144105019973,-0.29943200171616313
balanced_contour_3e-13_R5.4,-0.09,s3*s4,1,-0.351276439337878,0.14623201465375846
balanced_contour_3e-13_R5.4,-0.09,s1*s4,0,-8.761857119253246,-14.629431082391559
balanced_contour_3e-13_R5.4,-0.09,s1*s4,1,5.246688238982432,6.683208337125039
balanced_contour_3e-13_R5.4,-0.07500000000000001,s1*s2,0,-82.07669959557592,-27.29381680416643
balanced_contour_3e-13_R5.4,-0.07500000000000001,s1*s2,1,37.611663511364846,2.4991222200125924
balanced_contour_3e-13_R5.4,-0.07500000000000001,s2*s3,0,2.5998158825050024,8.346404758840672
balanced_contour_3e-13_R5.4,-0.07500000000000001,s2*s3,1,-2.7062822457674174,-2.7882195840830377
balanced_contour_3e-13_R5.4,-0.07500000000000001,s3*s4,0,0.8977144105019143,-0.2994320017154621
balanced_contour_3e-13_R5.4,-0.07500000000000001,s3*s4,1,-0.35127643933793545,0.1462320146534083
balanced_contour_3e-13_R5.4,-0.07500000000000001,s1*s4,0,-8.761857119239384,-14.629431082388354
balanced_contour_3e-13_R5.4,-0.07500000000000001,s1*s4,1,5.246688238973686,6.683208337126281
balanced_contour_3e-13_R5.4,-0.06,s1*s2,0,-82.07669959548002,-27.29381680423952
balanced_contour_3e-13_R5.4,-0.06,s1*s2,1,37.61166351133958,2.4991222200520373
balanced_contour_3e-13_R5.4,-0.06,s2*s3,0,2.5998158824960207,8.346404758843716
balanced_contour_3e-13_R5.4,-0.06,s2*s3,1,-2.70628224576481,-2.788219584085626
balanced_contour_3e-13_R5.4,-0.06,s3*s4,0,0.897714410500951,-0.29943200171483486
balanced_contour_3e-13_R5.4,-0.06,s3*s4,1,-0.35127643933766145,0.14623201465305463
balanced_contour_3e-13_R5.4,-0.06,s1*s4,0,-8.761857119200826,-14.629431082383032
balanced_contour_3e-13_R5.4,-0.06,s1*s4,1,5.246688238958074,6.683208337129372
balanced_contour_3e-13_R5.4,-0.044999999999999984,s1*s2,0,-82.07669959548092,-27.29381680431976
balanced_contour_3e-13_R5.4,-0.044999999999999984,s1*s2,1,37.61166351134528,2.4991222200926355
balanced_contour_3e-13_R5.4,-0.044999999999999984,s2*s3,0,2.599815882484273,8.346404758849113
balanced_contour_3e-13_R5.4,-0.044999999999999984,s2*s3,1,-2.7062822457596982,-2.7882195840891786
balanced_contour_3e-13_R5.4,-0.044999999999999984,s3*s4,0,0.8977144105018217,-0.29943200171317647
balanced_contour_3e-13_R5.4,-0.044999999999999984,s3*s4,1,-0.3512764393382304,0.14623201465229804
balanced_contour_3e-13_R5.4,-0.044999999999999984,s1*s4,0,-8.76185711920307,-14.62943108238932
balanced_contour_3e-13_R5.4,-0.044999999999999984,s1*s4,1,5.246688238959194,6.683208337132767
balanced_contour_3e-13_R5.4,-0.03,s1*s2,0,-82.07669959566297,-27.29381680460419
balanced_contour_3e-13_R5.4,-0.03,s1*s2,1,37.611663511456676,2.499122220186017
balanced_contour_3e-13_R5.4,-0.03,s2*s3,0,2.5998158824842106,8.346404758881041
balanced_contour_3e-13_R5.4,-0.03,s2*s3,1,-2.706282245764031,-2.788219584102125
balanced_contour_3e-13_R5.4,-0.03,s3*s4,0,0.8977144105037842,-0.2994320017112582
balanced_contour_3e-13_R5.4,-0.03,s3*s4,1,-0.351276439339398,0.14623201465185978
balanced_contour_3e-13_R5.4,-0.03,s1*s4,0,-8.761857119177005,-14.629431082477925
balanced_contour_3e-13_R5.4,-0.03,s1*s4,1,5.246688238959098,6.683208337172644
balanced_contour_3e-13_R5.4,-0.015000000000000013,s1*s2,0,-82.07669959556871,-27.29381680435872
balanced_contour_3e-13_R5.4,-0.015000000000000013,s1*s2,1,37.61166351136999,2.4991222200995544
balanced_contour_3e-13_R5.4,-0.015000000000000013,s2*s3,0,2.5998158824938966,8.346404758854565
balanced_contour_3e-13_R5.4,-0.015000000000000013,s2*s3,1,-2.7062822457626696,-2.788219584088991
balanced_contour_3e-13_R5.4,-0.015000000000000013,s3*s4,0,0.8977144105024532,-0.29943200171376866
balanced_contour_3e-13_R5.4,-0.015000000000000013,s3*s4,1,-0.35127643933836733,0.14623201465256022
balanced_contour_3e-13_R5.4,-0.015000000000000013,s1*s4,0,-8.761857119203112,-14.629431082421995
balanced_contour_3e-13_R5.4,-0.015000000000000013,s1*s4,1,5.246688238960987,6.683208337143239
balanced_contour_3e-13_R5.4,0.0,s1*s2,0,-82.07669959558174,-27.29381680437163
balanced_contour_3e-13_R5.4,0.0,s1*s2,1,37.61166351136893,2.4991222201025782
balanced_contour_3e-13_R5.4,0.0,s2*s3,0,2.599815882491353,8.34640475885444
balanced_contour_3e-13_R5.4,0.0,s2*s3,1,-2.706282245760746,-2.7882195840881896
balanced_contour_3e-13_R5.4,0.0,s3*s4,0,0.8977144105033105,-0.2994320017127472
balanced_contour_3e-13_R5.4,0.0,s3*s4,1,-0.35127643933869573,0.14623201465210692
balanced_contour_3e-13_R5.4,0.0,s1*s4,0,-8.7618571192139,-14.629431082424308
balanced_contour_3e-13_R5.4,0.0,s1*s4,1,5.246688238966059,6.683208337142395
balanced_contour_3e-13_R5.4,0.015000000000000013,s1*s2,0,-82.07669959555764,-27.293816804262335
balanced_contour_3e-13_R5.4,0.015000000000000013,s1*s2,1,37.61166351133415,2.4991222200579184
balanced_contour_3e-13_R5.4,0.015000000000000013,s2*s3,0,2.5998158824986373,8.3464047588403
balanced_contour_3e-13_R5.4,0.015000000000000013,s2*s3,1,-2.7062822457616846,-2.7882195840812147
balanced_contour_3e-13_R5.4,0.015000000000000013,s3*s4,0,0.8977144105020519,-0.2994320017133728
balanced_contour_3e-13_R5.4,0.015000000000000013,s3*s4,1,-0.35127643933807157,0.14623201465239352
balanced_contour_3e-13_R5.4,0.015000000000000013,s1*s4,0,-8.761857119231246,-14.629431082414635
balanced_contour_3e-13_R5.4,0.015000000000000013,s1*s4,1,5.246688238968572,6.683208337132973
balanced_contour_3e-13_R5.4,0.030000000000000027,s1*s2,0,-82.07669959587489,-27.293816804881637
balanced_contour_3e-13_R5.4,0.030000000000000027,s1*s2,1,37.61166351155067,2.49912222027286
balanced_contour_3e-13_R5.4,0.030000000000000027,s2*s3,0,2.5998158824861934,8.34640475891725
balanced_contour_3e-13_R5.4,0.030000000000000027,s2*s3,1,-2.7062822457668774,-2.788219584113901
balanced_contour_3e-13_R5.4,0.030000000000000027,s3*s4,0,0.8977144105075158,-0.2994320017096171
balanced_contour_3e-13_R5.4,0.030000000000000027,s3*s4,1,-0.35127643934094,0.14623201465145952
balanced_contour_3e-13_R5.4,0.030000000000000027,s1*s4,0,-8.761857119156984,-14.629431082557392
balanced_contour_3e-13_R5.4,0.030000000000000027,s1*s4,1,5.24668823895893,6.683208337203262
balanced_contour_3e-13_R5.4,0.044999999999999984,s1*s2,0,-82.07669959556732,-27.293816804614885
balanced_contour_3e-13_R5.4,0.044999999999999984,s1*s2,1,37.61166351138092,2.49912222022035
balanced_contour_3e-13_R5.4,0.044999999999999984,s2*s3,0,2.5998158824770905,8.346404758878274
balanced_contour_3e-13_R5.4,0.044999999999999984,s2*s3,1,-2.7062822457563125,-2.788219584099688
balanced_contour_3e-13_R5.4,0.044999999999999984,s3*s4,0,0.8977144105044941,-0.2994320017110724
balanced_contour_3e-13_R5.4,0.044999999999999984,s3*s4,1,-0.3512764393393159,0.1462320146514922
balanced_contour_3e-13_R5.4,0.044999999999999984,s1*s4,0,-8.761857119155668,-14.6294310824501
balanced_contour_3e-13_R5.4,0.044999999999999984,s1*s4,1,5.246688238939877,6.683208337161024
balanced_contour_3e-13_R5.4,0.06,s1*s2,0,-82.07669959599568,-27.293816805473647
balanced_contour_3e-13_R5.4,0.06,s1*s2,1,37.61166351164704,2.4991222205176506
balanced_contour_3e-13_R5.4,0.06,s2*s3,0,2.5998158824523863,8.346404758969216
balanced_contour_3e-13_R5.4,0.06,s2*s3,1,-2.7062822457563156,-2.7882195841380426
balanced_contour_3e-13_R5.4,0.06,s3*s4,0,0.8977144105119887,-0.29943200170403095
balanced_contour_3e-13_R5.4,0.06,s3*s4,1,-0.35127643934341274,0.14623201464940305
balanced_contour_3e-13_R5.4,0.06,s1*s4,0,-8.761857119086493,-14.629431082663407
balanced_contour_3e-13_R5.4,0.06,s1*s4,1,5.246688238937766,6.6832083372541575
balanced_contour_3e-13_R5.4,0.07500000000000001,s1*s2,0,-82.07669959565887,-27.29381680486159
balanced_contour_3e-13_R5.4,0.07500000000000001,s1*s2,1,37.61166351144405,2.499122220322311
balanced_contour_3e-13_R5.4,0.07500000000000001,s2*s3,0,2.599815882471562,8.346404758896794
balanced_contour_3e-13_R5.4,0.07500000000000001,s2*s3,1,-2.706282245754395,-2.7882195841087523
balanced_contour_3e-13_R5.4,0.07500000000000001,s3*s4,0,0.8977144105055892,-0.2994320017092156
balanced_contour_3e-13_R5.4,0.07500000000000001,s3*s4,1,-0.35127643934017333,0.1462320146507101
balanced_contour_3e-13_R5.4,0.07500000000000001,s1*s4,0,-8.761857119129054,-14.629431082521748
balanced_contour_3e-13_R5.4,0.07500000000000001,s1*s4,1,5.246688238935774,6.683208337193193
balanced_contour_3e-13_R5.4,0.08999999999999997,s1*s2,0,-82.07669959639288,-27.293816806679253
balanced_contour_3e-13_R5.4,0.08999999999999997,s1*s2,1,37.61166351194374,2.499122220993006
balanced_contour_3e-13_R5.4,0.08999999999999997,s2*s3,0,2.599815882400885,8.346404759080361
balanced_contour_3e-13_R5.4,0.08999999999999997,s2*s3,1,-2.7062822457455624,-2.7882195841899433
balanced_contour_3e-13_R5.4,0.08999999999999997,s3*s4,0,0.8977144105208934,-0.2994320016952456
balanced_contour_3e-13_R5.4,0.08999999999999997,s3*s4,1,-0.3512764393481656,0.1462320146465563
balanced_contour_3e-13_R5.4,0.08999999999999997,s1*s4,0,-8.76185711894835,-14.629431082926303
balanced_contour_3e-13_R5.4,0.08999999999999997,s1*s4,1,5.246688238907696,6.683208337382927
balanced_contour_3e-13_R5.4,0.10499999999999998,s1*s2,0,-82.0766995960144,-27.29381680526827
balanced_contour_3e-13_R5.4,0.10499999999999998,s1*s2,1,37.61166351163774,2.4991222204568375
balanced_contour_3e-13_R5.4,0.10499999999999998,s2*s3,0,2.599815882469594,8.346404758951474
balanced_contour_3e-13_R5.4,0.10499999999999998,s2*s3,1,-2.706282245759913,-2.7882195841318347
balanced_contour_3e-13_R5.4,0.10499999999999998,s3*s4,0,0.8977144105105648,-0.2994320017072206
balanced_contour_3e-13_R5.4,0.10499999999999998,s3*s4,1,-0.3512764393425041,0.14623201465062363
balanced_contour_3e-13_R5.4,0.10499999999999998,s1*s4,0,-8.761857119117956,-14.62943108264373
balanced_contour_3e-13_R5.4,0.10499999999999998,s1*s4,1,5.246688238942897,6.683208337246752
balanced_contour_3e-13_R5.4,0.12,s1*s2,0,-82.0766995971733,-27.29381680826004
balanced_contour_3e-13_R5.4,0.12,s1*s2,1,37.61166351243555,2.4991222215507323
balanced_contour_3e-13_R5.4,0.12,s2*s3,0,2.5998158823522166,8.346404759247704
balanced_contour_3e-13_R5.4,0.12,s2*s3,1,-2.706282245744499,-2.7882195842620217
balanced_contour_3e-13_R5.4,0.12,s3*s4,0,0.8977144105356807,-0.2994320016842552
balanced_contour_3e-13_R5.4,0.12,s3*s4,1,-0.3512764393555652,0.1462320146436876
balanced_contour_3e-13_R5.4,0.12,s1*s4,0,-8.761857118809964,-14.629431083302748
balanced_contour_3e-13_R5.4,0.12,s1*s4,1,5.2466882388944684,6.683208337552833
balanced_contour_3e-13_R5.4,0.135,s1*s2,0,-82.07669959612782,-27.29381680564707
balanced_contour_3e-13_R5.4,0.135,s1*s2,1,37.61166351175227,2.499122220611811
balanced_contour_3e-13_R5.4,0.135,s2*s3,0,2.5998158824444717,8.346404758988482
balanced_contour_3e-13_R5.4,0.135,s2*s3,1,-2.706282245754374,-2.7882195841529187
balanced_contour_3e-13_R5.4,0.135,s3*s4,0,0.8977144105129318,-0.2994320017038746
balanced_contour_3e-13_R5.4,0.135,s3*s4,1,-0.35127643934414177,0.14623201464937402
balanced_contour_3e-13_R5.4,0.135,s1*s4,0,-8.761857119084151,-14.629431082714985
balanced_contour_3e-13_R5.4,0.135,s1*s4,1,5.246688238940357,6.683208337285412
balanced_contour_3e-13_R5.4,0.15000000000000002,s1*s2,0,-82.07669959968447,-27.293816811278436
balanced_contour_3e-13_R5.4,0.15000000000000002,s1*s2,1,37.611663513828596,2.499122222408833
balanced_contour_3e-13_R5.4,0.15000000000000002,s2*s3,0,2.599815882317759,8.346404759639
balanced_contour_3e-13_R5.4,0.15000000000000002,s2*s3,1,-2.706282245783327,-2.7882195844186866
balanced_contour_3e-13_R5.4,0.15000000000000002,s3*s4,0,0.8977144105737347,-0.29943200166621575
balanced_contour_3e-13_R5.4,0.15000000000000002,s3*s4,1,-0.3512764393731893,0.14623201464170255
balanced_contour_3e-13_R5.4,0.15000000000000002,s1*s4,0,-8.76185711873806,-14.629431084170658
balanced_contour_3e-13_R5.4,0.15000000000000002,s1*s4,1,5.24668823898466,6.6832083379080665
balanced_contour_3e-13_R5.4,0.16499999999999998,s1*s2,0,-82.07669959690935,-27.29381680645288
balanced_contour_3e-13_R5.4,0.16499999999999998,s1*s2,1,37.61166351217558,2.4991222208302846
balanced_contour_3e-13_R5.4,0.16499999999999998,s2*s3,0,2.5998158824336244,8.346404759104843
balanced_contour_3e-13_R5.4,0.16499999999999998,s2*s3,1,-2.7062822457666242,-2.788219584200334
balanced_contour_3e-13_R5.4,0.16499999999999998,s3*s4,0,0.8977144105259984,-0.2994320016980059
balanced_contour_3e-13_R5.4,0.16499999999999998,s3*s4,1,-0.3512764393500474,0.14623201464883245
balanced_contour_3e-13_R5.4,0.16499999999999998,s1*s4,0,-8.761857119101094,-14.629431082939615
balanced_contour_3e-13_R5.4,0.16499999999999998,s1*s4,1,5.2466882389777325,6.683208337375721
balanced_contour_3e-13_R5.4,0.18,s1*s2,0,-82.07669960185687,-27.293816812721413
balanced_contour_3e-13_R5.4,0.18,s1*s2,1,37.611663514730914,2.4991222227410783
balanced_contour_3e-13_R5.4,0.18,s2*s3,0,2.5998158823772193,8.34640475987644
balanced_contour_3e-13_R5.4,0.18,s2*s3,1,-2.7062822458221616,-2.7882195844962547
balanced_contour_3e-13_R5.4,0.18,s3*s4,0,0.8977144106016353,-0.29943200166527345
balanced_contour_3e-13_R5.4,0.18,s3*s4,1,-0.35127643938355246,0.1462320146435514
balanced_contour_3e-13_R5.4,0.18,s1*s4,0,-8.761857118844755,-14.629431084762038
balanced_contour_3e-13_R5.4,0.18,s1*s4,1,5.246688239079694,6.683208338110509
balanced_contour_3e-13_R5.4,0.195,s1*s2,0,-82.07669959659601,-27.293816805238222
balanced_contour_3e-13_R5.4,0.195,s1*s2,1,37.61166351184965,2.499122220453412
balanced_contour_3e-13_R5.4,0.195,s2*s3,0,2.5998158825022113,8.34640475899284
balanced_contour_3e-13_R5.4,0.195,s2*s3,1,-2.7062822457706006,-2.7882195841496404
balanced_contour_3e-13_R5.4,0.195,s3*s4,0,0.89771441051604,-0.2994320017104306
balanced_contour_3e-13_R5.4,0.195,s3*s4,1,-0.3512764393445851,0.14623201465195954
balanced_contour_3e-13_R5.4,0.195,s1*s4,0,-8.761857119225162,-14.629431082711898
balanced_contour_3e-13_R5.4,0.195,s1*s4,1,5.246688238978531,6.683208337267992
balanced_contour_3e-13_R5.4,0.20999999999999996,s1*s2,0,-82.07669960653597,-27.293816813955328
balanced_contour_3e-13_R5.4,0.20999999999999996,s1*s2,1,37.61166351653425,2.4991222225806267
balanced_contour_3e-13_R5.4,0.20999999999999996,s2*s3,0,2.5998158826159714,8.346404760280079
balanced_contour_3e-13_R5.4,0.20999999999999996,s2*s3,1,-2.7062822459559683,-2.7882195846053683
balanced_contour_3e-13_R5.4,0.20999999999999996,s3*s4,0,0.89771441065185,-0.29943200167583794
balanced_contour_3e-13_R5.4,0.20999999999999996,s3*s4,1,-0.351276439400281,0.14623201465366123
balanced_contour_3e-13_R5.4,0.20999999999999996,s1*s4,0,-8.761857119408056,-14.629431085704152
balanced_contour_3e-13_R5.4,0.20999999999999996,s1*s4,1,5.2466882394039125,6.683208338370916
balanced_contour_3e-13_R5.4,0.22499999999999998,s1*s2,0,-82.07669959406628,-27.29381680663861
balanced_contour_3e-13_R5.4,0.22499999999999998,s1*s2,1,37.61166351111575,2.499122221585045
balanced_contour_3e-13_R5.4,0.22499999999999998,s2*s3,0,2.5998158822071336,8.346404758914767
balanced_contour_3e-13_R5.4,0.22499999999999998,s2*s3,1,-2.706282245632601,-2.788219584182407
balanced_contour_3e-13_R5.4,0.22499999999999998,s3*s4,0,0.8977144104995081,-0.29943200168501777
balanced_contour_3e-13_R5.4,0.22499999999999998,s3*s4,1,-0.35127643934351094,0.14623201463769056
balanced_contour_3e-13_R5.4,0.22499999999999998,s1*s4,0,-8.761857118634131,-14.629431082515339
balanced_contour_3e-13_R5.4,0.22499999999999998,s1*s4,1,5.2466882386916325,6.683208337317703
balanced_contour_3e-13_R5.4,0.24,s1*s2,0,-82.07669959743572,-27.293816808409893
balanced_contour_3e-13_R5.4,0.24,s1*s2,1,37.61166351270338,2.499122221754777
balanced_contour_3e-13_R5.4,0.24,s2*s3,0,2.5998158823254625,8.346404759277739
balanced_contour_3e-13_R5.4,0.24,s2*s3,1,-2.706282245735044,-2.788219584302215
balanced_contour_3e-13_R5.4,0.24,s3*s4,0,0.8977144105401973,-0.29943200168564393
balanced_contour_3e-13_R5.4,0.24,s3*s4,1,-0.35127643935888886,0.1462320146437939
balanced_contour_3e-13_R5.4,0.24,s1*s4,0,-8.761857118868797,-14.629431083319414
balanced_contour_3e-13_R5.4,0.24,s1*s4,1,5.246688238912683,6.68320833760147
balanced_contour_3e-13_R6,-0.24,s1*s2,0,-82.07669959506103,-27.29381680444937
balanced_contour_3e-13_R6,-0.24,s1*s2,1,37.6116635111276,2.499122220180106
balanced_contour_3e-13_R6,-0.24,s2*s3,0,2.5998158824457334,8.346404758824724
balanced_contour_3e-13_R6,-0.24,s2*s3,1,-2.7062822457380147,-2.788219584079237
balanced_contour_3e-13_R6,-0.24,s3*s4,0,0.8977144104989457,-0.299432001710945
balanced_contour_3e-13_R6,-0.24,s3*s4,1,-0.35127643933664804,0.14623201465099894
balanced_contour_3e-13_R6,-0.24,s1*s4,0,-8.761857119117794,-14.629431082343894
balanced_contour_3e-13_R6,-0.24,s1*s4,1,5.246688238909796,6.683208337111076
balanced_contour_3e-13_R6,-0.22499999999999998,s1*s2,0,-82.0766995950869,-27.293816805067053
balanced_contour_3e-13_R6,-0.22499999999999998,s1*s2,1,37.611663511184965,2.49912222044215
balanced_contour_3e-13_R6,-0.22499999999999998,s2*s3,0,2.5998158824194952,8.346404758875876
balanced_contour_3e-13_R6,-0.22499999999999998,s2*s3,1,-2.7062822457311184,-2.7882195841004984
balanced_contour_3e-13_R6,-0.22499999999999998,s3*s4,0,0.8977144105009727,-0.2994320017039048
balanced_contour_3e-13_R6,-0.22499999999999998,s3*s4,1,-0.3512764393382453,0.14623201464792238
balanced_contour_3e-13_R6,-0.22499999999999998,s1*s4,0,-8.761857119001455,-14.629431082463519
balanced_contour_3e-13_R6,-0.22499999999999998,s1*s4,1,5.246688238872702,6.68320833717473
balanced_contour_3e-13_R6,-0.21,s1*s2,0,-82.07669959523945,-27.293816804291744
balanced_contour_3e-13_R6,-0.21,s1*s2,1,37.61166351120917,2.499122220092144
balanced_contour_3e-13_R6,-0.21,s2*s3,0,2.5998158824673054,8.346404758824804
balanced_contour_3e-13_R6,-0.21,s2*s3,1,-2.706282245748637,-2.78821958407864
balanced_contour_3e-13_R6,-0.21,s3*s4,0,0.8977144104992311,-0.2994320017134129
balanced_contour_3e-13_R6,-0.21,s3*s4,1,-0.35127643933667124,0.14623201465216673
balanced_contour_3e-13_R6,-0.21,s1*s4,0,-8.76185711917136,-14.629431082351083
balanced_contour_3e-13_R6,-0.21,s1*s4,1,5.246688238937195,6.683208337111671
balanced_contour_3e-13_R6,-0.195,s1*s2,0,-82.07669959532518,-27.293816805284255
balanced_contour_3e-13_R6,-0.195,s1*s2,1,37.611663511315435,2.4991222205137555
balanced_contour_3e-13_R6,-0.195,s2*s3,0,2.599815882426063,8.346404758907608
balanced_contour_3e-13_R6,-0.195,s2*s3,1,-2.7062822457372993,-2.7882195841133455
balanced_contour_3e-13_R6,-0.195,s3*s4,0,0.8977144105034977,-0.299432001702443
balanced_contour_3e-13_R6,-0.195,s3*s4,1,-0.35127643933967645,0.1462320146475332
balanced_contour_3e-13_R6,-0.195,s1*s4,0,-8.761857118999844,-14.629431082546347
balanced_contour_3e-13_R6,-0.195,s1*s4,1,5.246688238882208,6.683208337212193
balanced_contour_3e-13_R6,-0.18,s1*s2,0,-82.07669959524408,-27.293816804441043
balanced_contour_3e-13_R6,-0.18,s1*s2,1,37.61166351122172,2.499122220163458
balanced_contour_3e-13_R6,-0.18,s2*s3,0,2.5998158824565722,8.346404758837703
balanced_contour_3e-13_R6,-0.18,s2*s3,1,-2.706282245744602,-2.788219584085138
balanced_contour_3e-13_R6,-0.18,s3*s4,0,0.897714410500277,-0.2994320017114852
balanced_contour_3e-13_R6,-0.18,s3*s4,1,-0.3512764393373971,0.146232014651357
balanced_contour_3e-13_R6,-0.18,s1*s4,0,-8.76185711915181,-14.62943108237171
balanced_contour_3e-13_R6,-0.18,s1*s4,1,5.246688238929635,6.6832083371231175
balanced_contour_3e-13_R6,-0.16499999999999998,s1*s2,0,-82.07669959528683,-27.293816804578498
balanced_contour_3e-13_R6,-0.16499999999999998,s1*s2,1,37.61166351124863,2.4991222202199235
balanced_contour_3e-13_R6,-0.16499999999999998,s2*s3,0,2.5998158824558084,8.346404758849797
balanced_contour_3e-13_R6,-0.16499999999999998,s2*s3,1,-2.70628224574483,-2.788219584089296
balanced_contour_3e-13_R6,-0.16499999999999998,s3*s4,0,0.8977144105013697,-0.29943200171011114
balanced_contour_3e-13_R6,-0.16499999999999998,s3*s4,1,-0.3512764393379564,0.14623201465078264
balanced_contour_3e-13_R6,-0.16499999999999998,s1*s4,0,-8.761857119129983,-14.62943108240739
balanced_contour_3e-13_R6,-0.16499999999999998,s1*s4,1,5.246688238923995,6.683208337141095
balanced_contour_3e-13_R6,-0.15,s1*s2,0,-82.07669959531566,-27.293816804300324
balanced_contour_3e-13_R6,-0.15,s1*s2,1,37.611663511239975,2.499122220097994
balanced_contour_3e-13_R6,-0.15,s2*s3,0,2.599815882470162,8.346404758832739
balanced_contour_3e-13_R6,-0.15,s2*s3,1,-2.706282245749772,-2.7882195840819475
balanced_contour_3e-13_R6,-0.15,s3*s4,0,0.8977144105009287,-0.29943200171284745
balanced_contour_3e-13_R6,-0.15,s3*s4,1,-0.35127643933753144,0.1462320146520862
balanced_contour_3e-13_R6,-0.15,s1*s4,0,-8.761857119189735,-14.629431082356401
balanced_contour_3e-13_R6,-0.15,s1*s4,1,5.246688238944174,6.683208337112996
balanced_contour_3e-13_R6,-0.135,s1*s2,0,-82.07669959521142,-27.293816803761977
balanced_contour_3e-13_R6,-0.135,s1*s2,1,37.611663511165425,2.499122219870573
balanced_contour_3e-13_R6,-0.135,s2*s3,0,2.599815882493787,8.346404758787461
balanced_contour_3e-13_R6,-0.135,s2*s3,1,-2.7062822457576905,-2.788219584062867
balanced_contour_3e-13_R6,-0.135,s3*s4,0,0.8977144104969926,-0.29943200171865936
balanced_contour_3e-13_R6,-0.135,s3*s4,1,-0.3512764393353032,0.14623201465437569
balanced_contour_3e-13_R6,-0.135,s1*s4,0,-8.761857119260219,-14.629431082247882
balanced_contour_3e-13_R6,-0.135,s1*s4,1,5.246688238965966,6.683208337060926
balanced_contour_3e-13_R6,-0.12,s1*s2,0,-82.07669959527466,-27.29381680436538
balanced_contour_3e-13_R6,-0.12,s1*s2,1,37.61166351122835,2.499122220127999
balanced_contour_3e-13_R6,-0.12,s2*s3,0,2.5998158824671016,8.346404758835163
balanced_contour_3e-13_R6,-0.12,s2*s3,1,-2.706282245748851,-2.7882195840825923
balanced_contour_3e-13_R6,-0.12,s3*s4,0,0.8977144105005971,-0.2994320017120149
balanced_contour_3e-13_R6,-0.12,s3*s4,1,-0.3512764393374566,0.14623201465165522
balanced_contour_3e-13_R6,-0.12,s1*s4,0,-8.761857119165503,-14.629431082364945
balanced_contour_3e-13_R6,-0.12,s1*s4,1,5.2466882389353575,6.683208337119369
balanced_contour_3e-13_R6,-0.10499999999999998,s1*s2,0,-82.07669959508546,-27.293816803476894
balanced_contour_3e-13_R6,-0.10499999999999998,s1*s2,1,37.611663511088196,2.4991222197582723
balanced_contour_3e-13_R6,-0.10499999999999998,s2*s3,0,2.599815882504359,8.346404758757712
balanced_contour_3e-13_R6,-0.10499999999999998,s2*s3,1,-2.7062822457596445,-2.788219584049725
balanced_contour_3e-13_R6,-0.10499999999999998,s3*s4,0,0.8977144104943989,-0.2994320017209311
balanced_contour_3e-13_R6,-0.10499999999999998,s3*s4,1,-0.3512764393339667,0.14623201465512575
balanced_contour_3e-13_R6,-0.10499999999999998,s1*s4,0,-8.761857119285501,-14.629431082183668
balanced_contour_3e-13_R6,-0.10499999999999998,s1*s4,1,5.246688238971096,6.683208337030597
balanced_contour_3e-13_R6,-0.09,s1*s2,0,-82.07669959558896,-27.293816805008937
balanced_contour_3e-13_R6,-0.09,s1*s2,1,37.61166351141783,2.499122220369186
balanced_contour_3e-13_R6,-0.09,s2*s3,0,2.5998158824586,8.346404758902276
balanced_contour_3e-13_R6,-0.09,s2*s3,1,-2.706282245751048,-2.78821958410919
balanced_contour_3e-13_R6,-0.09,s3*s4,0,0.8977144105055491,-0.2994320017069955
balanced_contour_3e-13_R6,-0.09,s3*s4,1,-0.3512764393401733,0.14623201464984004
balanced_contour_3e-13_R6,-0.09,s1*s4,0,-8.761857119094016,-14.629431082537808
balanced_contour_3e-13_R6,-0.09,s1*s4,1,5.246688238924805,6.683208337200588
balanced_contour_3e-13_R6,-0.07500000000000001,s1*s2,0,-82.07669959523993,-27.293816803713387
balanced_contour_3e-13_R6,-0.07500000000000001,s1*s2,1,37.61166351118161,2.4991222198536223
balanced_contour_3e-13_R6,-0.07500000000000001,s2*s3,0,2.5998158825028517,8.34640475878825
balanced_contour_3e-13_R6,-0.07500000000000001,s2*s3,1,-2.7062822457617637,-2.7882195840630035
balanced_contour_3e-13_R6,-0.07500000000000001,s3*s4,0,0.8977144104967402,-0.29943200171894696
balanced_contour_3e-13_R6,-0.07500000000000001,s3*s4,1,-0.3512764393352838,0.14623201465446117
balanced_contour_3e-13_R6,-0.07500000000000001,s1*s4,0,-8.761857119264628,-14.629431082246853
balanced_contour_3e-13_R6,-0.07500000000000001,s1*s4,1,5.24668823896838,6.683208337062883
balanced_contour_3e-13_R6,-0.06,s1*s2,0,-82.07669959588551,-27.293816806169158
balanced_contour_3e-13_R6,-0.06,s1*s2,1,37.61166351165305,2.4991222208349972
balanced_contour_3e-13_R6,-0.06,s2*s3,0,2.5998158824157396,8.346404759012106
balanced_contour_3e-13_R6,-0.06,s2*s3,1,-2.7062822457435862,-2.7882195841569475
balanced_contour_3e-13_R6,-0.06,s3*s4,0,0.8977144105128845,-0.29943200169703643
balanced_contour_3e-13_R6,-0.06,s3*s4,1,-0.3512764393444632,0.14623201464617086
balanced_contour_3e-13_R6,-0.06,s1*s4,0,-8.761857118926631,-14.62943108278137
balanced_contour_3e-13_R6,-0.06,s1*s4,1,5.246688238880007,6.683208337323363
balanced_contour_3e-13_R6,-0.044999999999999984,s1*s2,0,-82.07669959533209,-27.293816804289516
balanced_contour_3e-13_R6,-0.044999999999999984,s1*s2,1,37.61166351127397,2.499122220097147
balanced_contour_3e-13_R6,-0.044999999999999984,s2*s3,0,2.5998158824736697,8.346404758838093
balanced_contour_3e-13_R6,-0.044999999999999984,s2*s3,1,-2.7062822457536204,-2.788219584085745
balanced_contour_3e-13_R6,-0.044999999999999984,s3*s4,0,0.8977144105002685,-0.2994320017129631
balanced_contour_3e-13_R6,-0.044999999999999984,s3*s4,1,-0.3512764393375241,0.14623201465201557
balanced_contour_3e-13_R6,-0.044999999999999984,s1*s4,0,-8.761857119184748,-14.62943108235629
balanced_contour_3e-13_R6,-0.044999999999999984,s1*s4,1,5.246688238946329,6.683208337119864
balanced_contour_3e-13_R6,-0.03,s1*s2,0,-82.07669959598827,-27.29381680585677
balanced_contour_3e-13_R6,-0.03,s1*s2,1,37.611663511686636,2.499122220684284
balanced_contour_3e-13_R6,-0.03,s2*s3,0,2.599815882434781,8.346404758992904
balanced_contour_3e-13_R6,-0.03,s2*s3,1,-2.7062822457517925,-2.7882195841491733
balanced_contour_3e-13_R6,-0.03,s3*s4,0,0.8977144105123316,-0.2994320017000772
balanced_contour_3e-13_R6,-0.03,s3*s4,1,-0.35127643934408803,0.14623201464768448
balanced_contour_3e-13_R6,-0.03,s1*s4,0,-8.761857119013024,-14.62943108274564
balanced_contour_3e-13_R6,-0.03,s1*s4,1,5.246688238915746,6.6832083373000994
balanced_contour_3e-13_R6,-0.015000000000000013,s1*s2,0,-82.07669959553027,-27.293816804382846
balanced_contour_3e-13_R6,-0.015000000000000013,s1*s2,1,37.61166351134834,2.499122220114803
balanced_contour_3e-13_R6,-0.015000000000000013,s2*s3,0,2.599815882489727,8.346404758852719
balanced_contour_3e-13_R6,-0.015000000000000013,s2*s3,1,-2.7062822457599887,-2.7882195840881616
balanced_contour_3e-13_R6,-0.015000000000000013,s3*s4,0,0.8977144105022808,-0.29943200171329354
balanced_contour_3e-13_R6,-0.015000000000000013,s3*s4,1,-0.35127643933828073,0.1462320146522997
balanced_contour_3e-13_R6,-0.015000000000000013,s1*s4,0,-8.761857119194353,-14.629431082420892
balanced_contour_3e-13_R6,-0.015000000000000013,s1*s4,1,5.246688238955875,6.683208337142462
balanced_contour_3e-13_R6,0.0,s1*s2,0,-82.07669959558176,-27.293816804371634
balanced_contour_3e-13_R6,0.0,s1*s2,1,37.61166351136895,2.4991222201025467
balanced_contour_3e-13_R6,0.0,s2*s3,0,2.5998158824913533,8.346404758854442
balanced_contour_3e-13_R6,0.0,s2*s3,1,-2.706282245760749,-2.7882195840881883
balanced_contour_3e-13_R6,0.0,s3*s4,0,0.8977144105033108,-0.2994320017127473
balanced_contour_3e-13_R6,0.0,s3*s4,1,-0.35127643933869573,0.1462320146521073
balanced_contour_3e-13_R6,0.0,s1*s4,0,-8.761857119213905,-14.629431082424311
balanced_contour_3e-13_R6,0.0,s1*s4,1,5.246688238966068,6.683208337142394
balanced_contour_3e-13_R6,0.015000000000000013,s1*s2,0,-82.0766995956016,-27.293816804268175
balanced_contour_3e-13_R6,0.015000000000000013,s1*s2,1,37.61166351135805,2.4991222200531915
balanced_contour_3e-13_R6,0.015000000000000013,s2*s3,0,2.5998158825017588,8.346404758843907
balanced_contour_3e-13_R6,0.015000000000000013,s2*s3,1,-2.7062822457639406,-2.788219584082465
balanced_contour_3e-13_R6,0.015000000000000013,s3*s4,0,0.897714410502458,-0.2994320017135096
balanced_contour_3e-13_R6,0.015000000000000013,s3*s4,1,-0.35127643933826513,0.14623201465253338
balanced_contour_3e-13_R6,0.015000000000000013,s1*s4,0,-8.761857119236545,-14.629431082422997
balanced_contour_3e-13_R6,0.015000000000000013,s1*s4,1,5.2466882389729195,6.683208337136455
balanced_contour_3e-13_R6,0.030000000000000027,s1*s2,0,-82.07669959652601,-27.293816806397345
balanced_contour_3e-13_R6,0.030000000000000027,s1*s2,1,37.611663511915324,2.499122220863732
balanced_contour_3e-13_R6,0.030000000000000027,s2*s3,0,2.599815882436922,8.34640475905909
balanced_contour_3e-13_R6,0.030000000000000027,s2*s3,1,-2.7062822457538087,-2.788219584172247
balanced_contour_3e-13_R6,0.030000000000000027,s3*s4,0,0.8977144105215552,-0.29943200169749223
balanced_contour_3e-13_R6,0.030000000000000027,s3*s4,1,-0.35127643934790814,0.14623201464721552
balanced_contour_3e-13_R6,0.030000000000000027,s1*s4,0,-8.76185711902333,-14.629431082922636
balanced_contour_3e-13_R6,0.030000000000000027,s1*s4,1,5.246688238932676,6.683208337365498
balanced_contour_3e-13_R6,0.044999999999999984,s1*s2,0,-82.07669959556044,-27.293816804143802
balanced_contour_3e-13_R6,0.044999999999999984,s1*s2,1,37.61166351134643,2.4991222200074388
balanced_contour_3e-13_R6,0.044999999999999984,s2*s3,0,2.5998158825090107,8.346404758844074
balanced_contour_3e-13_R6,0.044999999999999984,s2*s3,1,-2.7062822457685694,-2.788219584082544
balanced_contour_3e-13_R6,0.044999999999999984,s3*s4,0,0.8977144105021256,-0.29943200171541456
balanced_contour_3e-13_R6,0.044999999999999984,s3*s4,1,-0.35127643933791086,0.14623201465331645
balanced_contour_3e-13_R6,0.044999999999999984,s1*s4,0,-8.76185711923028,-14.62943108237548
balanced_contour_3e-13_R6,0.044999999999999984,s1*s4,1,5.246688238967931,6.683208337121886
balanced_contour_3e-13_R6,0.06,s1*s2,0,-82.07669959703678,-27.29381680745036
balanced_contour_3e-13_R6,0.06,s1*s2,1,37.61166351218857,2.499122221262018
balanced_contour_3e-13_R6,0.06,s2*s3,0,2.5998158823991586,8.346404759164594
balanced_contour_3e-13_R6,0.06,s2*s3,1,-2.706282245744086,-2.7882195842159723
balanced_contour_3e-13_R6,0.06,s3*s4,0,0.8977144105324405,-0.29943200168925566
balanced_contour_3e-13_R6,0.06,s3*s4,1,-0.35127643935313246,0.1462320146445402
balanced_contour_3e-13_R6,0.06,s1*s4,0,-8.761857118949038,-14.629431083169468
balanced_contour_3e-13_R6,0.06,s1*s4,1,5.246688238921,6.68320833747057
balanced_contour_3e-13_R6,0.07500000000000001,s1*s2,0,-82.07669959497399,-27.293816802850973
balanced_contour_3e-13_R6,0.07500000000000001,s1*s2,1,37.611663511012615,2.4991222195256464
balanced_contour_3e-13_R6,0.07500000000000001,s2*s3,0,2.599815882555539,8.346404758710035
balanced_contour_3e-13_R6,0.07500000000000001,s2*s3,1,-2.706282245777118,-2.7882195840273125
balanced_contour_3e-13_R6,0.07500000000000001,s3*s4,0,0.8977144104892744,-0.299432001725186
balanced_contour_3e-13_R6,0.07500000000000001,s3*s4,1,-0.3512764393318811,0.14623201465634297
balanced_contour_3e-13_R6,0.07500000000000001,s1*s4,0,-8.761857119344333,-14.629431082085693
balanced_contour_3e-13_R6,0.07500000000000001,s1*s4,1,5.2466882389899165,6.683208336992373
balanced_contour_3e-13_R6,0.08999999999999997,s1*s2,0,-82.07669959591942,-27.293816804665642
balanced_contour_3e-13_R6,0.08999999999999997,s1*s2,1,37.61166351154361,2.4991222201928607
balanced_contour_3e-13_R6,0.08999999999999997,s2*s3,0,2.5998158825010402,8.34640475889852
balanced_contour_3e-13_R6,0.08999999999999997,s2*s3,1,-2.706282245769206,-2.7882195841056263
balanced_contour_3e-13_R6,0.08999999999999997,s3*s4,0,0.8977144105072784,-0.29943200171177553
balanced_contour_3e-13_R6,0.08999999999999997,s3*s4,1,-0.35127643934061964,0.14623201465228575
balanced_contour_3e-13_R6,0.08999999999999997,s1*s4,0,-8.76185711921007,-14.629431082534612
balanced_contour_3e-13_R6,0.08999999999999997,s1*s4,1,5.2466882389759055,6.683208337189202
balanced_contour_3e-13_R6,0.10499999999999998,s1*s2,0,-82.07669959493732,-27.293816802584132
balanced_contour_3e-13_R6,0.10499999999999998,s1*s2,1,37.61166351099837,2.4991222194171137
balanced_contour_3e-13_R6,0.10499999999999998,s2*s3,0,2.5998158825725515,8.34640475869154
balanced_contour_3e-13_R6,0.10499999999999998,s2*s3,1,-2.706282245785248,-2.788219584020012
balanced_contour_3e-13_R6,0.10499999999999998,s3*s4,0,0.8977144104871095,-0.29943200172756157
balanced_contour_3e-13_R6,0.10499999999999998,s3*s4,1,-0.35127643933094466,0.14623201465749291
balanced_contour_3e-13_R6,0.10499999999999998,s1*s4,0,-8.76185711937653,-14.629431082038536
balanced_contour_3e-13_R6,0.10499999999999998,s1*s4,1,5.2466882390009015,6.683208336974376
balanced_contour_3e-13_R6,0.12,s1*s2,0,-82.07669959571845,-27.293816804551405
balanced_contour_3e-13_R6,0.12,s1*s2,1,37.61166351145871,2.4991222201772074
balanced_contour_3e-13_R6,0.12,s2*s3,0,2.599815882494597,8.346404758877814
balanced_contour_3e-13_R6,0.12,s2*s3,1,-2.7062822457648603,-2.788219584099628
balanced_contour_3e-13_R6,0.12,s3*s4,0,0.8977144105047785,-0.29943200171211354
balanced_contour_3e-13_R6,0.12,s3*s4,1,-0.35127643933970104,0.14623201465216462
balanced_contour_3e-13_R6,0.12,s1*s4,0,-8.76185711919388,-14.629431082481945
balanced_contour_3e-13_R6,0.12,s1*s4,1,5.246688238962378,6.683208337172132
balanced_contour_3e-13_R6,0.135,s1*s2,0,-82.07669959696989,-27.293816806438503
balanced_contour_3e-13_R6,0.135,s1*s2,1,37.611663512211024,2.499122220770859
balanced_contour_3e-13_R6,0.135,s2*s3,0,2.599815882456042,8.346404759102004
balanced_contour_3e-13_R6,0.135,s2*s3,1,-2.706282245778647,-2.788219584192956
balanced_contour_3e-13_R6,0.135,s3*s4,0,0.8977144105244522,-0.2994320017001122
balanced_contour_3e-13_R6,0.135,s3*s4,1,-0.35127643934931635,0.14623201464980828
balanced_contour_3e-13_R6,0.135,s1*s4,0,-8.761857119084118,-14.629431082983318
balanced_contour_3e-13_R6,0.135,s1*s4,1,5.246688238988245,6.683208337390405
balanced_contour_3e-13_R6,0.15000000000000002,s1*s2,0,-82.0766995968011,-27.293816805441583
balanced_contour_3e-13_R6,0.15000000000000002,s1*s2,1,37.61166351203712,2.499122220348146
balanced_contour_3e-13_R6,0.15000000000000002,s2*s3,0,2.59981588250423,8.346404759019464
balanced_contour_3e-13_R6,0.15000000000000002,s2*s3,1,-2.70628224579295,-2.788219584153195
balanced_contour_3e-13_R6,0.15000000000000002,s3*s4,0,0.8977144105190693,-0.299432001706906
balanced_contour_3e-13_R6,0.15000000000000002,s3*s4,1,-0.3512764393462024,0.14623201465265023
balanced_contour_3e-13_R6,0.15000000000000002,s1*s4,0,-8.761857119239549,-14.629431082787072
balanced_contour_3e-13_R6,0.15000000000000002,s1*s4,1,5.246688239032372,6.683208337287493
balanced_contour_3e-13_R6,0.16499999999999998,s1*s2,0,-82.07669960128106,-27.29381681245526
balanced_contour_3e-13_R6,0.16499999999999998,s1*s2,1,37.61166351452397,2.4991222226643486
balanced_contour_3e-13_R6,0.16499999999999998,s2*s3,0,2.5998158823428157,8.346404759822807
balanced_contour_3e-13_R6,0.16499999999999998,s2*s3,1,-2.7062822458100126,-2.788219584478867
balanced_contour_3e-13_R6,0.16499999999999998,s3*s4,0,0.897714410596602,-0.2994320016622912
balanced_contour_3e-13_R6,0.16499999999999998,s3*s4,1,-0.35127643938197006,0.1462320146425041
balanced_contour_3e-13_R6,0.16499999999999998,s1*s4,0,-8.76185711882802,-14.629431084605075
balanced_contour_3e-13_R6,0.16499999999999998,s1*s4,1,5.24668823906915,6.683208338056073
balanced_contour_3e-13_R6,0.18,s1*s2,0,-82.07669959444928,-27.2938168019651
balanced_contour_3e-13_R6,0.18,s1*s2,1,37.611663510626606,2.499122219309269
balanced_contour_3e-13_R6,0.18,s2*s3,0,2.5998158825762743,8.346404758599917
balanced_contour_3e-13_R6,0.18,s2*s3,1,-2.706282245761348,-2.7882195839811423
balanced_contour_3e-13_R6,0.18,s3*s4,0,0.8977144104804256,-0.29943200172999174
balanced_contour_3e-13_R6,0.18,s3*s4,1,-0.35127643932769365,0.14623201465620514
balanced_contour_3e-13_R6,0.18,s1*s4,0,-8.76185711942306,-14.62943108187427
balanced_contour_3e-13_R6,0.18,s1*s4,1,5.246688238974651,6.683208336897695
balanced_contour_3e-13_R6,0.195,s1*s2,0,-82.07669959901392,-27.29381680657122
balanced_contour_3e-13_R6,0.195,s1*s2,1,37.61166351287915,2.4991222205474704
balanced_contour_3e-13_R6,0.195,s2*s3,0,2.5998158825903634,8.346404759244828
balanced_contour_3e-13_R6,0.195,s2*s3,1,-2.706282245838994,-2.7882195842189095
balanced_contour_3e-13_R6,0.195,s3*s4,0,0.8977144105455316,-0.29943200170886025
balanced_contour_3e-13_R6,0.195,s3*s4,1,-0.3512764393552502,0.14623201465564395
balanced_contour_3e-13_R6,0.195,s1*s4,0,-8.761857119395806,-14.62943108332837
balanced_contour_3e-13_R6,0.195,s1*s4,1,5.24668823913508,6.683208337458275
balanced_contour_3e-13_R6,0.20999999999999996,s1*s2,0,-82.07669959180528,-27.293816799247566
balanced_contour_3e-13_R6,0.20999999999999996,s1*s2,1,37.611663509254264,2.4991222186411752
balanced_contour_3e-13_R6,0.20999999999999996,s2*s3,0,2.599815882567576,8.346404758226392
balanced_contour_3e-13_R6,0.20999999999999996,s2*s3,1,-2.706282245707256,-2.7882195838431745
balanced_contour_3e-13_R6,0.20999999999999996,s3*s4,0,0.8977144104422534,-0.29943200174145973
balanced_contour_3e-13_R6,0.20999999999999996,s3*s4,1,-0.3512764393115817,0.1462320146554712
balanced_contour_3e-13_R6,0.20999999999999996,s1*s4,0,-8.7618571194592,-14.62943108102063
balanced_contour_3e-13_R6,0.20999999999999996,s1*s4,1,5.246688238868794,6.68320833656737
balanced_contour_3e-13_R6,0.22499999999999998,s1*s2,0,-82.07669959532896,-27.293816804891392
balanced_contour_3e-13_R6,0.22499999999999998,s1*s2,1,37.611663511264105,2.499122220492287
balanced_contour_3e-13_R6,0.22499999999999998,s2*s3,0,2.599815882428676,8.346404758867777
balanced_contour_3e-13_R6,0.22499999999999998,s2*s3,1,-2.7062822457217806,-2.788219584107939
balanced_contour_3e-13_R6,0.22499999999999998,s3*s4,0,0.8977144105029224,-0.2994320017061058
balanced_contour_3e-13_R6,0.22499999999999998,s3*s4,1,-0.35127643933992775,0.14623201464798835
balanced_contour_3e-13_R6,0.22499999999999998,s1*s4,0,-8.761857119113591,-14.629431082470564
balanced_contour_3e-13_R6,0.22499999999999998,s1*s4,1,5.246688238896354,6.68320833718255
balanced_contour_3e-13_R6,0.24,s1*s2,0,-82.07669959676873,-27.293816805868175
balanced_contour_3e-13_R6,0.24,s1*s2,1,37.6116635120293,2.499122220620441
balanced_contour_3e-13_R6,0.24,s2*s3,0,2.599815882461522,8.346404759043287
balanced_contour_3e-13_R6,0.24,s2*s3,1,-2.7062822457680835,-2.788219584170597
balanced_contour_3e-13_R6,0.24,s3*s4,0,0.8977144105217084,-0.2994320017049386
balanced_contour_3e-13_R6,0.24,s3*s4,1,-0.35127643934726593,0.14623201465057512
balanced_contour_3e-13_R6,0.24,s1*s4,0,-8.761857119173591,-14.629431082835449
balanced_contour_3e-13_R6,0.24,s1*s4,1,5.246688238992311,6.683208337325046
