method,x_offset,invariant,initial_direction,real,imag
reference,-0.24,s1*s2,0,-82.07669959558837,-27.29381680439175
reference,-0.24,s1*s2,1,37.61166351137317,2.4991222201093515
reference,-0.24,s2*s3,0,2.5998158824758097,8.346404758818535
reference,-0.24,s2*s3,1,-2.706282245752248,-2.788219584077146
reference,-0.24,s3*s4,0,0.8977144104964301,-0.2994320017058886
reference,-0.24,s3*s4,1,-0.35127643933697233,0.14623201464922186
reference,-0.24,s1*s4,0,-8.761857119295124,-14.629431082499755
reference,-0.24,s1*s4,1,5.246688239000222,6.683208337161228
reference,-0.22499999999999998,s1*s2,0,-82.07669959557815,-27.29381680437912
reference,-0.22499999999999998,s1*s2,1,37.61166351136864,2.499122220106024
reference,-0.22499999999999998,s2*s3,0,2.599815882462484,8.346404758831284
reference,-0.22499999999999998,s2*s3,1,-2.7062822457483158,-2.788219584083003
reference,-0.22499999999999998,s3*s4,0,0.8977144105000796,-0.2994320017043228
reference,-0.22499999999999998,s3*s4,1,-0.35127643933843566,0.14623201464892951
reference,-0.22499999999999998,s1*s4,0,-8.761857119307852,-14.62943108244759
reference,-0.22499999999999998,s1*s4,1,5.246688239000638,6.6832083371411475
reference,-0.21,s1*s2,0,-82.07669959558648,-27.293816804370366
reference,-0.21,s1*s2,1,37.611663511370566,2.4991222201025254
reference,-0.21,s2*s3,0,2.5998158824576443,8.346404758835343
reference,-0.21,s2*s3,1,-2.7062822457466797,-2.788219584084604
reference,-0.21,s3*s4,0,0.897714410501615,-0.2994320017040726
reference,-0.21,s3*s4,1,-0.35127643933894703,0.1462320146488851
reference,-0.21,s1*s4,0,-8.761857119316051,-14.629431082429345
reference,-0.21,s1*s4,1,5.24668823900257,6.683208337134508
reference,-0.195,s1*s2,0,-82.07669959559648,-27.29381680437428
reference,-0.195,s1*s2,1,37.61166351137444,2.4991222201029997
reference,-0.195,s2*s3,0,2.5998158824537443,8.346404758839638
reference,-0.195,s2*s3,1,-2.7062822457457267,-2.7882195840867072
reference,-0.195,s3*s4,0,0.8977144105028558,-0.2994320017032541
reference,-0.195,s3*s4,1,-0.35127643933947883,0.14623201464873903
reference,-0.195,s1*s4,0,-8.76185711932452,-14.629431082418584
reference,-0.195,s1*s4,1,5.246688239004331,6.683208337129496
reference,-0.18,s1*s2,0,-82.07669959559153,-27.29381680438571
reference,-0.18,s1*s2,1,37.6116635113735,2.4991222201071652
reference,-0.18,s2*s3,0,2.5998158824480013,8.346404758835865
reference,-0.18,s2*s3,1,-2.7062822457432096,-2.7882195840860975
reference,-0.18,s3*s4,0,0.8977144105017483,-0.2994320017015307
reference,-0.18,s3*s4,1,-0.3512764393392487,0.1462320146480242
reference,-0.18,s1*s4,0,-8.761857119340338,-14.629431082425894
reference,-0.18,s1*s4,1,5.246688239011044,6.683208337129789
reference,-0.16499999999999998,s1*s2,0,-82.07669959559968,-27.293816804400493
reference,-0.16499999999999998,s1*s2,1,37.61166351137815,2.4991222201114756
reference,-0.16499999999999998,s2*s3,0,2.59981588247088,8.346404758830305
reference,-0.16499999999999998,s2*s3,1,-2.7062822457508555,-2.7882195840819772
reference,-0.16499999999999998,s3*s4,0,0.8977144104993952,-0.29943200170600104
reference,-0.16499999999999998,s3*s4,1,-0.3512764393380487,0.14623201464937444
reference,-0.16499999999999998,s1*s4,0,-8.761857119292845,-14.62943108247107
reference,-0.16499999999999998,s1*s4,1,5.246688238998205,6.683208337150257
reference,-0.15,s1*s2,0,-82.07669959559583,-27.293816804408713
reference,-0.15,s1*s2,1,37.61166351137793,2.499122220114874
reference,-0.15,s2*s3,0,2.5998158824856694,8.346404758837739
reference,-0.15,s2*s3,1,-2.7062822457569213,-2.7882195840828334
reference,-0.15,s3*s4,0,0.8977144104999581,-0.2994320017095355
reference,-0.15,s3*s4,1,-0.35127643933784,0.14623201465065205
reference,-0.15,s1*s4,0,-8.761857119246272,-14.629431082471726
reference,-0.15,s1*s4,1,5.246688238981791,6.683208337155538
reference,-0.135,s1*s2,0,-82.0766995955946,-27.29381680441768
reference,-0.135,s1*s2,1,37.61166351137814,2.4991222201180316
reference,-0.135,s2*s3,0,2.5998158824736786,8.346404758847015
reference,-0.135,s2*s3,1,-2.706282245753531,-2.7882195840875474
reference,-0.135,s3*s4,0,0.8977144105026389,-0.29943200170681006
reference,-0.135,s3*s4,1,-0.3512764393391173,0.14623201464995808
reference,-0.135,s1*s4,0,-8.761857119264196,-14.629431082442274
reference,-0.135,s1*s4,1,5.246688238985203,6.683208337143008
reference,-0.12,s1*s2,0,-82.07669959560221,-27.293816804420125
reference,-0.12,s1*s2,1,37.61166351138136,2.4991222201180645
reference,-0.12,s2*s3,0,2.59981588245747,8.346404758838307
reference,-0.12,s2*s3,1,-2.7062822457466993,-2.788219584086126
reference,-0.12,s3*s4,0,0.8977144105021789,-0.2994320017020403
reference,-0.12,s3*s4,1,-0.3512764393394425,0.14623201464816546
reference,-0.12,s1*s4,0,-8.761857119317769,-14.629431082445192
reference,-0.12,s1*s4,1,5.246688239005194,6.683208337138589
reference,-0.10499999999999998,s1*s2,0,-82.07669959560809,-27.293816804417624
reference,-0.10499999999999998,s1*s2,1,37.611663511383014,2.4991222201163987
reference,-0.10499999999999998,s2*s3,0,2.599815882438386,8.346404758819745
reference,-0.10499999999999998,s2*s3,1,-2.7062822457378397,-2.788219584081924
reference,-0.10499999999999998,s3*s4,0,0.8977144104983195,-0.2994320016968247
reference,-0.10499999999999998,s3*s4,1,-0.3512764393387347,0.14623201464588872
reference,-0.10499999999999998,s1*s4,0,-8.761857119384644,-14.629431082471266
reference,-0.10499999999999998,s1*s4,1,5.246688239031675,6.68320833713975
reference,-0.09,s1*s2,0,-82.07669959560175,-27.29381680439558
reference,-0.09,s1*s2,1,37.611663511378005,2.4991222201091605
reference,-0.09,s2*s3,0,2.5998158824554434,8.346404758843722
reference,-0.09,s2*s3,1,-2.7062822457468854,-2.788219584088563
reference,-0.09,s3*s4,0,0.8977144105030151,-0.2994320017023243
reference,-0.09,s3*s4,1,-0.35127643933976477,0.14623201464841679
reference,-0.09,s1*s4,0,-8.761857119319131,-14.629431082422487
reference,-0.09,s1*s4,1,5.246688239002117,6.6832083371294315
reference,-0.07500000000000001,s1*s2,0,-82.07669959558778,-27.293816804359352
reference,-0.07500000000000001,s1*s2,1,37.61166351136908,2.4991222200979397
reference,-0.07500000000000001,s2*s3,0,2.599815882474672,8.346404758868324
reference,-0.07500000000000001,s2*s3,1,-2.7062822457564772,-2.788219584095284
reference,-0.07500000000000001,s3*s4,0,0.8977144105075574,-0.2994320017094126
reference,-0.07500000000000001,s3*s4,1,-0.35127643934060687,0.14623201465147428
reference,-0.07500000000000001,s1*s4,0,-8.761857119243334,-14.629431082369974
reference,-0.07500000000000001,s1*s4,1,5.246688238969083,6.683208337119267
reference,-0.06,s1*s2,0,-82.07669959556267,-27.29381680432178
reference,-0.06,s1*s2,1,37.611663511355665,2.49912222008766
reference,-0.06,s2*s3,0,2.5998158824743904,8.346404758887942
reference,-0.06,s2*s3,1,-2.706282245758653,-2.788219584101961
reference,-0.06,s3*s4,0,0.8977144105116734,-0.2994320017110067
reference,-0.06,s3*s4,1,-0.35127643934181707,0.14623201465251454
reference,-0.06,s1*s4,0,-8.761857119217026,-14.629431082305292
reference,-0.06,s1*s4,1,5.246688238951981,6.683208337099866
reference,-0.044999999999999984,s1*s2,0,-82.07669959557562,-27.293816804270037
reference,-0.044999999999999984,s1*s2,1,37.611663511353704,2.499122220067677
reference,-0.044999999999999984,s2*s3,0,2.5998158824337545,8.346404758886877
reference,-0.044999999999999984,s2*s3,1,-2.706282245743921,-2.7882195841067294
reference,-0.044999999999999984,s3*s4,0,0.8977144105139896,-0.2994320017032079
reference,-0.044999999999999984,s3*s4,1,-0.35127643934366315,0.14623201464998342
reference,-0.044999999999999984,s1*s4,0,-8.76185711932566,-14.629431082245782
reference,-0.044999999999999984,s1*s4,1,5.246688238984219,6.683208337065141
reference,-0.03,s1*s2,0,-82.07669959560386,-27.293816804231295
reference,-0.03,s1*s2,1,37.61166351135918,2.499122220050086
reference,-0.03,s2*s3,0,2.599815882401981,8.346404758869436
reference,-0.03,s2*s3,1,-2.7062822457303324,-2.7882195841048394
reference,-0.03,s3*s4,0,0.8977144105124764,-0.29943200169547735
reference,-0.03,s3*s4,1,-0.3512764393442017,0.14623201464702157
reference,-0.03,s1*s4,0,-8.761857119436778,-14.629431082240774
reference,-0.03,s1*s4,1,5.246688239023106,6.683208337048373
reference,-0.015000000000000013,s1*s2,0,-82.07669959564585,-27.293816804233426
reference,-0.015000000000000013,s1*s2,1,37.61166351137387,2.4991222200448577
reference,-0.015000000000000013,s2*s3,0,2.5998158823924125,8.346404758852849
reference,-0.015000000000000013,s2*s3,1,-2.70628224572461,-2.7882195840999455
reference,-0.015000000000000013,s3*s4,0,0.8977144105094368,-0.2994320016914236
reference,-0.015000000000000013,s3*s4,1,-0.35127643934355207,0.1462320146451868
reference,-0.015000000000000013,s1*s4,0,-8.761857119495382,-14.6294310822767
reference,-0.015000000000000013,s1*s4,1,5.246688239048777,6.683208337053268
reference,0.0,s1*s2,0,-82.07669959566576,-27.29381680424475
reference,0.0,s1*s2,1,37.61166351138236,2.4991222200453507
reference,0.0,s2*s3,0,2.599815882426311,8.34640475884098
reference,0.0,s2*s3,1,-2.7062822457354456,-2.788219584092522
reference,0.0,s3*s4,0,0.8977144105054666,-0.2994320016989643
reference,0.0,s3*s4,1,-0.35127643934140784,0.14623201464759306
reference,0.0,s1*s4,0,-8.761857119432648,-14.629431082348713
reference,0.0,s1*s4,1,5.246688239033768,6.683208337084436
reference,0.015000000000000013,s1*s2,0,-82.07669959569354,-27.29381680427614
reference,0.015000000000000013,s1*s2,1,37.61166351139654,2.4991222200525915
reference,0.015000000000000013,s2*s3,0,2.5998158824572313,8.346404758837402
reference,0.015000000000000013,s2*s3,1,-2.7062822457461984,-2.7882195840869377
reference,0.015000000000000013,s3*s4,0,0.8977144105040847,-0.29943200170512635
reference,0.015000000000000013,s3*s4,1,-0.35127643934008507,0.14623201464952237
reference,0.015000000000000013,s1*s4,0,-8.761857119369513,-14.629431082405045
reference,0.015000000000000013,s1*s4,1,5.246688239018705,6.683208337113778
reference,0.030000000000000027,s1*s2,0,-82.07669959569473,-27.293816804302622
reference,0.030000000000000027,s1*s2,1,37.611663511401815,2.499122220061247
reference,0.030000000000000027,s2*s3,0,2.599815882456213,8.346404758832445
reference,0.030000000000000027,s2*s3,1,-2.7062822457449185,-2.788219584086062
reference,0.030000000000000027,s3*s4,0,0.8977144105025637,-0.29943200170409834
reference,0.030000000000000027,s3*s4,1,-0.35127643933982733,0.14623201464897584
reference,0.030000000000000027,s1*s4,0,-8.761857119374156,-14.629431082426642
reference,0.030000000000000027,s1*s4,1,5.246688239023245,6.683208337118651
reference,0.044999999999999984,s1*s2,0,-82.07669959567008,-27.29381680433148
reference,0.044999999999999984,s1*s2,1,37.61166351139546,2.4991222200739727
reference,0.044999999999999984,s2*s3,0,2.5998158824375377,8.346404758834934
reference,0.044999999999999984,s2*s3,1,-2.7062822457378264,-2.788219584089243
reference,0.044999999999999984,s3*s4,0,0.8977144105027667,-0.2994320016989419
reference,0.044999999999999984,s3*s4,1,-0.3512764393405998,0.14623201464689656
reference,0.044999999999999984,s1*s4,0,-8.761857119402999,-14.629431082410155
reference,0.044999999999999984,s1*s4,1,5.246688239033633,6.683208337107484
reference,0.06,s1*s2,0,-82.07669959558727,-27.293816804340523
reference,0.06,s1*s2,1,37.61166351136679,2.499122220089137
reference,0.06,s2*s3,0,2.599815882464997,8.346404758848086
reference,0.06,s2*s3,1,-2.706282245749708,-2.7882195840908817
reference,0.06,s3*s4,0,0.8977144105023298,-0.29943200170680534
reference,0.06,s3*s4,1,-0.3512764393393545,0.14623201464992228
reference,0.06,s1*s4,0,-8.761857119288806,-14.62943108240379
reference,0.06,s1*s4,1,5.246688238989618,6.683208337120531
reference,0.07500000000000001,s1*s2,0,-82.07669959555989,-27.293816804247367
reference,0.07500000000000001,s1*s2,1,37.61166351134216,2.499122220056998
reference,0.07500000000000001,s2*s3,0,2.599815882450058,8.346404758856217
reference,0.07500000000000001,s2*s3,1,-2.706282245745098,-2.7882195840958017
reference,0.07500000000000001,s3*s4,0,0.8977144105045735,-0.2994320017060491
reference,0.07500000000000001,s3*s4,1,-0.3512764393403568,0.1462320146498725
reference,0.07500000000000001,s1*s4,0,-8.76185711931601,-14.629431082329408
reference,0.07500000000000001,s1*s4,1,5.24668823898999,6.683208337088038
reference,0.08999999999999997,s1*s2,0,-82.07669959559425,-27.29381680419388
reference,0.08999999999999997,s1*s2,1,37.61166351134603,2.499122220029772
reference,0.08999999999999997,s2*s3,0,2.5998158824227233,8.34640475885405
reference,0.08999999999999997,s2*s3,1,-2.706282245733774,-2.7882195840985387
reference,0.08999999999999997,s3*s4,0,0.8977144105072518,-0.2994320017005502
reference,0.08999999999999997,s3*s4,1,-0.3512764393420731,0.14623201464791433
reference,0.08999999999999997,s1*s4,0,-8.76185711940343,-14.62943108228435
reference,0.08999999999999997,s1*s4,1,5.246688239018728,6.683208337058137
reference,0.10499999999999998,s1*s2,0,-82.07669959560238,-27.29381680422839
reference,0.10499999999999998,s1*s2,1,37.611663511355886,2.4991222200417327
reference,0.10499999999999998,s2*s3,0,2.5998158824397644,8.346404758840615
reference,0.10499999999999998,s2*s3,1,-2.7062822457386773,-2.788219584091861
reference,0.10499999999999998,s3*s4,0,0.8977144105026357,-0.2994320017021766
reference,0.10499999999999998,s3*s4,1,-0.3512764393402115,0.14623201464816785
reference,0.10499999999999998,s1*s4,0,-8.761857119380911,-14.629431082353836
reference,0.10499999999999998,s1*s4,1,5.2466882390184,6.683208337086079
reference,0.12,s1*s2,0,-82.07669959561515,-27.293816804286443
reference,0.12,s1*s2,1,37.61166351136783,2.4991222200618126
reference,0.12,s2*s3,0,2.599815882498528,8.346404758828248
reference,0.12,s2*s3,1,-2.7062822457595366,-2.7882195840763515
reference,0.12,s3*s4,0,0.8977144104967282,-0.2994320017135266
reference,0.12,s3*s4,1,-0.35127643933583635,0.14623201465151528
reference,0.12,s1*s4,0,-8.761857119252657,-14.629431082469239
reference,0.12,s1*s4,1,5.2466882389876615,6.683208337153511
reference,0.135,s1*s2,0,-82.07669959560907,-27.293816804354
reference,0.135,s1*s2,1,37.61166351137649,2.4991222200903045
reference,0.135,s2*s3,0,2.599815882532461,8.346404758845436
reference,0.135,s2*s3,1,-2.706282245776774,-2.788219584078376
reference,0.135,s3*s4,0,0.8977144104998458,-0.2994320017203629
reference,0.135,s3*s4,1,-0.35127643933603214,0.1462320146550305
reference,0.135,s1*s4,0,-8.761857119145935,-14.629431082488574
reference,0.135,s1*s4,1,5.246688238944873,6.683208337178863
reference,0.15000000000000002,s1*s2,0,-82.07669959551862,-27.293816804395785
reference,0.15000000000000002,s1*s2,1,37.61166351134592,2.4991222201231724
reference,0.15000000000000002,s2*s3,0,2.599815882585347,8.346404758851776
reference,0.15000000000000002,s2*s3,1,-2.7062822458005584,-2.788219584071418
reference,0.15000000000000002,s3*s4,0,0.8977144104955923,-0.29943200173163287
reference,0.15000000000000002,s3*s4,1,-0.35127643933220265,0.14623201465916968
reference,0.15000000000000002,s1*s4,0,-8.761857118977352,-14.629431082540211
reference,0.15000000000000002,s1*s4,1,5.2466882388825855,6.683208337230886
reference,0.16499999999999998,s1*s2,0,-82.07669959540026,-27.293816804244944
reference,0.16499999999999998,s1*s2,1,37.61166351127214,2.4991222200770924
reference,0.16499999999999998,s2*s3,0,2.59981588258294,8.34640475887171
reference,0.16499999999999998,s2*s3,1,-2.7062822458039943,-2.788219584080219
reference,0.16499999999999998,s3*s4,0,0.897714410496844,-0.2994320017348247
reference,0.16499999999999998,s3*s4,1,-0.35127643933209696,0.1462320146608025
reference,0.16499999999999998,s1*s4,0,-8.76185711893832,-14.629431082426743
reference,0.16499999999999998,s1*s4,1,5.246688238846518,6.683208337190832
reference,0.18,s1*s2,0,-82.07669959547381,-27.293816804273625
reference,0.18,s1*s2,1,37.61166351130248,2.4991222200749883
reference,0.18,s2*s3,0,2.5998158825508058,8.346404758882622
reference,0.18,s2*s3,1,-2.7062822457917375,-2.7882195840909554
reference,0.18,s3*s4,0,0.8977144105005184,-0.2994320017283888
reference,0.18,s3*s4,1,-0.3512764393350641,0.14623201465878138
reference,0.18,s1*s4,0,-8.761857119017185,-14.62943108238898
reference,0.18,s1*s4,1,5.246688238871904,6.683208337156399
reference,0.195,s1*s2,0,-82.07669959541064,-27.293816804326095
reference,0.195,s1*s2,1,37.611663511283346,2.499122220109952
reference,0.195,s2*s3,0,2.599815882570216,8.34640475891081
reference,0.195,s2*s3,1,-2.706282245805321,-2.7882195841018302
reference,0.195,s3*s4,0,0.8977144105073113,-0.29943200173557877
reference,0.195,s3*s4,1,-0.3512764393370101,0.1462320146629833
reference,0.195,s1*s4,0,-8.761857118903057,-14.6294310823483
reference,0.195,s1*s4,1,5.246688238812369,6.683208337156241
reference,0.20999999999999996,s1*s2,0,-82.07669959536258,-27.293816804390552
reference,0.20999999999999996,s1*s2,1,37.611663511268794,2.4991222201477115
reference,0.20999999999999996,s2*s3,0,2.599815882605661,8.346404758960869
reference,0.20999999999999996,s2*s3,1,-2.706282245832449,-2.7882195841172646
reference,0.20999999999999996,s3*s4,0,0.8977144105168258,-0.2994320017430112
reference,0.20999999999999996,s3*s4,1,-0.35127643933958086,0.14623201466880859
reference,0.20999999999999996,s1*s4,0,-8.76185711874631,-14.629431082279574
reference,0.20999999999999996,s1*s4,1,5.246688238721974,6.683208337155955
reference,0.22499999999999998,s1*s2,0,-82.07669959528188,-27.293816804404166
reference,0.22499999999999998,s1*s2,1,37.61166351123895,2.499122220174348
reference,0.22499999999999998,s2*s3,0,2.599815882578738,8.34640475893742
reference,0.22499999999999998,s2*s3,1,-2.706282245818537,-2.788219584114281
reference,0.22499999999999998,s3*s4,0,0.897714410511834,-0.2994320017356603
reference,0.22499999999999998,s3*s4,1,-0.3512764393388776,0.14623201466501207
reference,0.22499999999999998,s1*s4,0,-8.761857118808415,-14.629431082305658
reference,0.22499999999999998,s1*s4,1,5.246688238747161,6.683208337158227
reference,0.24,s1*s2,0,-82.07669959514261,-27.29381680425837
reference,0.24,s1*s2,1,37.61166351113165,2.4991222201236445
reference,0.24,s2*s3,0,2.599815882499805,8.346404758962137
reference,0.24,s2*s3,1,-2.7062822457858986,-2.788219584140446
reference,0.24,s3*s4,0,0.8977144105172785,-0.29943200171945333
reference,0.24,s3*s4,1,-0.35127643934444736,0.14623201465831487
reference,0.24,s1*s4,0,-8.761857118941931,-14.629431082090312
reference,0.24,s1*s4,1,5.246688238767708,6.683208337025894
RK45_0.001,-0.24,s1*s2,0,-82.07682568785994,-27.29390915836811
RK45_0.001,-0.24,s1*s2,1,37.611635175609315,2.499117896033328
RK45_0.001,-0.24,s2*s3,0,2.599816161882296,8.346419834699736
RK45_0.001,-0.24,s2*s3,1,-2.706280982688131,-2.78821729595564
RK45_0.001,-0.24,s3*s4,0,0.8977161612592987,-0.29943195159133057
RK45_0.001,-0.24,s3*s4,1,-0.3512761358995692,0.14623187563357906
RK45_0.001,-0.24,s1*s4,0,-8.761864721950332,-14.629462455435961
RK45_0.001,-0.24,s1*s4,1,5.246684074704052,6.683203826838906
RK45_0.001,-0.22499999999999998,s1*s2,0,-82.07682254189709,-27.293931211404804
RK45_0.001,-0.22499999999999998,s1*s2,1,37.61164508190082,2.499125386841112
RK45_0.001,-0.22499999999999998,s2*s3,0,2.5998139529327116,8.346421399130202
RK45_0.001,-0.22499999999999998,s2*s3,1,-2.706281384671038,-2.7882184718027236
RK45_0.001,-0.22499999999999998,s3*s4,0,0.8977162444212319,-0.29943177971553553
RK45_0.001,-0.22499999999999998,s3*s4,1,-0.35127625852774425,0.14623183513980495
RK45_0.001,-0.22499999999999998,s1*s4,0,-8.761860868890047,-14.629464499791474
RK45_0.001,-0.22499999999999998,s1*s4,1,5.246684265737677,6.6832069361553685
RK45_0.001,-0.21,s1*s2,0,-82.07682712460011,-27.29394332483757
RK45_0.001,-0.21,s1*s2,1,37.6116470710461,2.4991290588639132
RK45_0.001,-0.21,s2*s3,0,2.599813453127773,8.346422715281651
RK45_0.001,-0.21,s2*s3,1,-2.7062812684593998,-2.7882188345931085
RK45_0.001,-0.21,s3*s4,0,0.897716334800702,-0.2994316952854135
RK45_0.001,-0.21,s3*s4,1,-0.3512762983415901,0.14623180956446524
RK45_0.001,-0.21,s1*s4,0,-8.761859436013225,-14.62946699781153
RK45_0.001,-0.21,s1*s4,1,5.246684046605482,6.68320785788248
RK45_0.001,-0.195,s1*s2,0,-82.07684273017624,-27.293921010018835
RK45_0.001,-0.195,s1*s2,1,37.61163169174042,2.4991204107046032
RK45_0.001,-0.195,s2*s3,0,2.5998169752853775,8.346422063888157
RK45_0.001,-0.195,s2*s3,1,-2.706280412407173,-2.788217172695957
RK45_0.001,-0.195,s3*s4,0,0.8977163413355684,-0.29943190017779187
RK45_0.001,-0.195,s3*s4,1,-0.35127612796390123,0.146231844698543
RK45_0.001,-0.195,s1*s4,0,-8.761864753273898,-14.62946743012397
RK45_0.001,-0.195,s1*s4,1,5.246683371803305,6.683203507568404
RK45_0.001,-0.18,s1*s2,0,-82.07685520282509,-27.293888628128464
RK45_0.001,-0.18,s1*s2,1,37.61161523662217,2.4991085838819496
RK45_0.001,-0.18,s2*s3,0,2.5998209252365925,8.346420393063372
RK45_0.001,-0.18,s2*s3,1,-2.706279745377059,-2.7882152370570297
RK45_0.001,-0.18,s3*s4,0,0.897716278346569,-0.2994321828349643
RK45_0.001,-0.18,s3*s4,1,-0.35127592753296377,0.14623190140721554
RK45_0.001,-0.18,s1*s4,0,-8.761871362644277,-14.629465813610683
RK45_0.001,-0.18,s1*s4,1,5.246682950422268,6.683198529343701
RK45_0.001,-0.16499999999999998,s1*s2,0,-82.07684764886393,-27.29388142720778
RK45_0.001,-0.16499999999999998,s1*s2,1,37.61161689823942,2.4991069253447895
RK45_0.001,-0.16499999999999998,s2*s3,0,2.5998207205340207,8.346419280087712
RK45_0.001,-0.16499999999999998,s2*s3,1,-2.706280060120947,-2.788215259344482
RK45_0.001,-0.16499999999999998,s3*s4,0,0.8977161867788842,-0.2994322225592867
RK45_0.001,-0.16499999999999998,s3*s4,1,-0.3512759288630284,0.14623191932655613
RK45_0.001,-0.16499999999999998,s1*s4,0,-8.761871617946314,-14.629463321773093
RK45_0.001,-0.16499999999999998,s1*s4,1,5.246683353331507,6.683198630056937
RK45_0.001,-0.15,s1*s2,0,-82.07682531806066,-27.29390169347933
RK45_0.001,-0.15,s1*s2,1,37.61163359420377,2.499115927309553
RK45_0.001,-0.15,s2*s3,0,2.5998168394389376,8.346419261823463
RK45_0.001,-0.15,s2*s3,1,-2.7062809584934384,-2.78821704764149
RK45_0.001,-0.15,s3*s4,0,0.8977161136520572,-0.29943200257125596
RK45_0.001,-0.15,s3*s4,1,-0.351276113592253,0.14623189014329327
RK45_0.001,-0.15,s1*s4,0,-8.761865687616845,-14.629461523955728
RK45_0.001,-0.15,s1*s4,1,5.24668418964427,6.683203195855047
RK45_0.001,-0.135,s1*s2,0,-82.0767292580203,-27.293933039708783
RK45_0.001,-0.135,s1*s2,1,37.61166857191147,2.499131359943584
RK45_0.001,-0.135,s2*s3,0,2.5998050059671285,8.34641561444558
RK45_0.001,-0.135,s2*s3,1,-2.7062832167581186,-2.788220389170873
RK45_0.001,-0.135,s3*s4,0,0.8977154431601363,-0.2994315090302403
RK45_0.001,-0.135,s3*s4,1,-0.3512764907605237,0.14623184172404205
RK45_0.001,-0.135,s1*s4,0,-8.761847473463083,-14.629446136470785
RK45_0.001,-0.135,s1*s4,1,5.246686582753746,6.683212596131434
RK45_0.001,-0.12,s1*s2,0,-82.07656016619046,-27.294002528502723
RK45_0.001,-0.12,s1*s2,1,37.61172918624713,2.499161794869778
RK45_0.001,-0.12,s2*s3,0,2.5997834365731425,8.346410746745962
RK45_0.001,-0.12,s2*s3,1,-2.706286828976301,-2.7882262935507955
RK45_0.001,-0.12,s3*s4,0,0.897714277386094,-0.29943051102704865
RK45_0.001,-0.12,s3*s4,1,-0.3512771772141973,0.1462317205754836
RK45_0.001,-0.12,s1*s4,0,-8.761812085494086,-14.629421103153245
RK45_0.001,-0.12,s1*s4,1,5.246690406345891,6.683229547095485
RK45_0.001,-0.10499999999999998,s1*s2,0,-82.07662620485604,-27.2940394163996
RK45_0.001,-0.10499999999999998,s1*s2,1,37.61171057573117,2.4991644984022754
RK45_0.001,-0.10499999999999998,s2*s3,0,2.599787031555818,8.346419148889986
RK45_0.001,-0.10499999999999998,s2*s3,1,-2.7062849872048376,-2.7882248920139947
RK45_0.001,-0.10499999999999998,s3*s4,0,0.8977149046924551,-0.2994304296212932
RK45_0.001,-0.10499999999999998,s3*s4,1,-0.351277058788837,0.14623161706145815
RK45_0.001,-0.10499999999999998,s1*s4,0,-8.7618132380705,-14.629438286301196
RK45_0.001,-0.10499999999999998,s1*s4,1,5.2466878608319325,6.683226826367319
RK45_0.001,-0.09,s1*s2,0,-82.0769749691235,-27.294024865155443
RK45_0.001,-0.09,s1*s2,1,37.61159784645983,2.4991288987523523
RK45_0.001,-0.09,s2*s3,0,2.5998206930944256,8.346442310212645
RK45_0.001,-0.09,s2*s3,1,-2.7062773373975113,-2.788214544868058
RK45_0.001,-0.09,s3*s4,0,0.8977177025195102,-0.29943163595801836
RK45_0.001,-0.09,s3*s4,1,-0.35127593422191355,0.14623156431100026
RK45_0.001,-0.09,s1*s4,0,-8.761861823450422,-14.62950313149807
RK45_0.001,-0.09,s1*s4,1,5.246678127384991,6.683200223599684
RK45_0.001,-0.07500000000000001,s1*s2,0,-82.0774437145039,-27.29397432509026
RK45_0.001,-0.07500000000000001,s1*s2,1,37.61144572825642,2.4990720225766205
RK45_0.001,-0.07500000000000001,s2*s3,0,2.599867331172961,8.346470389072072
RK45_0.001,-0.07500000000000001,s2*s3,1,-2.706267846048568,-2.7882001917659425
RK45_0.001,-0.07500000000000001,s3*s4,0,0.8977214147932149,-0.2994335684939833
RK45_0.001,-0.07500000000000001,s3*s4,1,-0.3512743429278993,0.1462315676272942
RK45_0.001,-0.07500000000000001,s1*s4,0,-8.761934076119678,-14.629585221830588
RK45_0.001,-0.07500000000000001,s1*s4,1,5.246665828469429,6.683163026244524
RK45_0.001,-0.06,s1*s2,0,-82.07776091135341,-27.293914314744764
RK45_0.001,-0.06,s1*s2,1,37.61134219518248,2.4990263635647882
RK45_0.001,-0.06,s2*s3,0,2.599900214335886,8.346487028057332
RK45_0.001,-0.06,s2*s3,1,-2.706262026551368,-2.7881900862301907
RK45_0.001,-0.06,s3*s4,0,0.8977238644463539,-0.29943513027313423
RK45_0.001,-0.06,s3*s4,1,-0.351273204954087,0.1462316282099057
RK45_0.001,-0.06,s1*s4,0,-8.761988333813767,-14.629636605947647
RK45_0.001,-0.06,s1*s4,1,5.2466581717289555,6.683136698655811
RK45_0.001,-0.044999999999999984,s1*s2,0,-82.07768433290579,-27.293865038092296
RK45_0.001,-0.044999999999999984,s1*s2,1,37.611363113937,2.4990232782065065
RK45_0.001,-0.044999999999999984,s2*s3,0,2.5998970498313745,8.346477309183054
RK45_0.001,-0.044999999999999984,s2*s3,1,-2.7062640360420502,-2.788191572244297
RK45_0.001,-0.044999999999999984,s3*s4,0,0.8977230385859697,-0.29943526086530053
RK45_0.001,-0.044999999999999984,s3*s4,1,-0.35127334798527293,0.14623174639195285
RK45_0.001,-0.044999999999999984,s1*s4,0,-8.761986752368951,-14.629615982061123
RK45_0.001,-0.044999999999999984,s1*s4,1,5.246661232251754,6.683139743833145
RK45_0.001,-0.03,s1*s2,0,-82.07718733504781,-27.293832726256742
RK45_0.001,-0.03,s1*s2,1,37.61151484710205,2.4990704213829993
RK45_0.001,-0.03,s2*s3,0,2.5998563290723546,8.346439974748167
RK45_0.001,-0.03,s2*s3,1,-2.706273524920272,-2.7882055688894036
RK45_0.001,-0.03,s3*s4,0,0.8977186713387141,-0.2994337086355805
RK45_0.001,-0.03,s3*s4,1,-0.351274886952417,0.14623190246975176
RK45_0.001,-0.03,s1*s4,0,-8.761923134758272,-14.62952112476274
RK45_0.001,-0.03,s1*s4,1,5.2466751562655265,6.683174038097825
RK45_0.001,-0.015000000000000013,s1*s2,0,-82.07670819815816,-27.2938170489726
RK45_0.001,-0.015000000000000013,s1*s2,1,37.61166090068793,2.499121274625958
RK45_0.001,-0.015000000000000013,s2*s3,0,2.5998165908125905,8.346405376600748
RK45_0.001,-0.015000000000000013,s2*s3,1,-2.706282097180366,-2.7882193357861684
RK45_0.001,-0.015000000000000013,s3*s4,0,0.8977144858912515,-0.29943203272018865
RK45_0.001,-0.015000000000000013,s3*s4,1,-0.3512764117778349,0.14623201284529685
RK45_0.001,-0.015000000000000013,s1*s4,0,-8.76185829841986,-14.629432654652124
RK45_0.001,-0.015000000000000013,s1*s4,1,5.246688012319831,6.683207731910362
RK45_0.001,0.0,s1*s2,0,-82.07669959566576,-27.29381680424475
RK45_0.001,0.0,s1*s2,1,37.61166351138236,2.4991222200453507
RK45_0.001,0.0,s2*s3,0,2.599815882426311,8.34640475884098
RK45_0.001,0.0,s2*s3,1,-2.7062822457354456,-2.788219584092522
RK45_0.001,0.0,s3*s4,0,0.8977144105054666,-0.2994320016989643
RK45_0.001,0.0,s3*s4,1,-0.35127643934140784,0.14623201464759306
RK45_0.001,0.0,s1*s4,0,-8.761857119432648,-14.629431082348713
RK45_0.001,0.0,s1*s4,1,5.246688239033768,6.683208337084436
RK45_0.001,0.015000000000000013,s1*s2,0,-82.07665862471484,-27.29380595511643
RK45_0.001,0.015000000000000013,s1*s2,1,37.611673065597486,2.4991233247221563
RK45_0.001,0.015000000000000013,s2*s3,0,2.5998132811392574,8.346401131505099
RK45_0.001,0.015000000000000013,s2*s3,1,-2.7062829662857957,-2.7882203198665967
RK45_0.001,0.015000000000000013,s3*s4,0,0.8977139985467626,-0.2994319353291527
RK45_0.001,0.015000000000000013,s3*s4,1,-0.35127652837959933,0.146232041668247
RK45_0.001,0.015000000000000013,s1*s4,0,-8.761852939490586,-14.629422230430222
RK45_0.001,0.015000000000000013,s1*s4,1,5.2466894383141565,6.6832102104510485
RK45_0.001,0.030000000000000027,s1*s2,0,-82.07429349323291,-27.293140027601975
RK45_0.001,0.030000000000000027,s1*s2,1,37.612206362999956,2.49917352723457
RK45_0.001,0.030000000000000027,s2*s3,0,2.5996678769236015,8.34618870367585
RK45_0.001,0.030000000000000027,s2*s3,1,-2.7063237881579596,-2.7882606318686807
RK45_0.001,0.030000000000000027,s3*s4,0,0.8976899464429293,-0.2994282923511303
RK45_0.001,0.030000000000000027,s3*s4,1,-0.35128144563070846,0.1462336746626834
RK45_0.001,0.030000000000000027,s1*s4,0,-8.76161621834457,-14.628908234389222
RK45_0.001,0.030000000000000027,s1*s4,1,5.246758319960076,6.683312651816769
RK45_0.001,0.044999999999999984,s1*s2,0,-82.07194221579104,-27.292374359545462
RK45_0.001,0.044999999999999984,s1*s2,1,37.61266951560326,2.499164498865416
RK45_0.001,0.044999999999999984,s2*s3,0,2.5995334039976834,8.345970015937558
RK45_0.001,0.044999999999999984,s2*s3,1,-2.7063633114994765,-2.7882918824018983
RK45_0.001,0.044999999999999984,s3*s4,0,0.8976653998045903,-0.2994253824356437
RK45_0.001,0.044999999999999984,s3*s4,1,-0.3512854372686371,0.14623554441750766
RK45_0.001,0.044999999999999984,s1*s4,0,-8.761394638802262,-14.628385491096575
RK45_0.001,0.044999999999999984,s1*s4,1,5.246826123634003,6.683394057632912
RK45_0.001,0.06,s1*s2,0,-82.0724089708511,-27.292342431581858
RK45_0.001,0.06,s1*s2,1,37.61241177124735,2.49900506187169
RK45_0.001,0.06,s2*s3,0,2.5995730423446446,8.346001074864446
RK45_0.001,0.06,s2*s3,1,-2.7063556857572877,-2.78826237516927
RK45_0.001,0.06,s3*s4,0,0.8976692912500899,-0.29942768167902833
RK45_0.001,0.06,s3*s4,1,-0.3512822997440856,0.14623575995863897
RK45_0.001,0.06,s1*s4,0,-8.761466681641258,-14.62846014931903
RK45_0.001,0.06,s1*s4,1,5.246812188593637,6.683327923515487
RK45_0.001,0.07500000000000001,s1*s2,0,-82.07586031209942,-27.293231790285816
RK45_0.001,0.07500000000000001,s1*s2,1,37.611449996714164,2.4987279569863894
RK45_0.001,0.07500000000000001,s2*s3,0,2.5997804192028484,8.346307689082142
RK45_0.001,0.07500000000000001,s2*s3,1,-2.706300836116847,-2.78817536085668
RK45_0.001,0.07500000000000001,s3*s4,0,0.8977042558461648,-0.29943475708620915
RK45_0.001,0.07500000000000001,s3*s4,1,-0.351272326609366,0.14623400668664274
RK45_0.001,0.07500000000000001,s1*s4,0,-8.761832377259346,-14.629179372928764
RK45_0.001,0.07500000000000001,s1*s4,1,5.246713265863045,6.68312375377133
RK45_0.001,0.08999999999999997,s1*s2,0,-82.08047169426241,-27.294629391412506
RK45_0.001,0.08999999999999997,s1*s2,1,37.61029467297251,2.498471118332331
RK45_0.001,0.08999999999999997,s2*s3,0,2.6000380129576603,8.346732491575784
RK45_0.001,0.08999999999999997,s2*s3,1,-2.7062294669499383,-2.788076158071451
RK45_0.001,0.08999999999999997,s3*s4,0,0.897752217830942,-0.2994426990013368
RK45_0.001,0.08999999999999997,s3*s4,1,-0.3512607400510376,0.14623120975416032
RK45_0.001,0.08999999999999997,s1*s4,0,-8.762292351129192,-14.630165389398357
RK45_0.001,0.08999999999999997,s1*s4,1,5.246582654175394,6.682890118412056
RK45_0.001,0.10499999999999998,s1*s2,0,-82.08342989572424,-27.295712883528235
RK45_0.001,0.10499999999999998,s1*s2,1,37.6096822156958,2.498424941347205
RK45_0.001,0.10499999999999998,s2*s3,0,2.600187420789701,8.347018241027946
RK45_0.001,0.10499999999999998,s2*s3,1,-2.706184623398196,-2.7880300067961996
RK45_0.001,0.10499999999999998,s3*s4,0,0.8977840487878629,-0.29944630022809987
RK45_0.001,0.10499999999999998,s3*s4,1,-0.35125507593944777,0.1462289596939023
RK45_0.001,0.10499999999999998,s1*s4,0,-8.762560652412045,-14.630822867741234
RK45_0.001,0.10499999999999998,s1*s4,1,5.246499802867714,6.682779108026754
RK45_0.001,0.12,s1*s2,0,-82.08243742040482,-27.295665219093955
RK45_0.001,0.12,s1*s2,1,37.61017479258163,2.4987277345679377
RK45_0.001,0.12,s2*s3,0,2.6001160846844735,8.34694353048528
RK45_0.001,0.12,s2*s3,1,-2.706198383533822,-2.7880865584451886
RK45_0.001,0.12,s3*s4,0,0.897775012614344,-0.29944204766210947
RK45_0.001,0.12,s3*s4,1,-0.3512610812682419,0.14622865831474133
RK45_0.001,0.12,s1*s4,0,-8.762421493815458,-14.63065383081896
RK45_0.001,0.12,s1*s4,1,5.246527272446748,6.682903508329731
RK45_0.001,0.135,s1*s2,0,-82.07791936235817,-27.294422086231222
RK45_0.001,0.135,s1*s2,1,37.611574313742345,2.4992841441315274
RK45_0.001,0.135,s2*s3,0,2.599866497686314,8.346533236550686
RK45_0.001,0.135,s2*s3,1,-2.7062617892139813,-2.7882253336811775
RK45_0.001,0.135,s3*s4,0,0.8977283731508421,-0.29943198922176195
RK45_0.001,0.135,s3*s4,1,-0.3512765128856566,0.1462303332144896
RK45_0.001,0.135,s1*s4,0,-8.761943387703063,-14.629727511287626
RK45_0.001,0.135,s1*s4,1,5.24665087217706,6.683214673156595
RK45_0.001,0.15000000000000002,s1*s2,0,-82.0751234553408,-27.293516402411345
RK45_0.001,0.15000000000000002,s1*s2,1,37.61236735279533,2.4995652085780375
RK45_0.001,0.15000000000000002,s2*s3,0,2.5997232799225256,8.346269567510586
RK45_0.001,0.15000000000000002,s2*s3,1,-2.706300194518542,-2.788301601230974
RK45_0.001,0.15000000000000002,s3*s4,0,0.8976987592120531,-0.29942687666412793
RK45_0.001,0.15000000000000002,s3*s4,1,-0.3512850774149299,0.14623159373333824
RK45_0.001,0.15000000000000002,s1*s4,0,-8.761667544244965,-14.629135709225153
RK45_0.001,0.15000000000000002,s1*s4,1,5.246726165433479,6.683385749428185
RK45_0.001,0.16499999999999998,s1*s2,0,-82.06981434904999,-27.29138494331063
RK45_0.001,0.16499999999999998,s1*s2,1,37.61366984710267,2.4999306483710138
RK45_0.001,0.16499999999999998,s2*s3,0,2.5994829472667567,8.345739481345753
RK45_0.001,0.16499999999999998,s2*s3,1,-2.706370745211292,-2.7884201532443527
RK45_0.001,0.16499999999999998,s3*s4,0,0.8976403549738374,-0.2994207190456373
RK45_0.001,0.16499999999999998,s3*s4,1,-0.3512986193103915,0.14623449379077208
RK45_0.001,0.16499999999999998,s1*s4,0,-8.761206418817993,-14.627952475756118
RK45_0.001,0.16499999999999998,s1*s4,1,5.246864146549299,6.683652792992284
RK45_0.001,0.18,s1*s2,0,-82.07008115006127,-27.2915216813552
RK45_0.001,0.18,s1*s2,1,37.61349926613071,2.499812944049547
RK45_0.001,0.18,s2*s3,0,2.59949179568934,8.345768597447853
RK45_0.001,0.18,s2*s3,1,-2.70636735904273,-2.7883995136487645
RK45_0.001,0.18,s3*s4,0,0.8976434597465354,-0.29942086946981816
RK45_0.001,0.18,s3*s4,1,-0.35129646544407256,0.14623466974438554
RK45_0.001,0.18,s1*s4,0,-8.761225528537842,-14.628014446782746
RK45_0.001,0.18,s1*s4,1,5.246856390044394,6.6836085742971925
RK45_0.001,0.195,s1*s2,0,-82.07779426354286,-27.294861365967908
RK45_0.001,0.195,s1*s2,1,37.61145068656414,2.499088487918929
RK45_0.001,0.195,s2*s3,0,2.599813480911714,8.346557849605354
RK45_0.001,0.195,s2*s3,1,-2.7062704842974092,-2.7882016998900947
RK45_0.001,0.195,s3*s4,0,0.8977298473608741,-0.29942853772642486
RK45_0.001,0.195,s3*s4,1,-0.351274313610116,0.14623115211970467
RK45_0.001,0.195,s1*s4,0,-8.761864859459838,-14.62975383450796
RK45_0.001,0.195,s1*s4,1,5.246660475393002,6.683171421149222
RK45_0.001,0.20999999999999996,s1*s2,0,-82.08472508162617,-27.297932714532756
RK45_0.001,0.20999999999999996,s1*s2,1,37.60971805580278,2.4985176616896996
RK45_0.001,0.20999999999999996,s2*s3,0,2.6000950681319908,8.347272249503911
RK45_0.001,0.20999999999999996,s2*s3,1,-2.7061857314049957,-2.788037279863193
RK45_0.001,0.20999999999999996,s3*s4,0,0.8978079250814733,-0.29943500192211575
RK45_0.001,0.20999999999999996,s3*s4,1,-0.3512557898470282,0.1462277772270785
RK45_0.001,0.20999999999999996,s1*s4,0,-8.762430498635272,-14.631323770123771
RK45_0.001,0.20999999999999996,s1*s4,1,5.24648814741144,6.68280843885757
RK45_0.001,0.22499999999999998,s1*s2,0,-82.08180379646254,-27.29655522017216
RK45_0.001,0.22499999999999998,s1*s2,1,37.61065062272446,2.498959824923796
RK45_0.001,0.22499999999999998,s2*s3,0,2.5999857502253554,8.346964377821413
RK45_0.001,0.22499999999999998,s2*s3,1,-2.7062200390553377,-2.7881356570066584
RK45_0.001,0.22499999999999998,s3*s4,0,0.8977745106153145,-0.29943270324564886
RK45_0.001,0.22499999999999998,s3*s4,1,-0.3512664947044559,0.14622852038324707
RK45_0.001,0.22499999999999998,s1*s4,0,-8.762202865190746,-14.630655326961413
RK45_0.001,0.22499999999999998,s1*s4,1,5.246560975186323,6.683021664306299
RK45_0.001,0.24,s1*s2,0,-82.07430871186659,-27.292998479228977
RK45_0.001,0.24,s1*s2,1,37.612728996967675,2.499816751281533
RK45_0.001,0.24,s2*s3,0,2.599706361231854,8.346173472690193
RK45_0.001,0.24,s2*s3,1,-2.7063065045161805,-2.788345703404758
RK45_0.001,0.24,s3*s4,0,0.8976886399209232,-0.29942708170876253
RK45_0.001,0.24,s3*s4,1,-0.35128967029164854,0.14623127263880656
RK45_0.001,0.24,s1*s4,0,-8.761622032637582,-14.628935494177355
RK45_0.001,0.24,s1*s4,1,5.246742741505849,6.683478528275499
RK45_1e-06,-0.24,s1*s2,0,-82.07670251322682,-27.293820312852702
RK45_1e-06,-0.24,s1*s2,1,37.611663235915266,2.4991227509959484
RK45_1e-06,-0.24,s2*s3,0,2.599815774286413,8.34640519978586
RK45_1e-06,-0.24,s2*s3,1,-2.7062822023792252,-2.7882196048317973
RK45_1e-06,-0.24,s3*s4,0,0.8977144591568802,-0.2994319892287345
RK45_1e-06,-0.24,s3*s4,1,-0.3512764386416779,0.1462320073693414
RK45_1e-06,-0.24,s1*s4,0,-8.761857104548277,-14.629431998883108
RK45_1e-06,-0.24,s1*s4,1,5.246688095036312,6.683208392922456
RK45_1e-06,-0.22499999999999998,s1*s2,0,-82.07670255799644,-27.293820375249688
RK45_1e-06,-0.22499999999999998,s1*s2,1,37.61166323280143,2.499122766570863
RK45_1e-06,-0.22499999999999998,s2*s3,0,2.5998157736675163,8.34640520795361
RK45_1e-06,-0.22499999999999998,s2*s3,1,-2.7062822004104143,-2.7882196054736794
RK45_1e-06,-0.22499999999999998,s3*s4,0,0.8977144598088662,-0.29943198885391936
RK45_1e-06,-0.22499999999999998,s3*s4,1,-0.3512764387435048,0.14623200725313096
RK45_1e-06,-0.22499999999999998,s1*s4,0,-8.76185710013858,-14.62943201585314
RK45_1e-06,-0.22499999999999998,s1*s4,1,5.246688093124952,6.68320839412122
RK45_1e-06,-0.21,s1*s2,0,-82.0767025123764,-27.293820301336126
RK45_1e-06,-0.21,s1*s2,1,37.611663231005046,2.4991227470090402
RK45_1e-06,-0.21,s2*s3,0,2.5998157752465776,8.34640519890903
RK45_1e-06,-0.21,s2*s3,1,-2.7062822021855606,-2.7882196042169856
RK45_1e-06,-0.21,s3*s4,0,0.8977144590875754,-0.29943198930818304
RK45_1e-06,-0.21,s3*s4,1,-0.3512764385836466,0.14623200739124972
RK45_1e-06,-0.21,s1*s4,0,-8.76185710604749,-14.629431997259424
RK45_1e-06,-0.21,s1*s4,1,5.246688095024996,6.683208391323383
RK45_1e-06,-0.195,s1*s2,0,-82.07669814505736,-27.293830853276397
RK45_1e-06,-0.195,s1*s2,1,37.61166805845414,2.499126414810351
RK45_1e-06,-0.195,s2*s3,0,2.599814454355215,8.346405759701359
RK45_1e-06,-0.195,s2*s3,1,-2.7062823944146275,-2.7882201770343826
RK45_1e-06,-0.195,s3*s4,0,0.8977144742374665,-0.299431898437201
RK45_1e-06,-0.195,s3*s4,1,-0.3512764986601289,0.14623198763658898
RK45_1e-06,-0.195,s1*s4,0,-8.761854862804544,-14.629432419524267
RK45_1e-06,-0.195,s1*s4,1,5.246688189943572,6.683209907107756
RK45_1e-06,-0.18,s1*s2,0,-82.07670250893456,-27.293833949847382
RK45_1e-06,-0.18,s1*s2,1,37.61166696232805,2.4991269754810883
RK45_1e-06,-0.18,s2*s3,0,2.599814660539974,8.346406329236615
RK45_1e-06,-0.18,s2*s3,1,-2.7062822320466773,-2.7882201239463322
RK45_1e-06,-0.18,s3*s4,0,0.8977145210255177,-0.2994318842550291
RK45_1e-06,-0.18,s3*s4,1,-0.35127649479509326,0.14623198004492768
RK45_1e-06,-0.18,s1*s4,0,-8.761854867052119,-14.629433712017299
RK45_1e-06,-0.18,s1*s4,1,5.246688001374038,6.683209770196803
RK45_1e-06,-0.16499999999999998,s1*s2,0,-82.07671672822967,-27.2938197883444
RK45_1e-06,-0.16499999999999998,s1*s2,1,37.611657295953414,2.499121171719275
RK45_1e-06,-0.16499999999999998,s2*s3,0,2.599817245547306,8.346406196640698
RK45_1e-06,-0.16499999999999998,s2*s3,1,-2.7062817389662746,-2.7882190567090976
RK45_1e-06,-0.16499999999999998,s3*s4,0,0.897714564735938,-0.2994320312451809
RK45_1e-06,-0.16499999999999998,s3*s4,1,-0.3512763846945313,0.14623200407184347
RK45_1e-06,-0.16499999999999998,s1*s4,0,-8.761858896891843,-14.629434756171282
RK45_1e-06,-0.16499999999999998,s1*s4,1,5.246687610854693,6.683207003533247
RK45_1e-06,-0.15,s1*s2,0,-82.07672004695164,-27.293809525008868
RK45_1e-06,-0.15,s1*s2,1,37.61165346037016,2.499117618100673
RK45_1e-06,-0.15,s2*s3,0,2.5998183914223283,8.346405608677399
RK45_1e-06,-0.15,s2*s3,1,-2.706281654976598,-2.7882185599014067
RK45_1e-06,-0.15,s3*s4,0,0.8977145429018312,-0.2994321221372437
RK45_1e-06,-0.15,s3*s4,1,-0.3512763323540269,0.1462320238226224
RK45_1e-06,-0.15,s1*s4,0,-8.76186097643073,-14.629434067947276
RK45_1e-06,-0.15,s1*s4,1,5.246687606802149,6.683205731544014
RK45_1e-06,-0.135,s1*s2,0,-82.07670439211432,-27.293816447503794
RK45_1e-06,-0.135,s1*s2,1,37.61166160443114,2.499121443590694
RK45_1e-06,-0.135,s2*s3,0,2.599816310792957,8.346405048627771
RK45_1e-06,-0.135,s2*s3,1,-2.7062821384469604,-2.7882193989117305
RK45_1e-06,-0.135,s3*s4,0,0.8977144517687615,-0.2994320227543994
RK45_1e-06,-0.135,s3*s4,1,-0.35127641880279,0.14623201463732802
RK45_1e-06,-0.135,s1*s4,0,-8.76185788489791,-14.62943190104888
RK45_1e-06,-0.135,s1*s4,1,5.246688088555874,6.683207872366722
RK45_1e-06,-0.12,s1*s2,0,-82.07669490115451,-27.293821286065576
RK45_1e-06,-0.12,s1*s2,1,37.611665804933885,2.499123700952396
RK45_1e-06,-0.12,s2*s3,0,2.599815018810855,8.34640479136495
RK45_1e-06,-0.12,s2*s3,1,-2.706282363925101,-2.78821983753235
RK45_1e-06,-0.12,s3*s4,0,0.8977143959849101,-0.2994319570690452
RK45_1e-06,-0.12,s3*s4,1,-0.35127646619215075,0.14623200695520036
RK45_1e-06,-0.12,s1*s4,0,-8.761855840261621,-14.629430670230404
RK45_1e-06,-0.12,s1*s4,1,5.246688317048146,6.683209029389397
RK45_1e-06,-0.10499999999999998,s1*s2,0,-82.0766982004196,-27.29382411498385
RK45_1e-06,-0.10499999999999998,s1*s2,1,37.61166510053768,2.499124062317501
RK45_1e-06,-0.10499999999999998,s2*s3,0,2.5998151042814017,8.34640526533243
RK45_1e-06,-0.10499999999999998,s2*s3,1,-2.706282272245893,-2.7882197996229974
RK45_1e-06,-0.10499999999999998,s3*s4,0,0.8977144347240915,-0.29943194528776995
RK45_1e-06,-0.10499999999999998,s3*s4,1,-0.35127646345170455,0.14623200081930732
RK45_1e-06,-0.10499999999999998,s1*s4,0,-8.761855790444995,-14.629431660784817
RK45_1e-06,-0.10499999999999998,s1*s4,1,5.24668818834505,6.683208964247935
RK45_1e-06,-0.09,s1*s2,0,-82.07672035274344,-27.29381994504649
RK45_1e-06,-0.09,s1*s2,1,37.61165739117896,2.499120783179489
RK45_1e-06,-0.09,s2*s3,0,2.5998174786273553,8.346406449438794
RK45_1e-06,-0.09,s2*s3,1,-2.7062818108048643,-2.7882190449546935
RK45_1e-06,-0.09,s3*s4,0,0.8977146005459522,-0.2994320484673067
RK45_1e-06,-0.09,s3*s4,1,-0.3512763811245629,0.1462320053732754
RK45_1e-06,-0.09,s1*s4,0,-8.761859464853101,-14.629435347978847
RK45_1e-06,-0.09,s1*s4,1,5.246687634968019,6.683207004674153
RK45_1e-06,-0.07500000000000001,s1*s2,0,-82.07671727484517,-27.293816774734477
RK45_1e-06,-0.07500000000000001,s1*s2,1,37.6116579526506,2.499120297624863
RK45_1e-06,-0.07500000000000001,s2*s3,0,2.599817449017012,8.346405973461719
RK45_1e-06,-0.07500000000000001,s2*s3,1,-2.706281897814525,-2.7882190625549037
RK45_1e-06,-0.07500000000000001,s3*s4,0,0.8977145608320397,-0.29943206344976636
RK45_1e-06,-0.07500000000000001,s3*s4,1,-0.3512763822001874,0.14623201214119846
RK45_1e-06,-0.07500000000000001,s1*s4,0,-8.76185957656649,-14.629434356593045
RK45_1e-06,-0.07500000000000001,s1*s4,1,5.246687766697916,6.683207024713281
RK45_1e-06,-0.06,s1*s2,0,-82.07669915192675,-27.293817330489777
RK45_1e-06,-0.06,s1*s2,1,37.6116637479274,2.499122351789062
RK45_1e-06,-0.06,s2*s3,0,2.599815784210407,8.346404766912338
RK45_1e-06,-0.06,s2*s3,1,-2.706282260572021,-2.788219609138995
RK45_1e-06,-0.06,s3*s4,0,0.8977144102831651,-0.2994319972328049
RK45_1e-06,-0.06,s3*s4,1,-0.3512764419209831,0.1462320139743482
RK45_1e-06,-0.06,s1*s4,0,-8.761856995191097,-14.62943104774865
RK45_1e-06,-0.06,s1*s4,1,5.246688248588546,6.683208406535122
RK45_1e-06,-0.044999999999999984,s1*s2,0,-82.07669560758812,-27.293818664696534
RK45_1e-06,-0.044999999999999984,s1*s2,1,37.61166491508948,2.499122892829791
RK45_1e-06,-0.044999999999999984,s2*s3,0,2.599815357845375,8.346404645608985
RK45_1e-06,-0.044999999999999984,s2*s3,1,-2.706282326325312,-2.7882197183867112
RK45_1e-06,-0.044999999999999984,s3*s4,0,0.8977143853340985,-0.2994319755025288
RK45_1e-06,-0.044999999999999984,s3*s4,1,-0.35127645533995905,0.14623201257722146
RK45_1e-06,-0.044999999999999984,s1*s4,0,-8.761856270817871,-14.629430540165233
RK45_1e-06,-0.044999999999999984,s1*s4,1,5.246688338326349,6.683208717033268
RK45_1e-06,-0.03,s1*s2,0,-82.07671440444133,-27.293819964148867
RK45_1e-06,-0.03,s1*s2,1,37.61165954983454,2.4991213449939838
RK45_1e-06,-0.03,s2*s3,0,2.5998168929493457,8.346406031016432
RK45_1e-06,-0.03,s2*s3,1,-2.7062819770974866,-2.7882192416923712
RK45_1e-06,-0.03,s3*s4,0,0.897714553559613,-0.2994320319741294
RK45_1e-06,-0.03,s3*s4,1,-0.3512764009454413,0.1462320068539014
RK45_1e-06,-0.03,s1*s4,0,-8.76185871136076,-14.62943417328084
RK45_1e-06,-0.03,s1*s4,1,5.2466878182560475,6.683207504979422
RK45_1e-06,-0.015000000000000013,s1*s2,0,-82.0767050245342,-27.293817559329955
RK45_1e-06,-0.015000000000000013,s1*s2,1,37.61166201207905,2.4991218155885755
RK45_1e-06,-0.015000000000000013,s2*s3,0,2.5998162837683103,8.346405191169106
RK45_1e-06,-0.015000000000000013,s2*s3,1,-2.7062821494832097,-2.7882194513078717
RK45_1e-06,-0.015000000000000013,s3*s4,0,0.897714461265548,-0.2994320160352862
RK45_1e-06,-0.015000000000000013,s3*s4,1,-0.3512764242634503,0.1462320124381551
RK45_1e-06,-0.015000000000000013,s1*s4,0,-8.761857772251899,-14.629432162444946
RK45_1e-06,-0.015000000000000013,s1*s4,1,5.246688088179722,6.683208009179333
RK45_1e-06,0.0,s1*s2,0,-82.07669959566576,-27.29381680424475
RK45_1e-06,0.0,s1*s2,1,37.61166351138236,2.4991222200453507
RK45_1e-06,0.0,s2*s3,0,2.599815882426311,8.34640475884098
RK45_1e-06,0.0,s2*s3,1,-2.7062822457354456,-2.788219584092522
RK45_1e-06,0.0,s3*s4,0,0.8977144105054666,-0.2994320016989643
RK45_1e-06,0.0,s3*s4,1,-0.35127643934140784,0.14623201464759306
RK45_1e-06,0.0,s1*s4,0,-8.761857119432648,-14.629431082348713
RK45_1e-06,0.0,s1*s4,1,5.246688239033768,6.683208337084436
RK45_1e-06,0.015000000000000013,s1*s2,0,-82.07668825289741,-27.293814078682775
RK45_1e-06,0.015000000000000013,s1*s2,1,37.61166630895311,2.4991226973264085
RK45_1e-06,0.015000000000000013,s2*s3,0,2.5998151488267665,8.346403773227795
RK45_1e-06,0.015000000000000013,s2*s3,1,-2.7062824425765575,-2.788219811641543
RK45_1e-06,0.015000000000000013,s3*s4,0,0.89771429766127,-0.29943198021245443
RK45_1e-06,0.015000000000000013,s3*s4,1,-0.3512764662358771,0.14623202148150294
RK45_1e-06,0.015000000000000013,s1*s4,0,-8.761855913591331,-14.629428684767884
RK45_1e-06,0.015000000000000013,s1*s4,1,5.24668856750949,6.6832089032845285
RK45_1e-06,0.030000000000000027,s1*s2,0,-82.07667215766449,-27.29380830834277
RK45_1e-06,0.030000000000000027,s1*s2,1,37.61166941022689,2.4991225723710886
RK45_1e-06,0.030000000000000027,s2*s3,0,2.599814269880781,8.346402232503598
RK45_1e-06,0.030000000000000027,s2*s3,1,-2.706282713283943,-2.7882200203276235
RK45_1e-06,0.030000000000000027,s3*s4,0,0.8977141272950541,-0.29943196450611065
RK45_1e-06,0.030000000000000027,s3*s4,1,-0.3512764922339316,0.14623203465026915
RK45_1e-06,0.030000000000000027,s1*s4,0,-8.761854485133822,-14.629425037438583
RK45_1e-06,0.030000000000000027,s1*s4,1,5.246689024280045,6.683209436546814
RK45_1e-06,0.044999999999999984,s1*s2,0,-82.07672324828748,-27.293820239322017
RK45_1e-06,0.044999999999999984,s1*s2,1,37.61165622368959,2.499119659200996
RK45_1e-06,0.044999999999999984,s2*s3,0,2.5998175201187523,8.346406657599335
RK45_1e-06,0.044999999999999984,s2*s3,1,-2.706281862242502,-2.7882188980109808
RK45_1e-06,0.044999999999999984,s3*s4,0,0.8977146365825217,-0.29943207153501217
RK45_1e-06,0.044999999999999984,s3*s4,1,-0.35127636097070053,0.14623200590081875
RK45_1e-06,0.044999999999999984,s1*s4,0,-8.76186003637898,-14.629435657795105
RK45_1e-06,0.044999999999999984,s1*s4,1,5.246687553935379,6.6832067122202
RK45_1e-06,0.06,s1*s2,0,-82.07670310274192,-27.293818185322497
RK45_1e-06,0.06,s1*s2,1,37.611662934878105,2.4991223195919856
RK45_1e-06,0.06,s2*s3,0,2.599816051564598,8.346405101123828
RK45_1e-06,0.06,s2*s3,1,-2.7062821918690316,-2.7882195521776594
RK45_1e-06,0.06,s3*s4,0,0.8977144490614267,-0.299432005041539
RK45_1e-06,0.06,s3*s4,1,-0.35127643468327596,0.14623201141704223
RK45_1e-06,0.06,s1*s4,0,-8.761857428318127,-14.629431878369848
RK45_1e-06,0.06,s1*s4,1,5.2466881380152826,6.683208250924748
RK45_1e-06,0.07500000000000001,s1*s2,0,-82.07656319597845,-27.2937751397336
RK45_1e-06,0.07500000000000001,s1*s2,1,37.611696981363615,2.499128919557599
RK45_1e-06,0.07500000000000001,s2*s3,0,2.5998082135754883,8.346392173083505
RK45_1e-06,0.07500000000000001,s2*s3,1,-2.7062843928255615,-2.7882224063510814
RK45_1e-06,0.07500000000000001,s3*s4,0,0.8977129933298079,-0.2994317759606253
RK45_1e-06,0.07500000000000001,s3*s4,1,-0.35127676995429463,0.14623210023754912
RK45_1e-06,0.07500000000000001,s1*s4,0,-8.761843635714797,-14.629401757998494
RK45_1e-06,0.07500000000000001,s1*s4,1,5.246692110693197,6.683215030325977
RK45_1e-06,0.08999999999999997,s1*s2,0,-82.07661697483749,-27.29378687069689
RK45_1e-06,0.08999999999999997,s1*s2,1,37.61167952468459,2.4991224971799735
RK45_1e-06,0.08999999999999997,s2*s3,0,2.5998115701243902,8.346396800238153
RK45_1e-06,0.08999999999999997,s2*s3,1,-2.706283524776764,-2.7882207275443873
RK45_1e-06,0.08999999999999997,s3*s4,0,0.8977135285670527,-0.2994319078123369
RK45_1e-06,0.08999999999999997,s3*s4,1,-0.35127658064817396,0.1462320787065195
RK45_1e-06,0.08999999999999997,s1*s4,0,-8.761849694828562,-14.629412600142802
RK45_1e-06,0.08999999999999997,s1*s4,1,5.246690506164641,6.683211153424074
RK45_1e-06,0.10499999999999998,s1*s2,0,-82.07684370316669,-27.293859469878477
RK45_1e-06,0.10499999999999998,s1*s2,1,37.611622479925764,2.49910913942784
RK45_1e-06,0.10499999999999998,s2*s3,0,2.59982373786884,8.34641800627096
RK45_1e-06,0.10499999999999998,s2*s3,1,-2.706280103966753,-2.7882157638326883
RK45_1e-06,0.10499999999999998,s3*s4,0,0.8977159127903357,-0.2994322834374132
RK45_1e-06,0.10499999999999998,s3*s4,1,-0.35127600408040166,0.14623194136316445
RK45_1e-06,0.10499999999999998,s1*s4,0,-8.761871861041561,-14.629461304955065
RK45_1e-06,0.10499999999999998,s1*s4,1,5.246684132966975,6.6831996126030395
RK45_1e-06,0.12,s1*s2,0,-82.07673157200023,-27.293829467758435
RK45_1e-06,0.12,s1*s2,1,37.6116571416678,2.499121766348344
RK45_1e-06,0.12,s2*s3,0,2.5998173621098997,8.346407917848435
RK45_1e-06,0.12,s2*s3,1,-2.7062817907720134,-2.788219106435503
RK45_1e-06,0.12,s3*s4,0,0.8977147622605437,-0.29943203775885036
RK45_1e-06,0.12,s3*s4,1,-0.351276379913098,0.1462319899161307
RK45_1e-06,0.12,s1*s4,0,-8.761859935061084,-14.629438233068344
RK45_1e-06,0.12,s1*s4,1,5.2466873588579945,6.683207205723023
RK45_1e-06,0.135,s1*s2,0,-82.07652927735123,-27.293756588176947
RK45_1e-06,0.135,s1*s2,1,37.61170852157863,2.4991357395669436
RK45_1e-06,0.135,s2*s3,0,2.59980741440748,8.346388347747567
RK45_1e-06,0.135,s2*s3,1,-2.7062846446928157,-2.7882237395876306
RK45_1e-06,0.135,s3*s4,0,0.8977125849950234,-0.2994317452986768
RK45_1e-06,0.135,s3*s4,1,-0.3512769110664568,0.14623210450170326
RK45_1e-06,0.135,s1*s4,0,-8.761841201490652,-14.629394098765824
RK45_1e-06,0.135,s1*s4,1,5.246692848706231,6.683217742239401
RK45_1e-06,0.15000000000000002,s1*s2,0,-82.07665570656546,-27.293802408759944
RK45_1e-06,0.15000000000000002,s1*s2,1,37.61167275104615,2.4991237634088224
RK45_1e-06,0.15000000000000002,s2*s3,0,2.59981354939238,8.346400607744311
RK45_1e-06,0.15000000000000002,s2*s3,1,-2.706282856572031,-2.7882203502863234
RK45_1e-06,0.15000000000000002,s3*s4,0,0.8977139491709223,-0.29943193132027196
RK45_1e-06,0.15000000000000002,s3*s4,1,-0.35127652848537627,0.14623204179769428
RK45_1e-06,0.15000000000000002,s1*s4,0,-8.761852916320775,-14.629421621254913
RK45_1e-06,0.15000000000000002,s1*s4,1,5.246689346725249,6.683210123505906
RK45_1e-06,0.16499999999999998,s1*s2,0,-82.07687417594826,-27.29388813284573
RK45_1e-06,0.16499999999999998,s1*s2,1,37.611618877152516,2.499108875150531
RK45_1e-06,0.16499999999999998,s2*s3,0,2.5998235414441906,8.346422281650224
RK45_1e-06,0.16499999999999998,s2*s3,1,-2.706279933196233,-2.788215460701269
RK45_1e-06,0.16499999999999998,s3*s4,0,0.8977163441132728,-0.2994322061544267
RK45_1e-06,0.16499999999999998,s3*s4,1,-0.35127596919271514,0.14623191876275402
RK45_1e-06,0.16499999999999998,s1*s4,0,-8.761872241175634,-14.62946994802572
RK45_1e-06,0.16499999999999998,s1*s4,1,5.246683595779197,6.683199131026768
RK45_1e-06,0.18,s1*s2,0,-82.0766385028087,-27.293794582306578
RK45_1e-06,0.18,s1*s2,1,37.61168333171641,2.4991310328861505
RK45_1e-06,0.18,s2*s3,0,2.5998129722729137,8.346398795579198
RK45_1e-06,0.18,s2*s3,1,-2.7062830529211865,-2.788221629020898
RK45_1e-06,0.18,s3*s4,0,0.8977137514670516,-0.29943190698740313
RK45_1e-06,0.18,s3*s4,1,-0.35127666259939405,0.14623203253575234
RK45_1e-06,0.18,s1*s4,0,-8.761851470172788,-14.629417876071843
RK45_1e-06,0.18,s1*s4,1,5.246689848009154,6.683212837296297
RK45_1e-06,0.195,s1*s2,0,-82.07646382195124,-27.293719557555537
RK45_1e-06,0.195,s1*s2,1,37.611725109804716,2.499143683037964
RK45_1e-06,0.195,s2*s3,0,2.5998056365475875,8.346380962916427
RK45_1e-06,0.195,s2*s3,1,-2.7062851994757082,-2.788225512596914
RK45_1e-06,0.195,s3*s4,0,0.8977117985708966,-0.2994317282870057
RK45_1e-06,0.195,s3*s4,1,-0.3512771027050028,0.14623212200317945
RK45_1e-06,0.195,s1*s4,0,-8.761836904577988,-14.62937856839113
RK45_1e-06,0.195,s1*s4,1,5.2466941571144625,6.683221455776879
RK45_1e-06,0.20999999999999996,s1*s2,0,-82.07696544753641,-27.29394345480471
RK45_1e-06,0.20999999999999996,s1*s2,1,37.61159495971885,2.4990976480264977
RK45_1e-06,0.20999999999999996,s2*s3,0,2.599825842441893,8.346432803398358
RK45_1e-06,0.20999999999999996,s2*s3,1,-2.7062790918166515,-2.788212930934524
RK45_1e-06,0.20999999999999996,s3*s4,0,0.8977174586478291,-0.2994321875152563
RK45_1e-06,0.20999999999999996,s3*s4,1,-0.3512756943242175,0.14623189410581194
RK45_1e-06,0.20999999999999996,s1*s4,0,-8.761877621343585,-14.629492330252805
RK45_1e-06,0.20999999999999996,s1*s4,1,5.246681684109723,6.683193763136215
RK45_1e-06,0.22499999999999998,s1*s2,0,-82.07668429211326,-27.293813473349807
RK45_1e-06,0.22499999999999998,s1*s2,1,37.6116732210208,2.4991286143834754
RK45_1e-06,0.22499999999999998,s2*s3,0,2.5998149689189485,8.346403408157332
RK45_1e-06,0.22499999999999998,s2*s3,1,-2.706282478580918,-2.7882207377174635
RK45_1e-06,0.22499999999999998,s3*s4,0,0.897714259213096,-0.299431959042548
RK45_1e-06,0.22499999999999998,s3*s4,1,-0.35127655951917636,0.14623200592832025
RK45_1e-06,0.22499999999999998,s1*s4,0,-8.76185540134784,-14.629428095248205
RK45_1e-06,0.22499999999999998,s1*s4,1,5.246688708992381,6.683210833660892
RK45_1e-06,0.24,s1*s2,0,-82.0766852591246,-27.29381394375052
RK45_1e-06,0.24,s1*s2,1,37.611672972485,2.499128517690348
RK45_1e-06,0.24,s2*s3,0,2.599815004184906,8.346403511030438
RK45_1e-06,0.24,s2*s3,1,-2.7062824677165627,-2.7882207130557544
RK45_1e-06,0.24,s3*s4,0,0.8977142703548793,-0.2994319596346976
RK45_1e-06,0.24,s3*s4,1,-0.3512765567869909,0.14623200554736024
RK45_1e-06,0.24,s1*s4,0,-8.761855474531878,-14.629428318938018
RK45_1e-06,0.24,s1*s4,1,5.246688686450503,6.683210779673166
RK45_1e-09,-0.24,s1*s2,0,-82.07669959971679,-27.293816810653986
RK45_1e-09,-0.24,s1*s2,1,37.61166351190827,2.4991222218555498
RK45_1e-09,-0.24,s2*s3,0,2.5998158822290183,8.3464047595234
RK45_1e-09,-0.24,s2*s3,1,-2.7062822456902307,-2.7882195842474835
RK45_1e-09,-0.24,s3*s4,0,0.8977144105728424,-0.2994320016759963
RK45_1e-09,-0.24,s3*s4,1,-0.3512764393488625,0.14623201463434923
RK45_1e-09,-0.24,s1*s4,0,-8.761857119087903,-14.629431084004787
RK45_1e-09,-0.24,s1*s4,1,5.2466882387703935,6.683208337540104
RK45_1e-09,-0.22499999999999998,s1*s2,0,-82.07669960022221,-27.293816806892004
RK45_1e-09,-0.22499999999999998,s1*s2,1,37.61166350934656,2.4991222204448884
RK45_1e-09,-0.22499999999999998,s2*s3,0,2.5998158826059186,8.346404759293472
RK45_1e-09,-0.22499999999999998,s2*s3,1,-2.7062822455402027,-2.788219583980265
RK45_1e-09,-0.22499999999999998,s3*s4,0,0.897714410559375,-0.2994320017033436
RK45_1e-09,-0.22499999999999998,s3*s4,1,-0.351276439322133,0.1462320146398013
RK45_1e-09,-0.22499999999999998,s1*s4,0,-8.761857119700124,-14.629431083600311
RK45_1e-09,-0.22499999999999998,s1*s4,1,5.2466882386538165,6.683208336797951
RK45_1e-09,-0.21,s1*s2,0,-82.07669961353771,-27.29381681655454
RK45_1e-09,-0.21,s1*s2,1,37.61166350571036,2.4991222221379132
RK45_1e-09,-0.21,s2*s3,0,2.599815883156329,8.346404761004338
RK45_1e-09,-0.21,s2*s3,1,-2.7062822449518387,-2.788219583791544
RK45_1e-09,-0.21,s3*s4,0,0.897714410711242,-0.2994320016604418
RK45_1e-09,-0.21,s3*s4,1,-0.3512764393119261,0.1462320146209365
RK45_1e-09,-0.21,s1*s4,0,-8.761857119811662,-14.629431087521638
RK45_1e-09,-0.21,s1*s4,1,5.246688238120278,6.683208336226812
RK45_1e-09,-0.195,s1*s2,0,-82.07669959352445,-27.2938168319466
RK45_1e-09,-0.195,s1*s2,1,37.61166352149836,2.4991222292542528
RK45_1e-09,-0.195,s2*s3,0,2.599815879806151,8.346404760809758
RK45_1e-09,-0.195,s2*s3,1,-2.706282246020731,-2.788219585402516
RK45_1e-09,-0.195,s3*s4,0,0.8977144106345365,-0.29943200149383753
RK45_1e-09,-0.195,s3*s4,1,-0.3512764394730385,0.1462320145965408
RK45_1e-09,-0.195,s1*s4,0,-8.761857114984391,-14.629431085362324
RK45_1e-09,-0.195,s1*s4,1,5.246688238982577,6.683208340485078
RK45_1e-09,-0.18,s1*s2,0,-82.07669961145817,-27.293816796536042
RK45_1e-09,-0.18,s1*s2,1,37.611663501982164,2.49912221595621
RK45_1e-09,-0.18,s2*s3,0,2.5998158845813157,8.34640475927634
RK45_1e-09,-0.18,s2*s3,1,-2.70628224515124,-2.788219583148982
RK45_1e-09,-0.18,s3*s4,0,0.8977144105972019,-0.29943200180964696
RK45_1e-09,-0.18,s3*s4,1,-0.351276439240611,0.14623201465812147
RK45_1e-09,-0.18,s1*s4,0,-8.761857122740334,-14.629431084512952
RK45_1e-09,-0.18,s1*s4,1,5.246688238413365,6.683208334665415
RK45_1e-09,-0.16499999999999998,s1*s2,0,-82.07669961678221,-27.29381681460621
RK45_1e-09,-0.16499999999999998,s1*s2,1,37.61166350587499,2.4991222212168784
RK45_1e-09,-0.16499999999999998,s2*s3,0,2.5998158836154386,8.34640476105924
RK45_1e-09,-0.16499999999999998,s2*s3,1,-2.7062822450959345,-2.7882195837370567
RK45_1e-09,-0.16499999999999998,s3*s4,0,0.8977144107274946,-0.2994320016890322
RK45_1e-09,-0.16499999999999998,s3*s4,1,-0.3512764393046374,0.14623201462559104
RK45_1e-09,-0.16499999999999998,s1*s4,0,-8.761857120560748,-14.629431087910135
RK45_1e-09,-0.16499999999999998,s1*s4,1,5.246688238217834,6.683208336213648
RK45_1e-09,-0.15,s1*s2,0,-82.07669958502461,-27.293816826469794
RK45_1e-09,-0.15,s1*s2,1,37.61166352052494,2.4991222278241185
RK45_1e-09,-0.15,s2*s3,0,2.599815879572386,8.346404759827951
RK45_1e-09,-0.15,s2*s3,1,-2.7062822460394123,-2.7882195852235037
RK45_1e-09,-0.15,s3*s4,0,0.8977144105274479,-0.29943200151275673
RK45_1e-09,-0.15,s3*s4,1,-0.35127643945666404,0.14623201460868007
RK45_1e-09,-0.15,s1*s4,0,-8.761857114503309,-14.629431083136996
RK45_1e-09,-0.15,s1*s4,1,5.246688239068451,6.683208340101926
RK45_1e-09,-0.135,s1*s2,0,-82.0766995994814,-27.29381680661102
RK45_1e-09,-0.135,s1*s2,1,37.6116635107878,2.4991222204520955
RK45_1e-09,-0.135,s2*s3,0,2.599815882593296,8.346404759254451
RK45_1e-09,-0.135,s2*s3,1,-2.7062822456817184,-2.7882195840744
RK45_1e-09,-0.135,s3*s4,0,0.8977144105512551,-0.2994320017053186
RK45_1e-09,-0.135,s3*s4,1,-0.3512764393352717,0.14623201464468027
RK45_1e-09,-0.135,s1*s4,0,-8.761857119551308,-14.6294310834151
RK45_1e-09,-0.135,s1*s4,1,5.246688238840906,6.683208337087018
RK45_1e-09,-0.12,s1*s2,0,-82.0766996309857,-27.293816803272833
RK45_1e-09,-0.12,s1*s2,1,37.61166349966116,2.4991222163974713
RK45_1e-09,-0.12,s2*s3,0,2.5998158858083,8.346404761148992
RK45_1e-09,-0.12,s2*s3,1,-2.706282244923952,-2.788219583005104
RK45_1e-09,-0.12,s3*s4,0,0.897714410794803,-0.2994320018219813
RK45_1e-09,-0.12,s3*s4,1,-0.35127643922407353,0.14623201464509256
RK45_1e-09,-0.12,s1*s4,0,-8.761857124328769,-14.629431089078397
RK45_1e-09,-0.12,s1*s4,1,5.246688238031467,6.68320833433148
RK45_1e-09,-0.10499999999999998,s1*s2,0,-82.07669961057718,-27.293816815064346
RK45_1e-09,-0.10499999999999998,s1*s2,1,37.61166350888518,2.499122221721238
RK45_1e-09,-0.10499999999999998,s2*s3,0,2.5998158829064724,8.34640476067485
RK45_1e-09,-0.10499999999999998,s2*s3,1,-2.7062822453791853,-2.7882195839907746
RK45_1e-09,-0.10499999999999998,s3*s4,0,0.8977144106782544,-0.2994320016632463
RK45_1e-09,-0.10499999999999998,s3*s4,1,-0.3512764393294368,0.14623201462300803
RK45_1e-09,-0.10499999999999998,s1*s4,0,-8.761857119785718,-14.629431086662658
RK45_1e-09,-0.10499999999999998,s1*s4,1,5.246688238505307,6.683208336921982
RK45_1e-09,-0.09,s1*s2,0,-82.07669958171958,-27.293816814918074
RK45_1e-09,-0.09,s1*s2,1,37.611663517729895,2.499122224325345
RK45_1e-09,-0.09,s2*s3,0,2.5998158802901865,8.346404758724395
RK45_1e-09,-0.09,s2*s3,1,-2.7062822460115337,-2.788219584795239
RK45_1e-09,-0.09,s3*s4,0,0.8977144104391827,-0.2994320015779509
RK45_1e-09,-0.09,s3*s4,1,-0.35127643941749975,0.14623201463046925
RK45_1e-09,-0.09,s1*s4,0,-8.761857115799199,-14.629431081092811
RK45_1e-09,-0.09,s1*s4,1,5.2466882392609095,6.683208338987742
RK45_1e-09,-0.07500000000000001,s1*s2,0,-82.07669958563508,-27.293816807901134
RK45_1e-09,-0.07500000000000001,s1*s2,1,37.611663515130665,2.499122222007435
RK45_1e-09,-0.07500000000000001,s2*s3,0,2.5998158812588645,8.346404758462322
RK45_1e-09,-0.07500000000000001,s2*s3,1,-2.7062822459561455,-2.788219584480506
RK45_1e-09,-0.07500000000000001,s3*s4,0,0.8977144104422455,-0.29943200165073436
RK45_1e-09,-0.07500000000000001,s3*s4,1,-0.351276439382916,0.14623201464649221
RK45_1e-09,-0.07500000000000001,s1*s4,0,-8.7618571173499,-14.629431080916673
RK45_1e-09,-0.07500000000000001,s1*s4,1,5.246688239201214,6.683208338122828
RK45_1e-09,-0.06,s1*s2,0,-82.07669959626173,-27.29381680515963
RK45_1e-09,-0.06,s1*s2,1,37.61166351139536,2.499122220263086
RK45_1e-09,-0.06,s2*s3,0,2.5998158824489512,8.346404758993616
RK45_1e-09,-0.06,s2*s3,1,-2.7062822457521705,-2.7882195841178836
RK45_1e-09,-0.06,s3*s4,0,0.897714410523287,-0.29943200170802836
RK45_1e-09,-0.06,s3*s4,1,-0.351276439342865,0.1462320146508782
RK45_1e-09,-0.06,s1*s4,0,-8.76185711921332,-14.629431082524631
RK45_1e-09,-0.06,s1*s4,1,5.246688238926252,6.683208337137005
RK45_1e-09,-0.044999999999999984,s1*s2,0,-82.07669960143171,-27.293816805251687
RK45_1e-09,-0.044999999999999984,s1*s2,1,37.61166350985294,2.4991222197515492
RK45_1e-09,-0.044999999999999984,s2*s3,0,2.5998158828555873,8.34640475935946
RK45_1e-09,-0.044999999999999984,s2*s3,1,-2.7062822456382745,-2.78821958398131
RK45_1e-09,-0.044999999999999984,s3*s4,0,0.8977144105700195,-0.29943200171683404
RK45_1e-09,-0.044999999999999984,s3*s4,1,-0.35127643932905317,0.14623201464727165
RK45_1e-09,-0.044999999999999984,s1*s4,0,-8.761857120010948,-14.62943108344344
RK45_1e-09,-0.044999999999999984,s1*s4,1,5.246688238820541,6.683208336744905
RK45_1e-09,-0.03,s1*s2,0,-82.07669960297673,-27.293816805412778
RK45_1e-09,-0.03,s1*s2,1,37.61166350942201,2.4991222196094025
RK45_1e-09,-0.03,s2*s3,0,2.5998158829384823,8.346404759463807
RK45_1e-09,-0.03,s2*s3,1,-2.7062822455975093,-2.788219583939974
RK45_1e-09,-0.03,s3*s4,0,0.8977144105824011,-0.29943200171314954
RK45_1e-09,-0.03,s3*s4,1,-0.3512764393251776,0.14623201464368607
RK45_1e-09,-0.03,s1*s4,0,-8.761857120301784,-14.629431083739227
RK45_1e-09,-0.03,s1*s4,1,5.246688238816683,6.683208336632486
RK45_1e-09,-0.015000000000000013,s1*s2,0,-82.07669959610503,-27.293816804380803
RK45_1e-09,-0.015000000000000013,s1*s2,1,37.61166351127585,2.4991222200365724
RK45_1e-09,-0.015000000000000013,s2*s3,0,2.5998158824177717,8.346404758895037
RK45_1e-09,-0.015000000000000013,s2*s3,1,-2.7062822457172646,-2.788219584092648
RK45_1e-09,-0.015000000000000013,s3*s4,0,0.8977144105142989,-0.299432001692083
RK45_1e-09,-0.015000000000000013,s3*s4,1,-0.35127643934263897,0.14623201464486127
RK45_1e-09,-0.015000000000000013,s1*s4,0,-8.761857119540613,-14.629431082377284
RK45_1e-09,-0.015000000000000013,s1*s4,1,5.246688239035672,6.683208337034866
RK45_1e-09,0.0,s1*s2,0,-82.07669959566576,-27.29381680424475
RK45_1e-09,0.0,s1*s2,1,37.61166351138236,2.4991222200453507
RK45_1e-09,0.0,s2*s3,0,2.599815882426311,8.34640475884098
RK45_1e-09,0.0,s2*s3,1,-2.7062822457354456,-2.788219584092522
RK45_1e-09,0.0,s3*s4,0,0.8977144105054666,-0.2994320016989643
RK45_1e-09,0.0,s3*s4,1,-0.35127643934140784,0.14623201464759306
RK45_1e-09,0.0,s1*s4,0,-8.761857119432648,-14.629431082348713
RK45_1e-09,0.0,s1*s4,1,5.246688239033768,6.683208337084436
RK45_1e-09,0.015000000000000013,s1*s2,0,-82.07669959510797,-27.293816804227546
RK45_1e-09,0.015000000000000013,s1*s2,1,37.611663511581725,2.499122220114571
RK45_1e-09,0.015000000000000013,s2*s3,0,2.5998158824105335,8.346404758792776
RK45_1e-09,0.015000000000000013,s2*s3,1,-2.70628224575705,-2.788219584104282
RK45_1e-09,0.015000000000000013,s3*s4,0,0.8977144104988521,-0.2994320017033541
RK45_1e-09,0.015000000000000013,s3*s4,1,-0.3512764393420092,0.1462320146497044
RK45_1e-09,0.015000000000000013,s1*s4,0,-8.76185711929551,-14.629431082292339
RK45_1e-09,0.015000000000000013,s1*s4,1,5.2466882390355,6.6832083371557625
RK45_1e-09,0.030000000000000027,s1*s2,0,-82.07669957673139,-27.29381679986441
RK45_1e-09,0.030000000000000027,s1*s2,1,37.61166351632447,2.4991222211403956
RK45_1e-09,0.030000000000000027,s2*s3,0,2.5998158812391794,8.346404757186159
RK45_1e-09,0.030000000000000027,s2*s3,1,-2.7062822460659035,-2.788219584505803
RK45_1e-09,0.030000000000000027,s3*s4,0,0.8977144103142646,-0.2994320016652657
RK45_1e-09,0.030000000000000027,s3*s4,1,-0.3512764393885493,0.1462320146596209
RK45_1e-09,0.030000000000000027,s1*s4,0,-8.76185711733145,-14.629431078469734
RK45_1e-09,0.030000000000000027,s1*s4,1,5.2466882395687024,6.683208338136936
RK45_1e-09,0.044999999999999984,s1*s2,0,-82.07669955733425,-27.293816794570517
RK45_1e-09,0.044999999999999984,s1*s2,1,37.611663521308095,2.4991222222804255
RK45_1e-09,0.044999999999999984,s2*s3,0,2.599815880073961,8.346404755443098
RK45_1e-09,0.044999999999999984,s2*s3,1,-2.706282246371262,-2.788219584939043
RK45_1e-09,0.044999999999999984,s3*s4,0,0.8977144101169043,-0.2994320016238716
RK45_1e-09,0.044999999999999984,s3*s4,1,-0.35127643943917836,0.1462320146690132
RK45_1e-09,0.044999999999999984,s1*s4,0,-8.761857115367404,-14.6294310743577
RK45_1e-09,0.044999999999999984,s1*s4,1,5.246688240134313,6.683208339145347
RK45_1e-09,0.06,s1*s2,0,-82.07669954134334,-27.293816789653786
RK45_1e-09,0.06,s1*s2,1,37.611663525445714,2.4991222233574524
RK45_1e-09,0.06,s2*s3,0,2.5998158792328567,8.346404753976538
RK45_1e-09,0.06,s2*s3,1,-2.706282246625792,-2.7882195853104133
RK45_1e-09,0.06,s3*s4,0,0.8977144099504767,-0.2994320016039162
RK45_1e-09,0.06,s3*s4,1,-0.35127643948043635,0.1462320146814209
RK45_1e-09,0.06,s1*s4,0,-8.761857113679953,-14.629431070959402
RK45_1e-09,0.06,s1*s4,1,5.246688240541683,6.683208340011851
RK45_1e-09,0.07500000000000001,s1*s2,0,-82.07669952473621,-27.293816783955467
RK45_1e-09,0.07500000000000001,s1*s2,1,37.61166352981241,2.499122224552913
RK45_1e-09,0.07500000000000001,s2*s3,0,2.599815878371025,8.346404752404306
RK45_1e-09,0.07500000000000001,s2*s3,1,-2.7062822468624668,-2.788219585714279
RK45_1e-09,0.07500000000000001,s3*s4,0,0.8977144097765947,-0.2994320015761712
RK45_1e-09,0.07500000000000001,s3*s4,1,-0.35127643952696597,0.14623201469090938
RK45_1e-09,0.07500000000000001,s1*s4,0,-8.761857112123174,-14.629431067318867
RK45_1e-09,0.07500000000000001,s1*s4,1,5.246688241005417,6.68320834088401
RK45_1e-09,0.08999999999999997,s1*s2,0,-82.07669950079809,-27.29381677538491
RK45_1e-09,0.08999999999999997,s1*s2,1,37.61166353611251,2.4991222263262007
RK45_1e-09,0.08999999999999997,s2*s3,0,2.5998158771620874,8.346404750086316
RK45_1e-09,0.08999999999999997,s2*s3,1,-2.7062822471913712,-2.78821958629259
RK45_1e-09,0.08999999999999997,s3*s4,0,0.8977144095220347,-0.29943200153420707
RK45_1e-09,0.08999999999999997,s3*s4,1,-0.3512764395942342,0.1462320147025292
RK45_1e-09,0.08999999999999997,s1*s4,0,-8.76185710997358,-14.629431062075785
RK45_1e-09,0.08999999999999997,s1*s4,1,5.246688241694034,6.683208342152473
RK45_1e-09,0.10499999999999998,s1*s2,0,-82.07669946294043,-27.29381676135571
RK45_1e-09,0.10499999999999998,s1*s2,1,37.611663545935706,2.4991222291825337
RK45_1e-09,0.10499999999999998,s2*s3,0,2.5998158753733955,8.346404746369755
RK45_1e-09,0.10499999999999998,s2*s3,1,-2.7062822477205746,-2.788219587186587
RK45_1e-09,0.10499999999999998,s3*s4,0,0.8977144091073749,-0.2994320014822762
RK45_1e-09,0.10499999999999998,s3*s4,1,-0.35127643969481165,0.146232014723913
RK45_1e-09,0.10499999999999998,s1*s4,0,-8.761857106498699,-14.629431053868313
RK45_1e-09,0.10499999999999998,s1*s4,1,5.246688242718272,6.683208344204179
RK45_1e-09,0.12,s1*s2,0,-82.07669941326135,-27.29381674170205
RK45_1e-09,0.12,s1*s2,1,37.61166355867195,2.4991222330626406
RK45_1e-09,0.12,s2*s3,0,2.59981587319404,8.346404741400898
RK45_1e-09,0.12,s2*s3,1,-2.7062822483993516,-2.7882195883539223
RK45_1e-09,0.12,s3*s4,0,0.8977144085557234,-0.29943200143090254
RK45_1e-09,0.12,s3*s4,1,-0.35127643982434054,0.14623201475402986
RK45_1e-09,0.12,s1*s4,0,-8.761857102005512,-14.629431042999204
RK45_1e-09,0.12,s1*s4,1,5.246688243994763,6.683208346904968
RK45_1e-09,0.135,s1*s2,0,-82.07669938088448,-27.293816726402145
RK45_1e-09,0.135,s1*s2,1,37.611663566720345,2.4991222359517016
RK45_1e-09,0.135,s2*s3,0,2.5998158720378512,8.346404737989943
RK45_1e-09,0.135,s2*s3,1,-2.7062822487810423,-2.7882195891401307
RK45_1e-09,0.135,s3*s4,0,0.897714408188192,-0.29943200141162224
RK45_1e-09,0.135,s3*s4,1,-0.35127643991167123,0.14623201477271036
RK45_1e-09,0.135,s1*s4,0,-8.761857099392063,-14.629431035625526
RK45_1e-09,0.135,s1*s4,1,5.246688244723238,6.683208348620546
RK45_1e-09,0.15000000000000002,s1*s2,0,-82.07669943547019,-27.293816743197386
RK45_1e-09,0.15000000000000002,s1*s2,1,37.61166355203632,2.499122232320472
RK45_1e-09,0.15000000000000002,s2*s3,0,2.599815875079346,8.346404743052288
RK45_1e-09,0.15000000000000002,s2*s3,1,-2.7062822479494146,-2.7882195878422786
RK45_1e-09,0.15000000000000002,s3*s4,0,0.8977144087554284,-0.2994320015200942
RK45_1e-09,0.15000000000000002,s3*s4,1,-0.35127643975819167,0.14623201474315828
RK45_1e-09,0.15000000000000002,s1*s4,0,-8.761857104693313,-14.629431047312373
RK45_1e-09,0.15000000000000002,s1*s4,1,5.2466882430525335,6.68320834568153
RK45_1e-09,0.16499999999999998,s1*s2,0,-82.07669963097823,-27.29381681870742
RK45_1e-09,0.16499999999999998,s1*s2,1,37.611663501025596,2.4991222168952065
RK45_1e-09,0.16499999999999998,s2*s3,0,2.5998158841181302,8.346404762400194
RK45_1e-09,0.16499999999999998,s2*s3,1,-2.7062822452919484,-2.7882195831357968
RK45_1e-09,0.16499999999999998,s3*s4,0,0.897714410895067,-0.29943200177802987
RK45_1e-09,0.16499999999999998,s3*s4,1,-0.35127643922220547,0.1462320146394777
RK45_1e-09,0.16499999999999998,s1*s4,0,-8.761857122118037,-14.629431090328783
RK45_1e-09,0.16499999999999998,s1*s4,1,5.246688237773033,6.683208335063762
RK45_1e-09,0.18,s1*s2,0,-82.07669981136986,-27.293816896355178
RK45_1e-09,0.18,s1*s2,1,37.6116634554077,2.4991222019649753
RK45_1e-09,0.18,s2*s3,0,2.5998158916248566,8.346404780836409
RK45_1e-09,0.18,s2*s3,1,-2.706282243029169,-2.788219578822126
RK45_1e-09,0.18,s3*s4,0,0.8977144129161161,-0.29943200195649733
RK45_1e-09,0.18,s3*s4,1,-0.3512764387381852,0.146232014548322
RK45_1e-09,0.18,s1*s4,0,-8.761857137219922,-14.629431130857474
RK45_1e-09,0.18,s1*s4,1,5.2466882332513585,6.683208325469325
RK45_1e-09,0.195,s1*s2,0,-82.0766996311347,-27.293816824076735
RK45_1e-09,0.195,s1*s2,1,37.61166350504505,2.499122218871331
RK45_1e-09,0.195,s2*s3,0,2.599815883611582,8.346404762862806
RK45_1e-09,0.195,s2*s3,1,-2.7062822454626945,-2.7882195835685066
RK45_1e-09,0.195,s3*s4,0,0.8977144109362909,-0.29943200174374807
RK45_1e-09,0.195,s3*s4,1,-0.35127643927343455,0.14623201464168767
RK45_1e-09,0.195,s1*s4,0,-8.761857121348585,-14.629431090857139
RK45_1e-09,0.195,s1*s4,1,5.246688238041246,6.683208336004047
RK45_1e-09,0.20999999999999996,s1*s2,0,-82.07669923927945,-27.293816644043865
RK45_1e-09,0.20999999999999996,s1*s2,1,37.61166360696761,2.499122256450309
RK45_1e-09,0.20999999999999996,s2*s3,0,2.5998158683454236,8.346404722022275
RK45_1e-09,0.20999999999999996,s2*s3,1,-2.706282250138943,-2.7882195935534737
RK45_1e-09,0.20999999999999996,s3*s4,0,0.89771440649592,-0.2994320014295634
RK45_1e-09,0.20999999999999996,s3*s4,1,-0.3512764403871,0.14623201481533876
RK45_1e-09,0.20999999999999996,s1*s4,0,-8.761857090140285,-14.629431001322928
RK45_1e-09,0.20999999999999996,s1*s4,1,5.246688247501482,6.683208357868531
RK45_1e-09,0.22499999999999998,s1*s2,0,-82.07669954157731,-27.29381678198886
RK45_1e-09,0.22499999999999998,s1*s2,1,37.61166352575503,2.499122226315489
RK45_1e-09,0.22499999999999998,s2*s3,0,2.599815880243538,8.346404753456572
RK45_1e-09,0.22499999999999998,s2*s3,1,-2.706282246437807,-2.788219585599173
RK45_1e-09,0.22499999999999998,s3*s4,0,0.8977144099199814,-0.29943200167555467
RK45_1e-09,0.22499999999999998,s3*s4,1,-0.3512764394997481,0.14623201468090433
RK45_1e-09,0.22499999999999998,s1*s4,0,-8.76185711432765,-14.629431070316688
RK45_1e-09,0.22499999999999998,s1*s4,1,5.246688239955055,6.683208340404968
RK45_1e-09,0.24,s1*s2,0,-82.07669961106524,-27.29381681694153
RK45_1e-09,0.24,s1*s2,1,37.611663511318966,2.4991222211660573
RK45_1e-09,0.24,s2*s3,0,2.599815882559362,8.34640476099828
RK45_1e-09,0.24,s2*s3,1,-2.7062822457539815,-2.7882195842271558
RK45_1e-09,0.24,s3*s4,0,0.8977144107340441,-0.2994320016984451
RK45_1e-09,0.24,s3*s4,1,-0.35127643935014224,0.14623201464729926
RK45_1e-09,0.24,s1*s4,0,-8.761857119554067,-14.629431086289394
RK45_1e-09,0.24,s1*s4,1,5.246688238603616,6.683208337258257
RK45_1e-12,-0.24,s1*s2,0,-82.07669959559301,-27.293816804399242
RK45_1e-12,-0.24,s1*s2,1,37.611663511374246,2.4991222201117345
RK45_1e-12,-0.24,s2*s3,0,2.5998158824755,8.346404758819354
RK45_1e-12,-0.24,s2*s3,1,-2.706282245752184,-2.788219584077402
RK45_1e-12,-0.24,s3*s4,0,0.8977144104965187,-0.2994320017058506
RK45_1e-12,-0.24,s3*s4,1,-0.3512764393369919,0.14623201464920357
RK45_1e-12,-0.24,s1*s4,0,-8.761857119294826,-14.629431082501522
RK45_1e-12,-0.24,s1*s4,1,5.246688238999965,6.683208337161794
RK45_1e-12,-0.22499999999999998,s1*s2,0,-82.07669959559591,-27.293816804377613
RK45_1e-12,-0.22499999999999998,s1*s2,1,37.61166351135476,2.499122220103458
RK45_1e-12,-0.22499999999999998,s2*s3,0,2.599815882464374,8.346404758832392
RK45_1e-12,-0.22499999999999998,s2*s3,1,-2.7062822457470235,-2.788219584081844
RK45_1e-12,-0.22499999999999998,s3*s4,0,0.8977144105002137,-0.2994320017043803
RK45_1e-12,-0.22499999999999998,s3*s4,1,-0.3512764393383177,0.14623201464892435
RK45_1e-12,-0.22499999999999998,s1*s4,0,-8.761857119310342,-14.629431082450967
RK45_1e-12,-0.22499999999999998,s1*s4,1,5.2466882389994005,6.68320833713784
RK45_1e-12,-0.21,s1*s2,0,-82.07669959558878,-27.293816804386285
RK45_1e-12,-0.21,s1*s2,1,37.61166351137587,2.4991222201078855
RK45_1e-12,-0.21,s2*s3,0,2.5998158824563813,8.346404758836671
RK45_1e-12,-0.21,s2*s3,1,-2.7062822457467903,-2.788219584085347
RK45_1e-12,-0.21,s3*s4,0,0.8977144105017272,-0.29943200170396533
RK45_1e-12,-0.21,s3*s4,1,-0.3512764393390186,0.14623201464885272
RK45_1e-12,-0.21,s1*s4,0,-8.761857119314152,-14.62943108243168
RK45_1e-12,-0.21,s1*s4,1,5.246688239002445,6.6832083371363495
RK45_1e-12,-0.195,s1*s2,0,-82.07669959562237,-27.29381680437205
RK45_1e-12,-0.195,s1*s2,1,37.611663511361236,2.499122220099781
RK45_1e-12,-0.195,s2*s3,0,2.5998158824564426,8.3464047588412
RK45_1e-12,-0.195,s2*s3,1,-2.706282245744597,-2.7882195840855357
RK45_1e-12,-0.195,s3*s4,0,0.8977144105030588,-0.29943200170334094
RK45_1e-12,-0.195,s3*s4,1,-0.3512764393393619,0.14623201464873686
RK45_1e-12,-0.195,s1*s4,0,-8.761857119328303,-14.629431082423473
RK45_1e-12,-0.195,s1*s4,1,5.246688239003252,6.68320833712631
RK45_1e-12,-0.18,s1*s2,0,-82.07669959558481,-27.293816804418626
RK45_1e-12,-0.18,s1*s2,1,37.611663511386396,2.4991222201186005
RK45_1e-12,-0.18,s2*s3,0,2.59981588244447,8.34640475883793
RK45_1e-12,-0.18,s2*s3,1,-2.706282245743557,-2.7882195840877566
RK45_1e-12,-0.18,s3*s4,0,0.8977144105018685,-0.29943200170126577
RK45_1e-12,-0.18,s3*s4,1,-0.35127643933941877,0.14623201464796137
RK45_1e-12,-0.18,s1*s4,0,-8.76185711933455,-14.629431082428624
RK45_1e-12,-0.18,s1*s4,1,5.246688239011074,6.683208337134003
RK45_1e-12,-0.16499999999999998,s1*s2,0,-82.07669959561484,-27.29381680439738
RK45_1e-12,-0.16499999999999998,s1*s2,1,37.61166351137183,2.4991222201092373
RK45_1e-12,-0.16499999999999998,s2*s3,0,2.5998158824725284,8.34640475883105
RK45_1e-12,-0.16499999999999998,s2*s3,1,-2.7062822457504137,-2.788219584081389
RK45_1e-12,-0.16499999999999998,s3*s4,0,0.8977144104995111,-0.2994320017060715
RK45_1e-12,-0.16499999999999998,s3*s4,1,-0.3512764393379852,0.14623201464937668
RK45_1e-12,-0.16499999999999998,s1*s4,0,-8.761857119295465,-14.629431082473609
RK45_1e-12,-0.16499999999999998,s1*s4,1,5.246688238997718,6.683208337148676
RK45_1e-12,-0.15,s1*s2,0,-82.07669959562968,-27.293816804410845
RK45_1e-12,-0.15,s1*s2,1,37.61166351136664,2.4991222201125
RK45_1e-12,-0.15,s2*s3,0,2.599815882488692,8.346404758840178
RK45_1e-12,-0.15,s2*s3,1,-2.7062822457559736,-2.7882195840818573
RK45_1e-12,-0.15,s3*s4,0,0.8977144105002526,-0.2994320017096171
RK45_1e-12,-0.15,s3*s4,1,-0.35127643933773994,0.14623201465064295
RK45_1e-12,-0.15,s1*s4,0,-8.761857119250516,-14.629431082478636
RK45_1e-12,-0.15,s1*s4,1,5.246688238980765,6.68320833715294
RK45_1e-12,-0.135,s1*s2,0,-82.07669959560192,-27.29381680443693
RK45_1e-12,-0.135,s1*s2,1,37.61166351138037,2.4991222201233882
RK45_1e-12,-0.135,s2*s3,0,2.5998158824727273,8.346404758848996
RK45_1e-12,-0.135,s2*s3,1,-2.7062822457533002,-2.7882195840880315
RK45_1e-12,-0.135,s3*s4,0,0.8977144105028,-0.2994320017066843
RK45_1e-12,-0.135,s3*s4,1,-0.3512764393391697,0.1462320146499187
RK45_1e-12,-0.135,s1*s4,0,-8.76185711926226,-14.629431082446136
RK45_1e-12,-0.135,s1*s4,1,5.246688238984792,6.683208337144224
RK45_1e-12,-0.12,s1*s2,0,-82.07669959559425,-27.29381680444039
RK45_1e-12,-0.12,s1*s2,1,37.6116635113886,2.4991222201249834
RK45_1e-12,-0.12,s2*s3,0,2.5998158824550175,8.346404758839332
RK45_1e-12,-0.12,s2*s3,1,-2.7062822457468316,-2.788219584087069
RK45_1e-12,-0.12,s3*s4,0,0.8977144105022163,-0.2994320017018598
RK45_1e-12,-0.12,s3*s4,1,-0.3512764393395438,0.14623201464812682
RK45_1e-12,-0.12,s1*s4,0,-8.761857119313593,-14.629431082446233
RK45_1e-12,-0.12,s1*s4,1,5.246688239005196,6.683208337141015
RK45_1e-12,-0.10499999999999998,s1*s2,0,-82.07669959560083,-27.293816804434332
RK45_1e-12,-0.10499999999999998,s1*s2,1,37.61166351138901,2.4991222201220613
RK45_1e-12,-0.10499999999999998,s2*s3,0,2.5998158824363156,8.346404758820544
RK45_1e-12,-0.10499999999999998,s2*s3,1,-2.706282245737948,-2.788219584082696
RK45_1e-12,-0.10499999999999998,s3*s4,0,0.8977144104983437,-0.2994320016966723
RK45_1e-12,-0.10499999999999998,s3*s4,1,-0.3512764393388186,0.1462320146458575
RK45_1e-12,-0.10499999999999998,s1*s4,0,-8.761857119381085,-14.629431082472012
RK45_1e-12,-0.10499999999999998,s1*s4,1,5.246688239031696,6.683208337141745
RK45_1e-12,-0.09,s1*s2,0,-82.07669959561689,-27.293816804406624
RK45_1e-12,-0.09,s1*s2,1,37.61166351137587,2.4991222201110532
RK45_1e-12,-0.09,s2*s3,0,2.599815882455881,8.346404758845607
RK45_1e-12,-0.09,s2*s3,1,-2.7062822457465368,-2.7882195840885204
RK45_1e-12,-0.09,s3*s4,0,0.8977144105031999,-0.29943200170228856
RK45_1e-12,-0.09,s3*s4,1,-0.35127643933976,0.1462320146483929
RK45_1e-12,-0.09,s1*s4,0,-8.761857119319522,-14.629431082426755
RK45_1e-12,-0.09,s1*s4,1,5.246688239001595,6.683208337129321
RK45_1e-12,-0.07500000000000001,s1*s2,0,-82.07669959562608,-27.293816804363267
RK45_1e-12,-0.07500000000000001,s1*s2,1,37.61166351135856,2.49912222009547
RK45_1e-12,-0.07500000000000001,s2*s3,0,2.599815882477773,8.34640475887123
RK45_1e-12,-0.07500000000000001,s2*s3,1,-2.7062822457557103,-2.7882195840943793
RK45_1e-12,-0.07500000000000001,s3*s4,0,0.8977144105079043,-0.2994320017095104
RK45_1e-12,-0.07500000000000001,s3*s4,1,-0.3512764393405057,0.14623201465146093
RK45_1e-12,-0.07500000000000001,s1*s4,0,-8.761857119248052,-14.62943108237767
RK45_1e-12,-0.07500000000000001,s1*s4,1,5.246688238968029,6.683208337116925
RK45_1e-12,-0.06,s1*s2,0,-82.07669959555108,-27.29381680432457
RK45_1e-12,-0.06,s1*s2,1,37.6116635113598,2.499122220089596
RK45_1e-12,-0.06,s2*s3,0,2.5998158824731115,8.346404758887363
RK45_1e-12,-0.06,s2*s3,1,-2.7062822457588758,-2.7882195841023747
RK45_1e-12,-0.06,s3*s4,0,0.8977144105115895,-0.2994320017109465
RK45_1e-12,-0.06,s3*s4,1,-0.3512764393418629,0.1462320146525113
RK45_1e-12,-0.06,s1*s4,0,-8.761857119215005,-14.62943108230347
RK45_1e-12,-0.06,s1*s4,1,5.246688238952267,6.68320833710093
RK45_1e-12,-0.044999999999999984,s1*s2,0,-82.07669959561143,-27.29381680427649
RK45_1e-12,-0.044999999999999984,s1*s2,1,37.611663511344474,2.4991222200659173
RK45_1e-12,-0.044999999999999984,s2*s3,0,2.5998158824363586,8.346404758889822
RK45_1e-12,-0.044999999999999984,s2*s3,1,-2.706282245743244,-2.7882195841059625
RK45_1e-12,-0.044999999999999984,s3*s4,0,0.8977144105143297,-0.2994320017032832
RK45_1e-12,-0.044999999999999984,s3*s4,1,-0.35127643934357566,0.14623201464996588
RK45_1e-12,-0.044999999999999984,s1*s4,0,-8.761857119329685,-14.629431082253236
RK45_1e-12,-0.044999999999999984,s1*s4,1,5.246688238983212,6.6832083370631885
RK45_1e-12,-0.03,s1*s2,0,-82.07669959560978,-27.29381680423671
RK45_1e-12,-0.03,s1*s2,1,37.61166351135862,2.499122220050935
RK45_1e-12,-0.03,s2*s3,0,2.5998158824020425,8.34640475887027
RK45_1e-12,-0.03,s2*s3,1,-2.70628224573022,-2.7882195841048465
RK45_1e-12,-0.03,s3*s4,0,0.8977144105125545,-0.2994320016954569
RK45_1e-12,-0.03,s3*s4,1,-0.35127643934420255,0.14623201464701138
RK45_1e-12,-0.03,s1*s4,0,-8.76185711943677,-14.629431082242547
RK45_1e-12,-0.03,s1*s4,1,5.246688239022918,6.683208337048409
RK45_1e-12,-0.015000000000000013,s1*s2,0,-82.07669959566049,-27.293816804238254
RK45_1e-12,-0.015000000000000013,s1*s2,1,37.61166351137055,2.4991222200445953
RK45_1e-12,-0.015000000000000013,s2*s3,0,2.5998158823932678,8.34640475885423
RK45_1e-12,-0.015000000000000013,s2*s3,1,-2.7062822457243483,-2.7882195840996897
RK45_1e-12,-0.015000000000000013,s3*s4,0,0.8977144105095878,-0.29943200169144
RK45_1e-12,-0.015000000000000013,s3*s4,1,-0.35127643934352265,0.14623201464517613
RK45_1e-12,-0.015000000000000013,s1*s4,0,-8.76185711949671,-14.62943108227998
RK45_1e-12,-0.015000000000000013,s1*s4,1,5.246688239048357,6.68320833705264
RK45_1e-12,0.0,s1*s2,0,-82.07669959566576,-27.29381680424475
RK45_1e-12,0.0,s1*s2,1,37.61166351138236,2.4991222200453507
RK45_1e-12,0.0,s2*s3,0,2.599815882426311,8.34640475884098
RK45_1e-12,0.0,s2*s3,1,-2.7062822457354456,-2.788219584092522
RK45_1e-12,0.0,s3*s4,0,0.8977144105054666,-0.2994320016989643
RK45_1e-12,0.0,s3*s4,1,-0.35127643934140784,0.14623201464759306
RK45_1e-12,0.0,s1*s4,0,-8.761857119432648,-14.629431082348713
RK45_1e-12,0.0,s1*s4,1,5.246688239033768,6.683208337084436
RK45_1e-12,0.015000000000000013,s1*s2,0,-82.07669959568095,-27.293816804271017
RK45_1e-12,0.015000000000000013,s1*s2,1,37.611663511399136,2.499122220052646
RK45_1e-12,0.015000000000000013,s2*s3,0,2.599815882456598,8.346404758836135
RK45_1e-12,0.015000000000000013,s2*s3,1,-2.706282245746408,-2.7882195840871304
RK45_1e-12,0.015000000000000013,s3*s4,0,0.8977144105039492,-0.29943200170511797
RK45_1e-12,0.015000000000000013,s3*s4,1,-0.35127643934010727,0.14623201464953264
RK45_1e-12,0.015000000000000013,s1*s4,0,-8.761857119368507,-14.62943108240213
RK45_1e-12,0.015000000000000013,s1*s4,1,5.246688239019057,6.683208337114235
RK45_1e-12,0.030000000000000027,s1*s2,0,-82.07669959572466,-27.29381680430695
RK45_1e-12,0.030000000000000027,s1*s2,1,37.61166351139332,2.4991222200588505
RK45_1e-12,0.030000000000000027,s2*s3,0,2.599815882458346,8.346404758834826
RK45_1e-12,0.030000000000000027,s2*s3,1,-2.706282245744405,-2.7882195840853106
RK45_1e-12,0.030000000000000027,s3*s4,0,0.8977144105028488,-0.2994320017041809
RK45_1e-12,0.030000000000000027,s3*s4,1,-0.3512764393397394,0.14623201464896252
RK45_1e-12,0.030000000000000027,s1*s4,0,-8.761857119377819,-14.629431082432538
RK45_1e-12,0.030000000000000027,s1*s4,1,5.246688239022367,6.683208337116804
RK45_1e-12,0.044999999999999984,s1*s2,0,-82.0766995957006,-27.29381680433806
RK45_1e-12,0.044999999999999984,s1*s2,1,37.61166351138726,2.4991222200719445
RK45_1e-12,0.044999999999999984,s2*s3,0,2.599815882439504,8.346404758837526
RK45_1e-12,0.044999999999999984,s2*s3,1,-2.70628224573732,-2.7882195840885333
RK45_1e-12,0.044999999999999984,s3*s4,0,0.8977144105030693,-0.2994320016990115
RK45_1e-12,0.044999999999999984,s3*s4,1,-0.35127643934051656,0.14623201464688024
RK45_1e-12,0.044999999999999984,s1*s4,0,-8.761857119406425,-14.629431082416405
RK45_1e-12,0.044999999999999984,s1*s4,1,5.246688239032741,6.683208337105764
RK45_1e-12,0.06,s1*s2,0,-82.07669959560813,-27.293816804346324
RK45_1e-12,0.06,s1*s2,1,37.61166351136155,2.4991222200879966
RK45_1e-12,0.06,s2*s3,0,2.5998158824662054,8.346404758849955
RK45_1e-12,0.06,s2*s3,1,-2.706282245749379,-2.7882195840904367
RK45_1e-12,0.06,s3*s4,0,0.8977144105025446,-0.29943200170684453
RK45_1e-12,0.06,s3*s4,1,-0.35127643933930175,0.14623201464990976
RK45_1e-12,0.06,s1*s4,0,-8.76185711929097,-14.629431082408194
RK45_1e-12,0.06,s1*s4,1,5.246688238989018,6.683208337119464
RK45_1e-12,0.07500000000000001,s1*s2,0,-82.07669959556367,-27.293816804249744
RK45_1e-12,0.07500000000000001,s1*s2,1,37.61166351134174,2.4991222200571768
RK45_1e-12,0.07500000000000001,s2*s3,0,2.599815882450145,8.346404758856648
RK45_1e-12,0.07500000000000001,s2*s3,1,-2.7062822457450566,-2.7882195840957857
RK45_1e-12,0.07500000000000001,s3*s4,0,0.8977144105046209,-0.2994320017060473
RK45_1e-12,0.07500000000000001,s3*s4,1,-0.3512764393403537,0.1462320146498688
RK45_1e-12,0.07500000000000001,s1*s4,0,-8.761857119316236,-14.629431082330353
RK45_1e-12,0.07500000000000001,s1*s4,1,5.246688238989895,6.683208337088
RK45_1e-12,0.08999999999999997,s1*s2,0,-82.07669959555531,-27.293816804183173
RK45_1e-12,0.08999999999999997,s1*s2,1,37.61166351135673,2.4991222200327243
RK45_1e-12,0.08999999999999997,s2*s3,0,2.59981588242045,8.346404758850527
RK45_1e-12,0.08999999999999997,s2*s3,1,-2.70628224573439,-2.7882195840995037
RK45_1e-12,0.08999999999999997,s3*s4,0,0.8977144105068545,-0.299432001700474
RK45_1e-12,0.08999999999999997,s3*s4,1,-0.35127643934218306,0.14623201464793562
RK45_1e-12,0.08999999999999997,s1*s4,0,-8.761857119399414,-14.629431082276179
RK45_1e-12,0.08999999999999997,s1*s4,1,5.2466882390198455,6.683208337060378
RK45_1e-12,0.10499999999999998,s1*s2,0,-82.07669959545301,-27.293816804179095
RK45_1e-12,0.10499999999999998,s1*s2,1,37.61166351139437,2.499122220051771
RK45_1e-12,0.10499999999999998,s2*s3,0,2.599815882431907,8.346404758826488
RK45_1e-12,0.10499999999999998,s2*s3,1,-2.706282245740889,-2.7882195840952995
RK45_1e-12,0.10499999999999998,s3*s4,0,0.8977144105010589,-0.29943200170193546
RK45_1e-12,0.10499999999999998,s3*s4,1,-0.3512764393406053,0.1462320146482539
RK45_1e-12,0.10499999999999998,s1*s4,0,-8.761857119366555,-14.629431082321652
RK45_1e-12,0.10499999999999998,s1*s4,1,5.2466882390225384,6.68320833709397
RK45_1e-12,0.12,s1*s2,0,-82.07669959563145,-27.29381680428991
RK45_1e-12,0.12,s1*s2,1,37.61166351136251,2.499122220060292
RK45_1e-12,0.12,s2*s3,0,2.599815882499521,8.346404758829605
RK45_1e-12,0.12,s2*s3,1,-2.7062822457592466,-2.788219584075883
RK45_1e-12,0.12,s3*s4,0,0.8977144104968953,-0.2994320017135682
RK45_1e-12,0.12,s3*s4,1,-0.3512764393357796,0.14623201465150484
RK45_1e-12,0.12,s1*s4,0,-8.761857119254602,-14.629431082472511
RK45_1e-12,0.12,s1*s4,1,5.24668823898708,6.683208337152392
RK45_1e-12,0.135,s1*s2,0,-82.0766995956266,-27.293816804363022
RK45_1e-12,0.135,s1*s2,1,37.61166351137333,2.499122220089922
RK45_1e-12,0.135,s2*s3,0,2.5998158825330364,8.346404758847317
RK45_1e-12,0.135,s2*s3,1,-2.706282245776579,-2.7882195840781265
RK45_1e-12,0.135,s3*s4,0,0.8977144105000531,-0.29943200172037104
RK45_1e-12,0.135,s3*s4,1,-0.3512764393360013,0.1462320146550181
RK45_1e-12,0.135,s1*s4,0,-8.761857119147237,-14.62943108249268
RK45_1e-12,0.135,s1*s4,1,5.246688238944446,6.683208337178309
RK45_1e-12,0.15000000000000002,s1*s2,0,-82.07669959541863,-27.293816804356894
RK45_1e-12,0.15000000000000002,s1*s2,1,37.611663511371304,2.4991222201310586
RK45_1e-12,0.15000000000000002,s2*s3,0,2.599815882580714,8.346404758841835
RK45_1e-12,0.15000000000000002,s2*s3,1,-2.7062822458018756,-2.7882195840737967
RK45_1e-12,0.15000000000000002,s3*s4,0,0.8977144104945034,-0.29943200173150497
RK45_1e-12,0.15000000000000002,s3*s4,1,-0.3512764393324693,0.14623201465922012
RK45_1e-12,0.15000000000000002,s1*s4,0,-8.761857118968555,-14.629431082518137
RK45_1e-12,0.15000000000000002,s1*s4,1,5.246688238885136,6.683208337236188
RK45_1e-12,0.16499999999999998,s1*s2,0,-82.07669959529814,-27.2938168042071
RK45_1e-12,0.16499999999999998,s1*s2,1,37.61166351130044,2.4991222200866257
RK45_1e-12,0.16499999999999998,s2*s3,0,2.5998158825780537,8.346404758861713
RK45_1e-12,0.16499999999999998,s2*s3,1,-2.706282245805405,-2.7882195840829147
RK45_1e-12,0.16499999999999998,s3*s4,0,0.8977144104957403,-0.2994320017346804
RK45_1e-12,0.16499999999999998,s3*s4,1,-0.3512764393323991,0.14623201466085203
RK45_1e-12,0.16499999999999998,s1*s4,0,-8.761857118929036,-14.62943108240443
RK45_1e-12,0.16499999999999998,s1*s4,1,5.2466882388492655,6.68320833719686
RK45_1e-12,0.18,s1*s2,0,-82.07669959553586,-27.293816804303106
RK45_1e-12,0.18,s1*s2,1,37.6116635112883,2.499122220070841
RK45_1e-12,0.18,s2*s3,0,2.5998158825531044,8.346404758889145
RK45_1e-12,0.18,s2*s3,1,-2.7062822457910185,-2.7882195840896498
RK45_1e-12,0.18,s3*s4,0,0.897714410501232,-0.29943200172843437
RK45_1e-12,0.18,s3*s4,1,-0.3512764393349143,0.146232014658748
RK45_1e-12,0.18,s1*s4,0,-8.761857119022036,-14.629431082403237
RK45_1e-12,0.18,s1*s4,1,5.246688238870392,6.683208337153524
RK45_1e-12,0.195,s1*s2,0,-82.07669959552172,-27.293816804378206
RK45_1e-12,0.195,s1*s2,1,37.61166351125635,2.499122220101097
RK45_1e-12,0.195,s2*s3,0,2.5998158825744095,8.34640475892245
RK45_1e-12,0.195,s2*s3,1,-2.7062822458040214,-2.788219584099273
RK45_1e-12,0.195,s3*s4,0,0.897714410508583,-0.2994320017356649
RK45_1e-12,0.195,s3*s4,1,-0.3512764393367205,0.14623201466292846
RK45_1e-12,0.195,s1*s4,0,-8.761857118911799,-14.629431082373749
RK45_1e-12,0.195,s1*s4,1,5.24668823880965,6.683208337150625
RK45_1e-12,0.20999999999999996,s1*s2,0,-82.07669959535787,-27.293816804392293
RK45_1e-12,0.20999999999999996,s1*s2,1,37.61166351127295,2.4991222201499625
RK45_1e-12,0.20999999999999996,s2*s3,0,2.5998158826050366,8.346404758960647
RK45_1e-12,0.20999999999999996,s2*s3,1,-2.7062822458326172,-2.7882195841177215
RK45_1e-12,0.20999999999999996,s3*s4,0,0.8977144105167999,-0.299432001742985
RK45_1e-12,0.20999999999999996,s3*s4,1,-0.35127643933962865,0.1462320146688064
RK45_1e-12,0.20999999999999996,s1*s4,0,-8.7618571187455,-14.629431082278867
RK45_1e-12,0.20999999999999996,s1*s4,1,5.246688238722223,6.683208337157001
RK45_1e-12,0.22499999999999998,s1*s2,0,-82.07669959492259,-27.293816804233572
RK45_1e-12,0.22499999999999998,s1*s2,1,37.61166351133455,2.499122220212369
RK45_1e-12,0.22499999999999998,s2*s3,0,2.5998158825651516,8.346404758899482
RK45_1e-12,0.22499999999999998,s2*s3,1,-2.7062822458226723,-2.7882195841238446
RK45_1e-12,0.22499999999999998,s3*s4,0,0.8977144105077278,-0.2994320017354077
RK45_1e-12,0.22499999999999998,s3*s4,1,-0.3512764393399337,0.14623201466514643
RK45_1e-12,0.22499999999999998,s1*s4,0,-8.761857118780812,-14.629431082222911
RK45_1e-12,0.22499999999999998,s1*s4,1,5.246688238755678,6.683208337179114
RK45_1e-12,0.24,s1*s2,0,-82.07669959516608,-27.293816804275025
RK45_1e-12,0.24,s1*s2,1,37.61166351112916,2.499122220123128
RK45_1e-12,0.24,s2*s3,0,2.5998158825001036,8.346404758964999
RK45_1e-12,0.24,s2*s3,1,-2.706282245785793,-2.7882195841402293
RK45_1e-12,0.24,s3*s4,0,0.8977144105175844,-0.299432001719436
RK45_1e-12,0.24,s3*s4,1,-0.3512764393444206,0.1462320146583039
RK45_1e-12,0.24,s1*s4,0,-8.761857118943084,-14.629431082096275
RK45_1e-12,0.24,s1*s4,1,5.246688238767374,6.683208337025477
contour_1e-08_R4.8,-0.24,s1*s2,0,-82.03849528660152,-27.20324233644626
contour_1e-08_R4.8,-0.24,s1*s2,1,37.58730288267886,2.4576944661041145
contour_1e-08_R4.8,-0.24,s2*s3,0,2.6037560419951387,8.33788865532533
contour_1e-08_R4.8,-0.24,s2*s3,1,-2.7076549091903157,-2.7839237825225935
contour_1e-08_R4.8,-0.24,s3*s4,0,0.8968460204338271,-0.300076692031467
contour_1e-08_R4.8,-0.24,s3*s4,1,-0.3508062307240086,0.146491238966205
contour_1e-08_R4.8,-0.24,s1*s4,0,-8.7691159467119,-14.60919767584643
contour_1e-08_R4.8,-0.24,s1*s4,1,5.248761146753143,6.672865709072767
contour_1e-08_R4.8,-0.22499999999999998,s1*s2,0,-82.04116991813179,-27.206689980019178
contour_1e-08_R4.8,-0.22499999999999998,s1*s2,1,37.588866363585474,2.459158128996842
contour_1e-08_R4.8,-0.22499999999999998,s2*s3,0,2.6037520421235785,8.33833766217699
contour_1e-08_R4.8,-0.22499999999999998,s2*s3,1,-2.707690095114502,-2.7841334547293615
contour_1e-08_R4.8,-0.22499999999999998,s3*s4,0,0.8968842933641944,-0.30005508924317126
contour_1e-08_R4.8,-0.22499999999999998,s3*s4,1,-0.35082703924034686,0.14648316081453538
contour_1e-08_R4.8,-0.22499999999999998,s1*s4,0,-8.768910050207893,-14.61020811302236
contour_1e-08_R4.8,-0.22499999999999998,s1*s4,1,5.248749402229598,6.673383258261936
contour_1e-08_R4.8,-0.21,s1*s2,0,-82.04379145039258,-27.21022943373016
contour_1e-08_R4.8,-0.21,s1*s2,1,37.59040723313649,2.460671738440563
contour_1e-08_R4.8,-0.21,s2*s3,0,2.6037280687544038,8.338780488114862
contour_1e-08_R4.8,-0.21,s2*s3,1,-2.7077143371413026,-2.784341858505458
contour_1e-08_R4.8,-0.21,s3*s4,0,0.8969237375759923,-0.3000327817544289
contour_1e-08_R4.8,-0.21,s3*s4,1,-0.3508484281572881,0.14647485053478274
contour_1e-08_R4.8,-0.21,s1*s4,0,-8.768704574032295,-14.611219195721434
contour_1e-08_R4.8,-0.21,s1*s4,1,5.248736964638918,6.673899690145
contour_1e-08_R4.8,-0.195,s1*s2,0,-82.04636396562728,-27.213891742464135
contour_1e-08_R4.8,-0.195,s1*s2,1,37.591929725336655,2.4622500025336502
contour_1e-08_R4.8,-0.195,s2*s3,0,2.603682626909381,8.339220554650996
contour_1e-08_R4.8,-0.195,s2*s3,1,-2.7077272093319227,-2.7845507354691925
contour_1e-08_R4.8,-0.195,s3*s4,0,0.896964449912742,-0.300009514102572
contour_1e-08_R4.8,-0.195,s3*s4,1,-0.3508704624691955,0.1464661867589121
contour_1e-08_R4.8,-0.195,s1*s4,0,-8.768493462188513,-14.612235996611417
contour_1e-08_R4.8,-0.195,s1*s4,1,5.248721258515425,6.674417988857604
contour_1e-08_R4.8,-0.18,s1*s2,0,-82.04889155130407,-27.21773613679988
contour_1e-08_R4.8,-0.18,s1*s2,1,37.59344033059272,2.4639189738805074
contour_1e-08_R4.8,-0.18,s2*s3,0,2.603613051055973,8.339663688365695
contour_1e-08_R4.8,-0.18,s2*s3,1,-2.707728079179459,-2.7847627682533593
contour_1e-08_R4.8,-0.18,s3*s4,0,0.897006597441859,-0.2999847224145659
contour_1e-08_R4.8,-0.18,s3*s4,1,-0.3508932668969299,0.14645691800194316
contour_1e-08_R4.8,-0.18,s1*s4,0,-8.768264776115453,-14.613268720067008
contour_1e-08_R4.8,-0.18,s1*s4,1,5.248697854274068,6.674943904222274
contour_1e-08_R4.8,-0.16499999999999998,s1*s2,0,-82.05138888192435,-27.221805232995393
contour_1e-08_R4.8,-0.16499999999999998,s1*s2,1,37.59494854681923,2.465698153571109
contour_1e-08_R4.8,-0.16499999999999998,s2*s3,0,2.6035176556885706,8.340114306340867
contour_1e-08_R4.8,-0.16499999999999998,s2*s3,1,-2.7077163990542568,-2.784980153249592
contour_1e-08_R4.8,-0.16499999999999998,s3*s4,0,0.8970504860910097,-0.29995808257261536
contour_1e-08_R4.8,-0.16499999999999998,s3*s4,1,-0.3509170075279698,0.14644690676609007
contour_1e-08_R4.8,-0.16499999999999998,s1*s4,0,-8.7680132348925,-14.614326297357916
contour_1e-08_R4.8,-0.16499999999999998,s1*s4,1,5.248664768652362,6.675482022858183
contour_1e-08_R4.8,-0.15,s1*s2,0,-82.05384493392732,-27.226126505092655
contour_1e-08_R4.8,-0.15,s1*s2,1,37.59644993683469,2.467603007117804
contour_1e-08_R4.8,-0.15,s2*s3,0,2.6033935852786327,8.34057345826987
contour_1e-08_R4.8,-0.15,s2*s3,1,-2.7076906900987097,-2.7852037252453865
contour_1e-08_R4.8,-0.15,s3*s4,0,0.8970961692699002,-0.2999292928882067
contour_1e-08_R4.8,-0.15,s3*s4,1,-0.35094172051569705,0.14643599732964094
contour_1e-08_R4.8,-0.15,s1*s4,0,-8.767733117622852,-14.615411149221739
contour_1e-08_R4.8,-0.15,s1*s4,1,5.248618875666281,6.676033869191324
contour_1e-08_R4.8,-0.135,s1*s2,0,-82.05627463984996,-27.23073761568832
contour_1e-08_R4.8,-0.135,s1*s2,1,37.59795395774881,2.469651300124381
contour_1e-08_R4.8,-0.135,s2*s3,0,2.6032391193189897,8.341045259761723
contour_1e-08_R4.8,-0.135,s2*s3,1,-2.7076503610997,-2.785435636060539
contour_1e-08_R4.8,-0.135,s3*s4,0,0.897143946206912,-0.2998981111766687
contour_1e-08_R4.8,-0.135,s3*s4,1,-0.3509675635180747,0.14642408531358178
contour_1e-08_R4.8,-0.135,s1*s4,0,-8.767420331419695,-14.616530860042602
contour_1e-08_R4.8,-0.135,s1*s4,1,5.2485585073583945,6.676603432910245
contour_1e-08_R4.8,-0.12,s1*s2,0,-82.0586818154811,-27.23569515702345
contour_1e-08_R4.8,-0.12,s1*s2,1,37.5994656870979,2.471870147250856
contour_1e-08_R4.8,-0.12,s2*s3,0,2.60305077241297,8.341534289124446
contour_1e-08_R4.8,-0.12,s2*s3,1,-2.707594004368741,-2.785678265337191
contour_1e-08_R4.8,-0.12,s3*s4,0,0.8971941008563138,-0.2998640312385464
contour_1e-08_R4.8,-0.12,s3*s4,1,-0.35099470454831616,0.14641093987625028
contour_1e-08_R4.8,-0.12,s1*s4,0,-8.767065853127459,-14.617694802707549
contour_1e-08_R4.8,-0.12,s1*s4,1,5.24847987234795,6.677195808725324
contour_1e-08_R4.8,-0.10499999999999998,s1*s2,0,-82.06108413007799,-27.24109728279614
contour_1e-08_R4.8,-0.10499999999999998,s1*s2,1,37.601001774413554,2.4743009707682155
contour_1e-08_R4.8,-0.10499999999999998,s2*s3,0,2.602824006872698,8.34205022351919
contour_1e-08_R4.8,-0.10499999999999998,s2*s3,1,-2.7075206230857023,-2.7859360934027158
contour_1e-08_R4.8,-0.10499999999999998,s3*s4,0,0.8972471136651211,-0.29982621399297826
contour_1e-08_R4.8,-0.10499999999999998,s3*s4,1,-0.3510234395947514,0.1463962192531262
contour_1e-08_R4.8,-0.10499999999999998,s1*s4,0,-8.766653590639033,-14.61892106100215
contour_1e-08_R4.8,-0.10499999999999998,s1*s4,1,5.248377694563196,6.6778207288061715
contour_1e-08_R4.8,-0.09,s1*s2,0,-82.06346251195716,-27.246913895627458
contour_1e-08_R4.8,-0.09,s1*s2,1,37.602545224795314,2.476942114485024
contour_1e-08_R4.8,-0.09,s2*s3,0,2.6025569834113065,8.34258688066984
contour_1e-08_R4.8,-0.09,s2*s3,1,-2.707427519445714,-2.7862072762357646
contour_1e-08_R4.8,-0.09,s3*s4,0,0.8973030047018589,-0.29978493425356767
contour_1e-08_R4.8,-0.09,s3*s4,1,-0.351053722571135,0.1463799638191955
contour_1e-08_R4.8,-0.09,s1*s4,0,-8.766191996795131,-14.620200917831495
contour_1e-08_R4.8,-0.09,s1*s4,1,5.248252038148161,6.678473431498346
contour_1e-08_R4.8,-0.07500000000000001,s1*s2,0,-82.06582629521075,-27.253232182792594
contour_1e-08_R4.8,-0.07500000000000001,s1*s2,1,37.60410734620269,2.479833134780821
contour_1e-08_R4.8,-0.07500000000000001,s2*s3,0,2.6022447456840494,8.34315235224173
contour_1e-08_R4.8,-0.07500000000000001,s2*s3,1,-2.707313154398967,-2.7864958145557663
contour_1e-08_R4.8,-0.07500000000000001,s3*s4,0,0.8973621688173976,-0.2997394519040745
contour_1e-08_R4.8,-0.07500000000000001,s3*s4,1,-0.3510858021524469,0.14636184814337294
contour_1e-08_R4.8,-0.07500000000000001,s1*s4,0,-8.76566636419354,-14.621548792340468
contour_1e-08_R4.8,-0.07500000000000001,s1*s4,1,5.248097356813707,6.679162054389931
contour_1e-08_R4.8,-0.06,s1*s2,0,-82.06819978955649,-27.260194543007408
contour_1e-08_R4.8,-0.06,s1*s2,1,37.605710204560815,2.483034921908599
contour_1e-08_R4.8,-0.06,s2*s3,0,2.6018802873270346,8.343759708789534
contour_1e-08_R4.8,-0.06,s2*s3,1,-2.70717558419955,-2.7868077724100266
contour_1e-08_R4.8,-0.06,s3*s4,0,0.8974253793665483,-0.2996885303443737
contour_1e-08_R4.8,-0.06,s3*s4,1,-0.35112013497521777,0.14634136732687114
contour_1e-08_R4.8,-0.06,s1*s4,0,-8.765054765421251,-14.622991123916245
contour_1e-08_R4.8,-0.06,s1*s4,1,5.24790635545651,6.679900432208471
contour_1e-08_R4.8,-0.044999999999999984,s1*s2,0,-82.06939334134769,-27.265428784161948
contour_1e-08_R4.8,-0.044999999999999984,s1*s2,1,37.60639064695397,2.485855848224955
contour_1e-08_R4.8,-0.044999999999999984,s2*s3,0,2.601494058752804,8.344068854608643
contour_1e-08_R4.8,-0.044999999999999984,s2*s3,1,-2.7069568105311816,-2.787001767900626
contour_1e-08_R4.8,-0.044999999999999984,s3*s4,0,0.8974795759933086,-0.29964831210724086
contour_1e-08_R4.8,-0.044999999999999984,s3*s4,1,-0.35114821861360945,0.14632212781927048
contour_1e-08_R4.8,-0.044999999999999984,s1*s4,0,-8.764731240605858,-14.62398723034197
contour_1e-08_R4.8,-0.044999999999999984,s1*s4,1,5.2477149480586815,6.680398312387047
contour_1e-08_R4.8,-0.03,s1*s2,0,-82.07180292535094,-27.273902067617037
contour_1e-08_R4.8,-0.03,s1*s2,1,37.608082307823636,2.489795196871441
contour_1e-08_R4.8,-0.03,s2*s3,0,2.6010122759404632,8.34478045092297
contour_1e-08_R4.8,-0.03,s2*s3,1,-2.7067665199245923,-2.78737022272085
contour_1e-08_R4.8,-0.03,s3*s4,0,0.8975517838809843,-0.2995845744124651
contour_1e-08_R4.8,-0.03,s3*s4,1,-0.35118756990469596,0.14629581746494286
contour_1e-08_R4.8,-0.03,s1*s4,0,-8.763908282650567,-14.625654303172647
contour_1e-08_R4.8,-0.03,s1*s4,1,5.24743138924567,6.68125630398284
contour_1e-08_R4.8,-0.015000000000000013,s1*s2,0,-82.07423434307861,-27.283318576336963
contour_1e-08_R4.8,-0.015000000000000013,s1*s2,1,37.60983709195031,2.4941946465608043
contour_1e-08_R4.8,-0.015000000000000013,s2*s3,0,2.600455886853442,8.345555908160174
contour_1e-08_R4.8,-0.015000000000000013,s2*s3,1,-2.706543145970947,-2.7877745326165115
contour_1e-08_R4.8,-0.015000000000000013,s3*s4,0,0.8976297600898299,-0.29951288920996794
contour_1e-08_R4.8,-0.015000000000000013,s3*s4,1,-0.35123015126738105,0.14626597479626058
contour_1e-08_R4.8,-0.015000000000000013,s1*s4,0,-8.762956327525016,-14.627460826852941
contour_1e-08_R4.8,-0.015000000000000013,s1*s4,1,5.2470919473904045,6.682188972308497
contour_1e-08_R4.8,0.0,s1*s2,0,-82.07669959566581,-27.293816804244763
contour_1e-08_R4.8,0.0,s1*s2,1,37.61166351138238,2.4991222200453365
contour_1e-08_R4.8,0.0,s2*s3,0,2.599815882426313,8.346404758840986
contour_1e-08_R4.8,0.0,s2*s3,1,-2.706282245735448,-2.788219584092523
contour_1e-08_R4.8,0.0,s3*s4,0,0.8977144105054671,-0.29943200169896456
contour_1e-08_R4.8,0.0,s3*s4,1,-0.3512764393414079,0.1462320146475933
contour_1e-08_R4.8,0.0,s1*s4,0,-8.761857119432651,-14.629431082348718
contour_1e-08_R4.8,0.0,s1*s4,1,5.246688239033772,6.683208337084436
contour_1e-08_R4.8,0.015000000000000013,s1*s2,0,-82.07921040638601,-27.305562265594748
contour_1e-08_R4.8,0.015000000000000013,s1*s2,1,37.613575734537505,2.5046581691300354
contour_1e-08_R4.8,0.015000000000000013,s2*s3,0,2.599080796114967,8.34733956971396
contour_1e-08_R4.8,0.015000000000000013,s2*s3,1,-2.7059788987698323,-2.7887120971391184
contour_1e-08_R4.8,0.015000000000000013,s3*s4,0,0.8978067034248477,-0.2993405045797686
contour_1e-08_R4.8,0.015000000000000013,s3*s4,1,-0.35132697735501495,0.14619329548980495
contour_1e-08_R4.8,0.015000000000000013,s1*s4,0,-8.760586967581062,-14.631591527385845
contour_1e-08_R4.8,0.015000000000000013,s1*s4,1,5.246210005539722,6.684328592422932
contour_1e-08_R4.8,0.030000000000000027,s1*s2,0,-82.08177889250115,-27.318759309354647
contour_1e-08_R4.8,0.030000000000000027,s1*s2,1,37.61558948725611,2.510901211748593
contour_1e-08_R4.8,0.030000000000000027,s2*s3,0,2.5982365605466824,8.348375462907013
contour_1e-08_R4.8,0.030000000000000027,s2*s3,1,-2.7056270064695114,-2.789260066098741
contour_1e-08_R4.8,0.030000000000000027,s3*s4,0,0.8979078199370647,-0.29923661658260264
contour_1e-08_R4.8,0.030000000000000027,s3*s4,1,-0.3513824271980674,0.14614900637559958
contour_1e-08_R4.8,0.030000000000000027,s1*s4,0,-8.759116329460914,-14.633975064779861
contour_1e-08_R4.8,0.030000000000000027,s1*s4,1,5.245644511478253,6.685567195031245
contour_1e-08_R4.8,0.044999999999999984,s1*s2,0,-82.08441128109531,-27.3336037046395
contour_1e-08_R4.8,0.044999999999999984,s1*s2,1,37.61771758870341,2.5179497042677492
contour_1e-08_R4.8,0.044999999999999984,s2*s3,0,2.597268696013192,8.349526765259007
contour_1e-08_R4.8,0.044999999999999984,s2*s3,1,-2.7052200587227087,-2.7898714924859256
contour_1e-08_R4.8,0.044999999999999984,s3*s4,0,0.8980188523447628,-0.29911866631928075
contour_1e-08_R4.8,0.044999999999999984,s3*s4,1,-0.351443412947246,0.14609835533747864
contour_1e-08_R4.8,0.044999999999999984,s1*s4,0,-8.75741638748418,-14.636611229180987
contour_1e-08_R4.8,0.044999999999999984,s1*s4,1,5.244978517448641,6.6869405042673815
contour_1e-08_R4.8,0.06,s1*s2,0,-82.08717191349315,-27.350341743266302
contour_1e-08_R4.8,0.06,s1*s2,1,37.620002152508334,2.5259190614114155
contour_1e-08_R4.8,0.06,s2*s3,0,2.596163713072514,8.350815623032858
contour_1e-08_R4.8,0.06,s2*s3,1,-2.7047525700287425,-2.790557586899734
contour_1e-08_R4.8,0.06,s3*s4,0,0.898141648800873,-0.2989847811622252
contour_1e-08_R4.8,0.06,s3*s4,1,-0.35151091192886924,0.14604052553809865
contour_1e-08_R4.8,0.06,s1*s4,0,-8.755458663642752,-14.639547016972429
contour_1e-08_R4.8,0.06,s1*s4,1,5.244200552400486,6.688472424913622
contour_1e-08_R4.8,0.07500000000000001,s1*s2,0,-82.09003656326708,-27.369500519181145
contour_1e-08_R4.8,0.07500000000000001,s1*s2,1,37.622455995318724,2.535061716776484
contour_1e-08_R4.8,0.07500000000000001,s2*s3,0,2.594881948553369,8.352275442844633
contour_1e-08_R4.8,0.07500000000000001,s2*s3,1,-2.7042070557447606,-2.7913358951810743
contour_1e-08_R4.8,0.07500000000000001,s3*s4,0,0.8982788624674333,-0.2988299634686558
contour_1e-08_R4.8,0.07500000000000001,s3*s4,1,-0.3515864436930844,0.14597325678251444
contour_1e-08_R4.8,0.07500000000000001,s1*s4,0,-8.753160306191306,-14.64286108050281
contour_1e-08_R4.8,0.07500000000000001,s1*s4,1,5.243275187163934,6.690204335630999
contour_1e-08_R4.8,0.08999999999999997,s1*s2,0,-82.09305849636267,-27.391409330592495
contour_1e-08_R4.8,0.08999999999999997,s1*s2,1,37.62511661852407,2.5455389501890346
contour_1e-08_R4.8,0.08999999999999997,s2*s3,0,2.593402221772773,8.353932997738557
contour_1e-08_R4.8,0.08999999999999997,s2*s3,1,-2.7035739397942855,-2.7922205198406234
contour_1e-08_R4.8,0.08999999999999997,s3*s4,0,0.8984327456524801,-0.2986515894268212
contour_1e-08_R4.8,0.08999999999999997,s3*s4,1,-0.35167120111511424,0.14589533088661652
contour_1e-08_R4.8,0.08999999999999997,s1*s4,0,-8.75047980196856,-14.646610414803085
contour_1e-08_R4.8,0.08999999999999997,s1*s4,1,5.242183590644248,6.69216574616804
contour_1e-08_R4.8,0.10499999999999998,s1*s2,0,-82.09621574815021,-27.41635746714361
contour_1e-08_R4.8,0.10499999999999998,s1*s2,1,37.627991834250395,2.5575059024158806
contour_1e-08_R4.8,0.10499999999999998,s2*s3,0,2.5917004025914174,8.35580831104851
contour_1e-08_R4.8,0.10499999999999998,s2*s3,1,-2.7028420679621883,-2.7932238380201695
contour_1e-08_R4.8,0.10499999999999998,s3*s4,0,0.898604562473173,-0.29844712461445067
contour_1e-08_R4.8,0.10499999999999998,s3*s4,1,-0.35176600208141645,0.14580546573835074
contour_1e-08_R4.8,0.10499999999999998,s1*s4,0,-8.747368753440487,-14.650831898012388
contour_1e-08_R4.8,0.10499999999999998,s1*s4,1,5.240902045186755,6.694379846638902
contour_1e-08_R4.8,0.12,s1*s2,0,-82.09953268659834,-27.44479415290771
contour_1e-08_R4.8,0.12,s1*s2,1,37.631118627640454,2.5711860197387892
contour_1e-08_R4.8,0.12,s2*s3,0,2.589745073696868,8.357935482331783
contour_1e-08_R4.8,0.12,s2*s3,1,-2.7019977317949695,-2.7943646220150886
contour_1e-08_R4.8,0.12,s3*s4,0,0.8987968185925396,-0.2982127163329692
contour_1e-08_R4.8,0.12,s3*s4,1,-0.3518723091164765,0.1457018596219265
contour_1e-08_R4.8,0.12,s1*s4,0,-8.743760713948397,-14.655595974302074
contour_1e-08_R4.8,0.12,s1*s4,1,5.239401091146579,6.696885771910855
contour_1e-08_R4.8,0.135,s1*s2,0,-82.10312295481202,-27.477709382603738
contour_1e-08_R4.8,0.135,s1*s2,1,37.634584301502,2.5870416382674897
contour_1e-08_R4.8,0.135,s2*s3,0,2.587472557184631,8.360388578862372
contour_1e-08_R4.8,0.135,s2*s3,1,-2.701013020332404,-2.7956796010206495
contour_1e-08_R4.8,0.135,s3*s4,0,0.8990159707259112,-0.2979398219299174
contour_1e-08_R4.8,0.135,s3*s4,1,-0.35199350227556164,0.14558073284078718
contour_1e-08_R4.8,0.135,s1*s4,0,-8.739524948925192,-14.661074710958063
contour_1e-08_R4.8,0.135,s1*s4,1,5.237625972244372,6.6997686841162984
contour_1e-08_R4.8,0.15000000000000002,s1*s2,0,-82.10701218631019,-27.51579978753867
contour_1e-08_R4.8,0.15000000000000002,s1*s2,1,37.638438659279316,2.6054202033800564
contour_1e-08_R4.8,0.15000000000000002,s2*s3,0,2.584832801040456,8.363219111499976
contour_1e-08_R4.8,0.15000000000000002,s2*s3,1,-2.699865803644058,-2.7971972937867595
contour_1e-08_R4.8,0.15000000000000002,s3*s4,0,0.8992658574115686,-0.29762242163236047
contour_1e-08_R4.8,0.15000000000000002,s3*s4,1,-0.35213180795583365,0.14543926166133378
contour_1e-08_R4.8,0.15000000000000002,s1*s4,0,-8.734557774403477,-14.667375263584889
contour_1e-08_R4.8,0.15000000000000002,s1*s4,1,5.235530153404409,6.703087956412571
contour_1e-08_R4.8,0.16499999999999998,s1*s2,0,-82.11119637303953,-27.560000623544934
contour_1e-08_R4.8,0.16499999999999998,s1*s2,1,37.64272846236543,2.62679118311598
contour_1e-08_R4.8,0.16499999999999998,s2*s3,0,2.581756108416819,8.36649248041224
contour_1e-08_R4.8,0.16499999999999998,s2*s3,1,-2.698524701885032,-2.798954209050544
contour_1e-08_R4.8,0.16499999999999998,s3*s4,0,0.8995513568233231,-0.2972521735575053
contour_1e-08_R4.8,0.16499999999999998,s3*s4,1,-0.3522900954953872,0.14527350269193504
contour_1e-08_R4.8,0.16499999999999998,s1*s4,0,-8.728715370102575,-14.67463682669885
contour_1e-08_R4.8,0.16499999999999998,s1*s4,1,5.233048460429668,6.706921131142039
contour_1e-08_R4.8,0.18,s1*s2,0,-82.11579281263883,-27.611560659307603
contour_1e-08_R4.8,0.18,s1*s2,1,37.647563576089404,2.6517558303434363
contour_1e-08_R4.8,0.18,s2*s3,0,2.578159509297489,8.370303663121485
contour_1e-08_R4.8,0.18,s2*s3,1,-2.696953367287519,-2.8009998694731517
contour_1e-08_R4.8,0.18,s3*s4,0,0.8998801272265574,-0.296818393773736
contour_1e-08_R4.8,0.18,s3*s4,1,-0.35247254824959945,0.14507859716556862
contour_1e-08_R4.8,0.18,s1*s4,0,-8.72182465641521,-14.683067686811336
contour_1e-08_R4.8,0.18,s1*s4,1,5.230105942907936,6.71137662238123
contour_1e-08_R4.8,0.195,s1*s2,0,-82.121038320352,-27.672030202793017
contour_1e-08_R4.8,0.195,s1*s2,1,37.653101932293254,2.681048444998707
contour_1e-08_R4.8,0.195,s2*s3,0,2.5739464286684655,8.374775984527165
contour_1e-08_R4.8,0.195,s2*s3,1,-2.6951088501775615,-2.803395922820803
contour_1e-08_R4.8,0.195,s3*s4,0,0.9002625999712784,-0.2963082334168597
contour_1e-08_R4.8,0.195,s3*s4,1,-0.35268454707419294,0.1448487276353598
contour_1e-08_R4.8,0.195,s1*s4,0,-8.713686358393316,-14.692941813069854
contour_1e-08_R4.8,0.195,s1*s4,1,5.226615725201351,6.716590749100019
contour_1e-08_R4.8,0.20999999999999996,s1*s2,0,-82.12656362118508,-27.737324574920365
contour_1e-08_R4.8,0.20999999999999996,s1*s2,1,37.658853269264526,2.712679063858027
contour_1e-08_R4.8,0.20999999999999996,s2*s3,0,2.569409797655478,8.37961067323334
contour_1e-08_R4.8,0.20999999999999996,s2*s3,1,-2.6931132151308654,-2.8059730886468404
contour_1e-08_R4.8,0.20999999999999996,s3*s4,0,0.900672002863727,-0.2957554919843529
contour_1e-08_R4.8,0.20999999999999996,s3*s4,1,-0.35291029271494495,0.14459860117713255
contour_1e-08_R4.8,0.20999999999999996,s1*s4,0,-8.704831841275864,-14.703599167505082
contour_1e-08_R4.8,0.20999999999999996,s1*s4,1,5.22279011160919,6.722196834383163
contour_1e-08_R4.8,0.22499999999999998,s1*s2,0,-82.1330387347244,-27.820169253383014
contour_1e-08_R4.8,0.22499999999999998,s1*s2,1,37.665965623250855,2.752936700342092
contour_1e-08_R4.8,0.22499999999999998,s2*s3,0,2.5636235394123403,8.385721100965634
contour_1e-08_R4.8,0.22499999999999998,s2*s3,1,-2.690564985978218,-2.809245214928526
contour_1e-08_R4.8,0.22499999999999998,s3*s4,0,0.9011850089510024,-0.295051484164826
contour_1e-08_R4.8,0.22499999999999998,s3*s4,1,-0.3531948471942298,0.14427898002963743
contour_1e-08_R4.8,0.22499999999999998,s1*s4,0,-8.6934863263667,-14.717033571739105
contour_1e-08_R4.8,0.22499999999999998,s1*s4,1,5.217872651911481,6.729301725878919
contour_1e-08_R4.8,0.24,s1*s2,0,-82.14020914294836,-27.918149273427012
contour_1e-08_R4.8,0.24,s1*s2,1,37.674149292092416,2.8006137817702514
contour_1e-08_R4.8,0.24,s2*s3,0,2.5567682949458552,8.392935118355698
contour_1e-08_R4.8,0.24,s2*s3,1,-2.6875440205661363,-2.8131125635933363
contour_1e-08_R4.8,0.24,s3*s4,0,0.9017844071836709,-0.2942154949860216
contour_1e-08_R4.8,0.24,s3*s4,1,-0.35352825015649547,0.14389850161935164
contour_1e-08_R4.8,0.24,s1*s4,0,-8.679937781642181,-14.732856578175891
contour_1e-08_R4.8,0.24,s1*s4,1,5.211984446641126,6.737689332235599
contour_1e-10_R4.8,-0.24,s1*s2,0,-82.07609289583066,-27.292338832776153
contour_1e-10_R4.8,-0.24,s1*s2,1,37.611270852783186,2.498447267984015
contour_1e-10_R4.8,-0.24,s2*s3,0,2.5998813904538984,8.346264897162312
contour_1e-10_R4.8,-0.24,s2*s3,1,-2.706304518636754,-2.788149024863956
contour_1e-10_R4.8,-0.24,s3*s4,0,0.89770056633991,-0.29944250784563176
contour_1e-10_R4.8,-0.24,s3*s4,1,-0.3512689082071438,0.14623625211421315
contour_1e-10_R4.8,-0.24,s1*s4,0,-8.761981163892111,-14.629105725709483
contour_1e-10_R4.8,-0.24,s1*s4,1,5.246724340928669,6.683040816575849
contour_1e-10_R4.8,-0.22499999999999998,s1*s2,0,-82.07612226489827,-27.292586700768467
contour_1e-10_R4.8,-0.22499999999999998,s1*s2,1,37.61131894183422,2.498538864618395
contour_1e-10_R4.8,-0.22499999999999998,s2*s3,0,2.5998742637694727,8.346298519409672
contour_1e-10_R4.8,-0.22499999999999998,s2*s3,1,-2.7063076247096025,-2.78816295859213
contour_1e-10_R4.8,-0.22499999999999998,s3*s4,0,0.8977005311382077,-0.2994403297950513
contour_1e-10_R4.8,-0.22499999999999998,s3*s4,1,-0.3512691881297377,0.14623532344005347
contour_1e-10_R4.8,-0.22499999999999998,s1*s4,0,-8.761917562534267,-14.629146426469836
contour_1e-10_R4.8,-0.22499999999999998,s1*s4,1,5.246705046976089,6.683067431796356
contour_1e-10_R4.8,-0.21,s1*s2,0,-82.07616755039123,-27.292802725238086
contour_1e-10_R4.8,-0.21,s1*s2,1,37.61136598505998,2.4986202772841213
contour_1e-10_R4.8,-0.21,s2*s3,0,2.599868769367526,8.34632507469307
contour_1e-10_R4.8,-0.21,s2*s3,1,-2.7063095446263543,-2.7881739675840893
contour_1e-10_R4.8,-0.21,s3*s4,0,0.8977010589693254,-0.299438397520523
contour_1e-10_R4.8,-0.21,s3*s4,1,-0.35126966972312046,0.14623453855160484
contour_1e-10_R4.8,-0.21,s1*s4,0,-8.761871938559665,-14.629188245758552
contour_1e-10_R4.8,-0.21,s1*s4,1,5.246692200426199,6.683091803865844
contour_1e-10_R4.8,-0.195,s1*s2,0,-82.07621885787034,-27.292762750570947
contour_1e-10_R4.8,-0.195,s1*s2,1,37.61137949484967,2.4986105351145245
contour_1e-10_R4.8,-0.195,s2*s3,0,2.5998716918033233,8.346318173205344
contour_1e-10_R4.8,-0.195,s2*s3,1,-2.706308332986627,-2.7881717185511468
contour_1e-10_R4.8,-0.195,s3*s4,0,0.8977021352092336,-0.2994389655586931
contour_1e-10_R4.8,-0.195,s3*s4,1,-0.3512700863574933,0.1462348199453704
contour_1e-10_R4.8,-0.195,s1*s4,0,-8.76190107017831,-14.629192861824327
contour_1e-10_R4.8,-0.195,s1*s4,1,5.246702435542573,6.683090811180471
contour_1e-10_R4.8,-0.18,s1*s2,0,-82.07625545927752,-27.29256713256973
contour_1e-10_R4.8,-0.18,s1*s2,1,37.611369525792654,2.498543769963571
contour_1e-10_R4.8,-0.18,s2*s3,0,2.5998790012271145,8.346294535282953
contour_1e-10_R4.8,-0.18,s2*s3,1,-2.7063062451195767,-2.7881630112689026
contour_1e-10_R4.8,-0.18,s3*s4,0,0.8977029393945954,-0.2994411385229746
contour_1e-10_R4.8,-0.18,s3*s4,1,-0.3512702129077849,0.14623574259276106
contour_1e-10_R4.8,-0.18,s1*s4,0,-8.761965037403357,-14.629167780267746
contour_1e-10_R4.8,-0.18,s1*s4,1,5.246722478746244,6.683073346217736
contour_1e-10_R4.8,-0.16499999999999998,s1*s2,0,-82.07628040059329,-27.292408102216513
contour_1e-10_R4.8,-0.16499999999999998,s1*s2,1,37.6113626559873,2.498489252697118
contour_1e-10_R4.8,-0.16499999999999998,s2*s3,0,2.5998846859687785,8.346277661372861
contour_1e-10_R4.8,-0.16499999999999998,s2*s3,1,-2.706305176648225,-2.788157096109673
contour_1e-10_R4.8,-0.16499999999999998,s3*s4,0,0.897703320340689,-0.2994429970532833
contour_1e-10_R4.8,-0.16499999999999998,s3*s4,1,-0.3512702101837665,0.1462365073586857
contour_1e-10_R4.8,-0.16499999999999998,s1*s4,0,-8.762012272940435,-14.629144005491561
contour_1e-10_R4.8,-0.16499999999999998,s1*s4,1,5.246736858519676,6.683058956043283
contour_1e-10_R4.8,-0.15,s1*s2,0,-82.07630955598472,-27.292411867388566
contour_1e-10_R4.8,-0.15,s1*s2,1,37.6113774266151,2.4984945570503156
contour_1e-10_R4.8,-0.15,s2*s3,0,2.599884928597162,8.34627950079055
contour_1e-10_R4.8,-0.15,s2*s3,1,-2.706305132405272,-2.7881585626423293
contour_1e-10_R4.8,-0.15,s3*s4,0,0.8977037189710135,-0.299443217570335
contour_1e-10_R4.8,-0.15,s3*s4,1,-0.35127040127099834,0.14623659533352515
contour_1e-10_R4.8,-0.15,s1*s4,0,-8.762018482514053,-14.629147395451758
contour_1e-10_R4.8,-0.15,s1*s4,1,5.246738962478954,6.683061002796578
contour_1e-10_R4.8,-0.135,s1*s2,0,-82.0763518286474,-27.292573120722913
contour_1e-10_R4.8,-0.135,s1*s2,1,37.61141304656817,2.498559670662769
contour_1e-10_R4.8,-0.135,s2*s3,0,2.5998796862305316,8.346296762706071
contour_1e-10_R4.8,-0.135,s2*s3,1,-2.7063049739102576,-2.788166066451424
contour_1e-10_R4.8,-0.135,s3*s4,0,0.8977045353252928,-0.29944181869136505
contour_1e-10_R4.8,-0.135,s3*s4,1,-0.35127093652756397,0.14623603428086612
contour_1e-10_R4.8,-0.135,s1*s4,0,-8.761992153185101,-14.629180625766747
contour_1e-10_R4.8,-0.135,s1*s4,1,5.246731671090548,6.683079087821481
contour_1e-10_R4.8,-0.12,s1*s2,0,-82.07640000216932,-27.29278306722018
contour_1e-10_R4.8,-0.12,s1*s2,1,37.61145352381123,2.4986449000141584
contour_1e-10_R4.8,-0.12,s2*s3,0,2.5998721593377407,8.346317191857725
contour_1e-10_R4.8,-0.12,s2*s3,1,-2.7063039376197398,-2.7881748373011015
contour_1e-10_R4.8,-0.12,s3*s4,0,0.8977056759039196,-0.29943990916633945
contour_1e-10_R4.8,-0.12,s3*s4,1,-0.3512716505471919,0.14623527355139554
contour_1e-10_R4.8,-0.12,s1*s4,0,-8.76195932718113,-14.629224090332453
contour_1e-10_R4.8,-0.12,s1*s4,1,5.246722488540488,6.683101844860199
contour_1e-10_R4.8,-0.10499999999999998,s1*s2,0,-82.0764424515857,-27.29292961011881
contour_1e-10_R4.8,-0.10499999999999998,s1*s2,1,37.61148456778929,2.4987072642900157
contour_1e-10_R4.8,-0.10499999999999998,s2*s3,0,2.5998662351495563,8.346330725325693
contour_1e-10_R4.8,-0.10499999999999998,s2*s3,1,-2.7063024223726164,-2.788181008053392
contour_1e-10_R4.8,-0.10499999999999998,s3*s4,0,0.8977067255396718,-0.29943866737056724
contour_1e-10_R4.8,-0.10499999999999998,s3*s4,1,-0.351272254643558,0.1462347800200734
contour_1e-10_R4.8,-0.10499999999999998,s1*s4,0,-8.761941083256005,-14.629255299689945
contour_1e-10_R4.8,-0.10499999999999998,s1*s4,1,5.246717378720987,6.6831178178232635
contour_1e-10_R4.8,-0.09,s1*s2,0,-82.07647749185239,-27.29300350727628
contour_1e-10_R4.8,-0.09,s1*s2,1,37.61150652895839,2.4987420178185706
contour_1e-10_R4.8,-0.09,s2*s3,0,2.5998627150561844,8.346337702758555
contour_1e-10_R4.8,-0.09,s2*s3,1,-2.7063010934255116,-2.788184702650822
contour_1e-10_R4.8,-0.09,s3*s4,0,0.8977075166077655,-0.29943819826279316
contour_1e-10_R4.8,-0.09,s3*s4,1,-0.35127267761281483,0.1462345933966537
contour_1e-10_R4.8,-0.09,s1*s4,0,-8.761936709531476,-14.629271816567014
contour_1e-10_R4.8,-0.09,s1*s4,1,5.246716191987747,6.683126332732127
contour_1e-10_R4.8,-0.07500000000000001,s1*s2,0,-82.0765155920147,-27.293104895322198
contour_1e-10_R4.8,-0.07500000000000001,s1*s2,1,37.61153135590179,2.4987881642284253
contour_1e-10_R4.8,-0.07500000000000001,s2*s3,0,2.599857908343959,8.346346800590934
contour_1e-10_R4.8,-0.07500000000000001,s2*s3,1,-2.7062993409101552,-2.7881892679184737
contour_1e-10_R4.8,-0.07500000000000001,s3*s4,0,0.8977084577550709,-0.2994374537574304
contour_1e-10_R4.8,-0.07500000000000001,s3*s4,1,-0.3512731877261106,0.14623429543540606
contour_1e-10_R4.8,-0.07500000000000001,s1*s4,0,-8.761928087046948,-14.629293741550647
contour_1e-10_R4.8,-0.07500000000000001,s1*s4,1,5.246713671946929,6.683137459465948
contour_1e-10_R4.8,-0.06,s1*s2,0,-82.07655355051772,-27.2932272120459
contour_1e-10_R4.8,-0.06,s1*s2,1,37.611557202361624,2.498844127621101
contour_1e-10_R4.8,-0.06,s2*s3,0,2.5998515401969438,8.346357208141177
contour_1e-10_R4.8,-0.06,s2*s3,1,-2.706296910687216,-2.7881945137297803
contour_1e-10_R4.8,-0.06,s3*s4,0,0.897709520078117,-0.2994365152603762
contour_1e-10_R4.8,-0.06,s3*s4,1,-0.35127376653966697,0.14623391333122351
contour_1e-10_R4.8,-0.06,s1*s4,0,-8.761916456730432,-14.629318929683912
contour_1e-10_R4.8,-0.06,s1*s4,1,5.24670994660929,6.683150266211043
contour_1e-10_R4.8,-0.044999999999999984,s1*s2,0,-82.07658963619613,-27.293350505074912
contour_1e-10_R4.8,-0.044999999999999984,s1*s2,1,37.61158230781084,2.4989018203312576
contour_1e-10_R4.8,-0.044999999999999984,s2*s3,0,2.599844526795998,8.346367488501755
contour_1e-10_R4.8,-0.044999999999999984,s2*s3,1,-2.706294100794391,-2.7881998817760625
contour_1e-10_R4.8,-0.044999999999999984,s3*s4,0,0.8977105958879825,-0.29943559259546704
contour_1e-10_R4.8,-0.044999999999999984,s3*s4,1,-0.35127435232648313,0.14623353120398397
contour_1e-10_R4.8,-0.044999999999999984,s1*s4,0,-8.76190493226961,-14.629343387200816
contour_1e-10_R4.8,-0.044999999999999984,s1*s4,1,5.246705967914673,6.683162868273429
contour_1e-10_R4.8,-0.03,s1*s2,0,-82.07662588608804,-27.293488119764717
contour_1e-10_R4.8,-0.03,s1*s2,1,37.611608248017674,2.49896655956939
contour_1e-10_R4.8,-0.03,s2*s3,0,2.599836364373108,8.346378709994704
contour_1e-10_R4.8,-0.03,s2*s3,1,-2.7062907707472137,-2.788205780925596
contour_1e-10_R4.8,-0.03,s3*s4,0,0.8977117593429952,-0.29943454801566255
contour_1e-10_R4.8,-0.03,s3*s4,1,-0.35127498728889706,0.1462330942597393
contour_1e-10_R4.8,-0.03,s1*s4,0,-8.761891452342415,-14.629369946420024
contour_1e-10_R4.8,-0.03,s1*s4,1,5.24670113001671,6.683176596069426
contour_1e-10_R4.8,-0.015000000000000013,s1*s2,0,-82.07666262534418,-27.293643097843066
contour_1e-10_R4.8,-0.015000000000000013,s1*s2,1,37.61163535083787,2.499039748761097
contour_1e-10_R4.8,-0.015000000000000013,s2*s3,0,2.5998268645268046,8.346391111454304
contour_1e-10_R4.8,-0.015000000000000013,s2*s3,1,-2.7062868462060727,-2.7882123310761227
contour_1e-10_R4.8,-0.015000000000000013,s3*s4,0,0.8977130285678973,-0.29943335500290236
contour_1e-10_R4.8,-0.015000000000000013,s3*s4,1,-0.3512756816590772,0.14623259102909278
contour_1e-10_R4.8,-0.015000000000000013,s1*s4,0,-8.761875583359059,-14.629399132067155
contour_1e-10_R4.8,-0.015000000000000013,s1*s4,1,5.246695264481708,6.683191722662246
contour_1e-10_R4.8,0.0,s1*s2,0,-82.07669959566576,-27.29381680424467
contour_1e-10_R4.8,0.0,s1*s2,1,37.61166351138235,2.4991222200453382
contour_1e-10_R4.8,0.0,s2*s3,0,2.599815882426317,8.346404758840976
contour_1e-10_R4.8,0.0,s2*s3,1,-2.706282245735446,-2.788219584092521
contour_1e-10_R4.8,0.0,s3*s4,0,0.8977144105054662,-0.29943200169896494
contour_1e-10_R4.8,0.0,s3*s4,1,-0.3512764393414077,0.14623201464759314
contour_1e-10_R4.8,0.0,s1*s4,0,-8.761857119432658,-14.6294310823487
contour_1e-10_R4.8,0.0,s1*s4,1,5.246688239033769,6.683208337084434
contour_1e-10_R4.8,0.015000000000000013,s1*s2,0,-82.07669319912223,-27.293680376144025
contour_1e-10_R4.8,0.015000000000000013,s1*s2,1,37.61165059608582,2.4990540710681763
contour_1e-10_R4.8,0.015000000000000013,s2*s3,0,2.5998265143264643,8.346395438627606
contour_1e-10_R4.8,0.015000000000000013,s2*s3,1,-2.7062868766220225,-2.7882141184114024
contour_1e-10_R4.8,0.015000000000000013,s3*s4,0,0.8977135310656013,-0.29943313570573943
contour_1e-10_R4.8,0.015000000000000013,s3*s4,1,-0.3512759208577679,0.14623252573537304
contour_1e-10_R4.8,0.015000000000000013,s1*s4,0,-8.761874992882086,-14.629410355800703
contour_1e-10_R4.8,0.015000000000000013,s1*s4,1,5.246695841441004,6.683196590057214
contour_1e-10_R4.8,0.030000000000000027,s1*s2,0,-82.07672984063944,-27.293859065350013
contour_1e-10_R4.8,0.030000000000000027,s1*s2,1,37.61167838951881,2.4991390311785717
contour_1e-10_R4.8,0.030000000000000027,s2*s3,0,2.5998150898604813,8.346409417797227
contour_1e-10_R4.8,0.030000000000000027,s2*s3,1,-2.706282039196877,-2.7882215392622998
contour_1e-10_R4.8,0.030000000000000027,s3*s4,0,0.8977149380133611,-0.29943174075851786
contour_1e-10_R4.8,0.030000000000000027,s3*s4,1,-0.3512766878695316,0.14623192842482083
contour_1e-10_R4.8,0.030000000000000027,s1*s4,0,-8.761855758389576,-14.629442921678356
contour_1e-10_R4.8,0.030000000000000027,s1*s4,1,5.24668837734842,6.683213460727884
contour_1e-10_R4.8,0.044999999999999984,s1*s2,0,-82.07676665243454,-27.294062767406956
contour_1e-10_R4.8,0.044999999999999984,s1*s2,1,37.61170746108968,2.499236235365777
contour_1e-10_R4.8,0.044999999999999984,s2*s3,0,2.59980175157897,8.346425081974502
contour_1e-10_R4.8,0.044999999999999984,s2*s3,1,-2.706276340593632,-2.7882298816972977
contour_1e-10_R4.8,0.044999999999999984,s3*s4,0,0.8977164881749866,-0.2994301260842531
contour_1e-10_R4.8,0.044999999999999984,s3*s4,1,-0.351277535319381,0.14623123089769852
contour_1e-10_R4.8,0.044999999999999984,s1*s4,0,-8.76183291433949,-14.62947923766517
contour_1e-10_R4.8,0.044999999999999984,s1*s4,1,5.246679321550852,6.683232329663566
contour_1e-10_R4.8,0.06,s1*s2,0,-82.07680430888104,-27.294294773956864
contour_1e-10_R4.8,0.06,s1*s2,1,37.61173827422663,2.499347359033692
contour_1e-10_R4.8,0.06,s2*s3,0,2.5997862827811113,8.346442710027924
contour_1e-10_R4.8,0.06,s2*s3,1,-2.7062696801186137,-2.7882393005591113
contour_1e-10_R4.8,0.06,s3*s4,0,0.8977182059557467,-0.2994282675089609
contour_1e-10_R4.8,0.06,s3*s4,1,-0.35127847630840525,0.14623042156444777
contour_1e-10_R4.8,0.06,s1*s4,0,-8.76180608116231,-14.629519872499085
contour_1e-10_R4.8,0.06,s1*s4,1,5.246668491785092,6.683253502392164
contour_1e-10_R4.8,0.07500000000000001,s1*s2,0,-82.07680721642802,-27.29452481956804
contour_1e-10_R4.8,0.07500000000000001,s1*s2,1,37.61175336306575,2.499465382373591
contour_1e-10_R4.8,0.07500000000000001,s2*s3,0,2.5997677185830557,8.346457735667492
contour_1e-10_R4.8,0.07500000000000001,s2*s3,1,-2.7062611045675076,-2.7882482522002485
contour_1e-10_R4.8,0.07500000000000001,s3*s4,0,0.8977196314371593,-0.2994263160943869
contour_1e-10_R4.8,0.07500000000000001,s3*s4,1,-0.3512793093286991,0.14622950311818142
contour_1e-10_R4.8,0.07500000000000001,s1*s4,0,-8.761775005155311,-14.629553600950713
contour_1e-10_R4.8,0.07500000000000001,s1*s4,1,5.246654244536338,6.68327263997019
contour_1e-10_R4.8,0.08999999999999997,s1*s2,0,-82.07679350135942,-27.29481067203184
contour_1e-10_R4.8,0.08999999999999997,s1*s2,1,37.611765256865866,2.499612768878456
contour_1e-10_R4.8,0.08999999999999997,s2*s3,0,2.5997437396773484,8.34647549207946
contour_1e-10_R4.8,0.08999999999999997,s2*s3,1,-2.7062501039330957,-2.7882590457107854
contour_1e-10_R4.8,0.08999999999999997,s3*s4,0,0.8977212033455002,-0.2994237916737234
contour_1e-10_R4.8,0.08999999999999997,s3*s4,1,-0.35128026780255023,0.14622830918049412
contour_1e-10_R4.8,0.08999999999999997,s1*s4,0,-8.761732940742858,-14.629592926661678
contour_1e-10_R4.8,0.08999999999999997,s1*s4,1,5.246635020890864,6.683295629643771
contour_1e-10_R4.8,0.10499999999999998,s1*s2,0,-82.07686194686622,-27.295213830454784
contour_1e-10_R4.8,0.10499999999999998,s1*s2,1,37.61181842659681,2.49980105816711
contour_1e-10_R4.8,0.10499999999999998,s2*s3,0,2.599718128410499,8.346506867094977
contour_1e-10_R4.8,0.10499999999999998,s2*s3,1,-2.7062393591593747,-2.788275161362867
contour_1e-10_R4.8,0.10499999999999998,s3*s4,0,0.8977241230080736,-0.2994205130532346
contour_1e-10_R4.8,0.10499999999999998,s3*s4,1,-0.351281841891498,0.14622690710151656
contour_1e-10_R4.8,0.10499999999999998,s1*s4,0,-8.761684916949129,-14.629665019923646
contour_1e-10_R4.8,0.10499999999999998,s1*s4,1,5.246616204587139,6.683332260077496
contour_1e-10_R4.8,0.12,s1*s2,0,-82.07669766818105,-27.29536160025939
contour_1e-10_R4.8,0.12,s1*s2,1,37.61177032353856,2.499912506575657
contour_1e-10_R4.8,0.12,s2*s3,0,2.5996917589630097,8.34650673289769
contour_1e-10_R4.8,0.12,s2*s3,1,-2.7062264804900646,-2.7882807765685396
contour_1e-10_R4.8,0.12,s3*s4,0,0.8977234745592488,-0.29941873603202024
contour_1e-10_R4.8,0.12,s3*s4,1,-0.35128194217448266,0.14622582805948167
contour_1e-10_R4.8,0.12,s1*s4,0,-8.761639221150315,-14.629654562120349
contour_1e-10_R4.8,0.12,s1*s4,1,5.2465912123357885,6.683338361213514
contour_1e-10_R4.8,0.135,s1*s2,0,-82.0762168744156,-27.295200182866864
contour_1e-10_R4.8,0.135,s1*s2,1,37.61161011216192,2.4999274514030008
contour_1e-10_R4.8,0.135,s2*s3,0,2.5996637034639436,8.346468228284142
contour_1e-10_R4.8,0.135,s2*s3,1,-2.706213088789635,-2.7882749006687764
contour_1e-10_R4.8,0.135,s3*s4,0,0.8977179226553755,-0.29941856220093566
contour_1e-10_R4.8,0.135,s3*s4,1,-0.3512802264402991,0.14622516761411802
contour_1e-10_R4.8,0.135,s1*s4,0,-8.761585971299617,-14.62953888409359
contour_1e-10_R4.8,0.135,s1*s4,1,5.246558735982709,6.6833094655953404
contour_1e-10_R4.8,0.15000000000000002,s1*s2,0,-82.07580945835734,-27.29523465576436
contour_1e-10_R4.8,0.15000000000000002,s1*s2,1,37.61152636962059,2.5000083910510495
contour_1e-10_R4.8,0.15000000000000002,s2*s3,0,2.5996295492550185,8.34645027042872
contour_1e-10_R4.8,0.15000000000000002,s2*s3,1,-2.7062017117590487,-2.78827921032416
contour_1e-10_R4.8,0.15000000000000002,s3*s4,0,0.897713789526026,-0.29941681728222336
contour_1e-10_R4.8,0.15000000000000002,s3*s4,1,-0.35127947751872474,0.1462241868462888
contour_1e-10_R4.8,0.15000000000000002,s1*s4,0,-8.761508359075911,-14.62946717859518
contour_1e-10_R4.8,0.15000000000000002,s1*s4,1,5.246526190795396,6.683304537677834
contour_1e-10_R4.8,0.16499999999999998,s1*s2,0,-82.076080668675,-27.296226898176556
contour_1e-10_R4.8,0.16499999999999998,s1*s2,1,37.611743597944816,2.50042123821696
contour_1e-10_R4.8,0.16499999999999998,s2*s3,0,2.599578841558908,8.346538345534267
contour_1e-10_R4.8,0.16499999999999998,s2*s3,1,-2.7061876518128014,-2.788322387565287
contour_1e-10_R4.8,0.16499999999999998,s3*s4,0,0.8977213842538228,-0.29940900814557336
contour_1e-10_R4.8,0.16499999999999998,s3*s4,1,-0.35128368161827234,0.14622145490028274
contour_1e-10_R4.8,0.16499999999999998,s1*s4,0,-8.761395550826494,-14.629664541466374
contour_1e-10_R4.8,0.16499999999999998,s1*s4,1,5.246496945450106,6.683403453763931
contour_1e-10_R4.8,0.18,s1*s2,0,-82.07729991746938,-27.298585593552815
contour_1e-10_R4.8,0.18,s1*s2,1,37.6122876805339,2.5013437299636445
contour_1e-10_R4.8,0.18,s2*s3,0,2.599497099653559,8.346771327957157
contour_1e-10_R4.8,0.18,s2*s3,1,-2.706156730512698,-2.7884150033482094
contour_1e-10_R4.8,0.18,s3*s4,0,0.8977462159083157,-0.2993927203082056
contour_1e-10_R4.8,0.18,s3*s4,1,-0.35129445310968743,0.14621558536143262
contour_1e-10_R4.8,0.18,s1*s4,0,-8.761242818322444,-14.63023887716751
contour_1e-10_R4.8,0.18,s1*s4,1,5.246456156220998,6.683636556134077
contour_1e-10_R4.8,0.195,s1*s2,0,-82.0789335188095,-27.30177062980973
contour_1e-10_R4.8,0.195,s1*s2,1,37.61287590082288,2.5026359751445004
contour_1e-10_R4.8,0.195,s2*s3,0,2.599379379249077,8.347078440071424
contour_1e-10_R4.8,0.195,s2*s3,1,-2.7060976633331797,-2.7885309233973032
contour_1e-10_R4.8,0.195,s3*s4,0,0.8977804774732,-0.29937089835154457
contour_1e-10_R4.8,0.195,s3*s4,1,-0.3513082329015087,0.14620670372460742
contour_1e-10_R4.8,0.195,s1*s4,0,-8.761050871529084,-14.631009705899917
contour_1e-10_R4.8,0.195,s1*s4,1,5.246377968021765,6.683932195177485
contour_1e-10_R4.8,0.20999999999999996,s1*s2,0,-82.07975713879092,-27.304126759401054
contour_1e-10_R4.8,0.20999999999999996,s1*s2,1,37.61309472696099,2.503697668735506
contour_1e-10_R4.8,0.20999999999999996,s2*s3,0,2.599258403700411,8.347280175782457
contour_1e-10_R4.8,0.20999999999999996,s2*s3,1,-2.7060288181204717,-2.7886108485636267
contour_1e-10_R4.8,0.20999999999999996,s3*s4,0,0.8978024528676916,-0.29935345142449393
contour_1e-10_R4.8,0.20999999999999996,s3*s4,1,-0.351316919838168,0.14619836125451047
contour_1e-10_R4.8,0.20999999999999996,s1*s4,0,-8.760853805355158,-14.631507734027211
contour_1e-10_R4.8,0.20999999999999996,s1*s4,1,5.246269644621054,6.68412761849908
contour_1e-10_R4.8,0.22499999999999998,s1*s2,0,-82.07895741388366,-27.30384990548027
contour_1e-10_R4.8,0.22499999999999998,s1*s2,1,37.61286375019623,2.503730388640346
contour_1e-10_R4.8,0.22499999999999998,s2*s3,0,2.5992166463336606,8.347218234394008
contour_1e-10_R4.8,0.22499999999999998,s2*s3,1,-2.7060104993669682,-2.7886048895779894
contour_1e-10_R4.8,0.22499999999999998,s3*s4,0,0.89779275160064,-0.29935300096567613
contour_1e-10_R4.8,0.22499999999999998,s3*s4,1,-0.3513142767232868,0.14619723670389276
contour_1e-10_R4.8,0.22499999999999998,s1*s4,0,-8.760758167700125,-14.631317611322697
contour_1e-10_R4.8,0.22499999999999998,s1*s4,1,5.246216714347947,6.684088529725287
contour_1e-10_R4.8,0.24,s1*s2,0,-82.0779529719568,-27.30272554066488
contour_1e-10_R4.8,0.24,s1*s2,1,37.6127467664825,2.5033386541483633
contour_1e-10_R4.8,0.24,s2*s3,0,2.599228768766958,8.347096043285555
contour_1e-10_R4.8,0.24,s2*s3,1,-2.706035956998022,-2.7885832267548896
contour_1e-10_R4.8,0.24,s3*s4,0,0.8977753167353915,-0.29935923113549284
contour_1e-10_R4.8,0.24,s3*s4,1,-0.35130974814152705,0.14620038948148045
contour_1e-10_R4.8,0.24,s1*s4,0,-8.760734963346732,-14.630962485995816
contour_1e-10_R4.8,0.24,s1*s4,1,5.24623315560673,6.684003922673531
contour_3e-13_R4.8,-0.24,s1*s2,0,-82.0766975091485,-27.293812509509028
contour_3e-13_R4.8,-0.24,s1*s2,1,37.611662114879316,2.4991203563644078
contour_3e-13_R4.8,-0.24,s2*s3,0,2.5998160500957335,8.346404260436055
contour_3e-13_R4.8,-0.24,s2*s3,1,-2.706282273404299,-2.7882193400876703
contour_3e-13_R4.8,-0.24,s3*s4,0,0.8977143730846375,-0.2994320274174781
contour_3e-13_R4.8,-0.24,s3*s4,1,-0.351276418487849,0.1462320245148887
contour_3e-13_R4.8,-0.24,s1*s4,0,-8.761857531222867,-14.629430157069915
contour_3e-13_R4.8,-0.24,s1*s4,1,5.246688342366766,6.683207835879858
contour_3e-13_R4.8,-0.22499999999999998,s1*s2,0,-82.07669743397945,-27.293814081002346
contour_3e-13_R4.8,-0.22499999999999998,s1*s2,1,37.6116622216879,2.4991209892651987
contour_3e-13_R4.8,-0.22499999999999998,s2*s3,0,2.599815990134926,8.346404414768092
contour_3e-13_R4.8,-0.22499999999999998,s2*s3,1,-2.7062822696185185,-2.7882194006270913
contour_3e-13_R4.8,-0.22499999999999998,s3*s4,0,0.8977143736807932,-0.29943201012020615
contour_3e-13_R4.8,-0.22499999999999998,s3*s4,1,-0.35127642044271945,0.14623201682819978
contour_3e-13_R4.8,-0.22499999999999998,s1*s4,0,-8.761857143176817,-14.629430420726262
contour_3e-13_R4.8,-0.22499999999999998,s1*s4,1,5.246688212896803,6.683207990893128
contour_3e-13_R4.8,-0.21,s1*s2,0,-82.0766977508392,-27.293812752115375
contour_3e-13_R4.8,-0.21,s1*s2,1,37.61166224543812,2.499120456147338
contour_3e-13_R4.8,-0.21,s2*s3,0,2.5998160544496063,8.346404298684003
contour_3e-13_R4.8,-0.21,s2*s3,1,-2.7062822785892893,-2.788219356832358
contour_3e-13_R4.8,-0.21,s3*s4,0,0.8977143759944465,-0.29943202622340565
contour_3e-13_R4.8,-0.21,s3*s4,1,-0.35127642001523524,0.1462320240273226
contour_3e-13_R4.8,-0.21,s1*s4,0,-8.761857519914532,-14.629430234886355
contour_3e-13_R4.8,-0.21,s1*s4,1,5.246688343041912,6.683207875756587
contour_3e-13_R4.8,-0.195,s1*s2,0,-82.07669796614762,-27.293811786241683
contour_3e-13_R4.8,-0.195,s1*s2,1,37.611662267643794,2.4991200654691372
contour_3e-13_R4.8,-0.195,s2*s3,0,2.5998161026618996,8.346404224999183
contour_3e-13_R4.8,-0.195,s2*s3,1,-2.7062822888163427,-2.7882193295856714
contour_3e-13_R4.8,-0.195,s3*s4,0,0.8977143764379723,-0.2994320381792435
contour_3e-13_R4.8,-0.195,s3*s4,1,-0.3512764192162142,0.14623202925647583
contour_3e-13_R4.8,-0.195,s1*s4,0,-8.761857771590032,-14.62943008913022
contour_3e-13_R4.8,-0.195,s1*s4,1,5.2466884291433615,6.683207792386961
contour_3e-13_R4.8,-0.18,s1*s2,0,-82.07669799973415,-27.293812714129956
contour_3e-13_R4.8,-0.18,s1*s2,1,37.61166234362888,2.4991204566430474
contour_3e-13_R4.8,-0.18,s2*s3,0,2.5998160663505177,8.346404303694149
contour_3e-13_R4.8,-0.18,s2*s3,1,-2.7062822803474216,-2.7882193609749173
contour_3e-13_R4.8,-0.18,s3*s4,0,0.897714379299376,-0.2994320280742146
contour_3e-13_R4.8,-0.18,s3*s4,1,-0.35127642139249277,0.14623202481919617
contour_3e-13_R4.8,-0.18,s1*s4,0,-8.76185758741084,-14.629430266045706
contour_3e-13_R4.8,-0.18,s1*s4,1,5.246688367546851,6.68320788663116
contour_3e-13_R4.8,-0.16499999999999998,s1*s2,0,-82.07669809446548,-27.293813051459658
contour_3e-13_R4.8,-0.16499999999999998,s1*s2,1,37.61166240263763,2.4991206049096295
contour_3e-13_R4.8,-0.16499999999999998,s2*s3,0,2.5998160555201624,8.346404333972728
contour_3e-13_R4.8,-0.16499999999999998,s2*s3,1,-2.7062822769002897,-2.7882193737597936
contour_3e-13_R4.8,-0.16499999999999998,s3*s4,0,0.8977143816031551,-0.299432024924123
contour_3e-13_R4.8,-0.16499999999999998,s3*s4,1,-0.3512764227068614,0.14623202343406463
contour_3e-13_R4.8,-0.16499999999999998,s1*s4,0,-8.761857542805249,-14.629430342528071
contour_3e-13_R4.8,-0.16499999999999998,s1*s4,1,5.246688353107595,6.683207924903725
contour_3e-13_R4.8,-0.15,s1*s2,0,-82.07669873438819,-27.29381605620257
contour_3e-13_R4.8,-0.15,s1*s2,1,37.6116630607675,2.4991216803310876
contour_3e-13_R4.8,-0.15,s2*s3,0,2.5998159781310037,8.346404697989858
contour_3e-13_R4.8,-0.15,s2*s3,1,-2.706282305278744,-2.788219520128675
contour_3e-13_R4.8,-0.15,s3*s4,0,0.897714389623348,-0.29943199796512754
contour_3e-13_R4.8,-0.15,s3*s4,1,-0.3512764295241805,0.14623201314229595
contour_3e-13_R4.8,-0.15,s1*s4,0,-8.761856920348595,-14.629430929510917
contour_3e-13_R4.8,-0.15,s1*s4,1,5.246688191054264,6.683208254931121
contour_3e-13_R4.8,-0.135,s1*s2,0,-82.07670510302299,-27.29384778658372
contour_3e-13_R4.8,-0.135,s1*s2,1,37.61166975551305,2.499132995159692
contour_3e-13_R4.8,-0.135,s2*s3,0,2.5998151109072616,8.346408384274199
contour_3e-13_R4.8,-0.135,s2*s3,1,-2.706282555732487,-2.788220997024586
contour_3e-13_R4.8,-0.135,s3*s4,0,0.8977144826829183,-0.29943170715701023
contour_3e-13_R4.8,-0.135,s3*s4,1,-0.3512765045373893,0.14623190419876914
contour_3e-13_R4.8,-0.135,s1*s4,0,-8.761850501702872,-14.629437167439011
contour_3e-13_R4.8,-0.135,s1*s4,1,5.246686552205211,6.683211692301796
contour_3e-13_R4.8,-0.12,s1*s2,0,-82.07670293429675,-27.29383574890491
contour_3e-13_R4.8,-0.12,s1*s2,1,37.61166727999067,2.4991287501496493
contour_3e-13_R4.8,-0.12,s2*s3,0,2.5998154028718488,8.34640692200115
contour_3e-13_R4.8,-0.12,s2*s3,1,-2.706282424788765,-2.7882204206482903
contour_3e-13_R4.8,-0.12,s3*s4,0,0.8977144589626848,-0.2994318195609844
contour_3e-13_R4.8,-0.12,s3*s4,1,-0.35127648062459066,0.14623194742366943
contour_3e-13_R4.8,-0.12,s1*s4,0,-8.761853150149298,-14.629434843061016
contour_3e-13_R4.8,-0.12,s1*s4,1,5.246687249618912,6.683210375773734
contour_3e-13_R4.8,-0.10499999999999998,s1*s2,0,-82.0766958311355,-27.293801145240785
contour_3e-13_R4.8,-0.10499999999999998,s1*s2,1,37.61166045484914,2.4991161464199774
contour_3e-13_R4.8,-0.10499999999999998,s2*s3,0,2.599816404192028,8.34640322094793
contour_3e-13_R4.8,-0.10499999999999998,s2*s3,1,-2.7062822925893535,-2.788218950443047
contour_3e-13_R4.8,-0.10499999999999998,s3*s4,0,0.8977143252884469,-0.2994321454699773
contour_3e-13_R4.8,-0.10499999999999998,s3*s4,1,-0.35127638726139127,0.14623206939509328
contour_3e-13_R4.8,-0.10499999999999998,s1*s4,0,-8.761859572500295,-14.629427775256348
contour_3e-13_R4.8,-0.10499999999999998,s1*s4,1,5.246688876856363,6.683206662898113
contour_3e-13_R4.8,-0.09,s1*s2,0,-82.07669346551079,-27.29378956581131
contour_3e-13_R4.8,-0.09,s1*s2,1,37.61165839997186,2.4991118138986623
contour_3e-13_R4.8,-0.09,s2*s3,0,2.599816796987896,8.34640212420485
contour_3e-13_R4.8,-0.09,s2*s3,1,-2.7062823217072793,-2.7882185149793175
contour_3e-13_R4.8,-0.09,s3*s4,0,0.8977142662441017,-0.29943225629709813
contour_3e-13_R4.8,-0.09,s3*s4,1,-0.35127635122879985,0.14623211054145202
contour_3e-13_R4.8,-0.09,s1*s4,0,-8.761861458062665,-14.629425351123666
contour_3e-13_R4.8,-0.09,s1*s4,1,5.246689353403715,6.683205461163738
contour_3e-13_R4.8,-0.07500000000000001,s1*s2,0,-82.07669649273414,-27.29380361345576
contour_3e-13_R4.8,-0.07500000000000001,s1*s2,1,37.61166108014671,2.49911706306018
contour_3e-13_R4.8,-0.07500000000000001,s2*s3,0,2.599816362004906,8.346403536246967
contour_3e-13_R4.8,-0.07500000000000001,s2*s3,1,-2.7062823249050054,-2.7882190794535253
contour_3e-13_R4.8,-0.07500000000000001,s3*s4,0,0.8977143320377856,-0.29943212334034186
contour_3e-13_R4.8,-0.07500000000000001,s3*s4,1,-0.35127639352680873,0.14623206063928348
contour_3e-13_R4.8,-0.07500000000000001,s1*s4,0,-8.761859060280093,-14.629428289211848
contour_3e-13_R4.8,-0.07500000000000001,s1*s4,1,5.246688745405527,6.683206959861208
contour_3e-13_R4.8,-0.06,s1*s2,0,-82.07669885190413,-27.293815031194256
contour_3e-13_R4.8,-0.06,s1*s2,1,37.61166306641429,2.4991214387461254
contour_3e-13_R4.8,-0.06,s2*s3,0,2.599815956424385,8.34640459419211
contour_3e-13_R4.8,-0.06,s2*s3,1,-2.7062822727296605,-2.7882195058975654
contour_3e-13_R4.8,-0.06,s3*s4,0,0.8977143935666092,-0.2994320147242223
contour_3e-13_R4.8,-0.06,s3*s4,1,-0.35127643045396545,0.14623201969240707
contour_3e-13_R4.8,-0.06,s1*s4,0,-8.761857263018426,-14.629430679997407
contour_3e-13_R4.8,-0.06,s1*s4,1,5.246688277598248,6.683208142567438
contour_3e-13_R4.8,-0.044999999999999984,s1*s2,0,-82.07669876211962,-27.29381379501777
contour_3e-13_R4.8,-0.044999999999999984,s1*s2,1,37.61166295482547,2.4991209571325976
contour_3e-13_R4.8,-0.044999999999999984,s2*s3,0,2.599816012340873,8.34640450024536
contour_3e-13_R4.8,-0.044999999999999984,s2*s3,1,-2.7062822877170585,-2.7882194699889444
contour_3e-13_R4.8,-0.044999999999999984,s3*s4,0,0.8977143876672163,-0.2994320276922821
contour_3e-13_R4.8,-0.044999999999999984,s3*s4,1,-0.351276427006008,0.14623202475437044
contour_3e-13_R4.8,-0.044999999999999984,s1*s4,0,-8.761857469851638,-14.62943043856915
contour_3e-13_R4.8,-0.044999999999999984,s1*s4,1,5.246688338812359,6.683208028155598
contour_3e-13_R4.8,-0.03,s1*s2,0,-82.07669937873884,-27.293815686752723
contour_3e-13_R4.8,-0.03,s1*s2,1,37.61166334060838,2.499121687146119
contour_3e-13_R4.8,-0.03,s2*s3,0,2.599815954646662,8.346404672687681
contour_3e-13_R4.8,-0.03,s2*s3,1,-2.7062822762974816,-2.788219538075353
contour_3e-13_R4.8,-0.03,s3*s4,0,0.8977144017983926,-0.29943201050412904
contour_3e-13_R4.8,-0.03,s3*s4,1,-0.3512764345452134,0.14623201842618166
contour_3e-13_R4.8,-0.03,s1*s4,0,-8.761857241142947,-14.629430880031867
contour_3e-13_R4.8,-0.03,s1*s4,1,5.246688286034447,6.683208231480567
contour_3e-13_R4.8,-0.015000000000000013,s1*s2,0,-82.07669948638637,-27.29381621053558
contour_3e-13_R4.8,-0.015000000000000013,s1*s2,1,37.61166342376372,2.4991219365755892
contour_3e-13_R4.8,-0.015000000000000013,s2*s3,0,2.599815921171715,8.346404713368843
contour_3e-13_R4.8,-0.015000000000000013,s2*s3,1,-2.706282262186892,-2.7882195597737973
contour_3e-13_R4.8,-0.015000000000000013,s3*s4,0,0.8977144059454485,-0.29943200639802675
contour_3e-13_R4.8,-0.015000000000000013,s3*s4,1,-0.3512764368272522,0.14623201667062613
contour_3e-13_R4.8,-0.015000000000000013,s1*s4,0,-8.76185718527294,-14.629430975869651
contour_3e-13_R4.8,-0.015000000000000013,s1*s4,1,5.246688264678722,6.683208281438923
contour_3e-13_R4.8,0.0,s1*s2,0,-82.07669959566576,-27.293816804244745
contour_3e-13_R4.8,0.0,s1*s2,1,37.61166351138235,2.499122220045349
contour_3e-13_R4.8,0.0,s2*s3,0,2.599815882426312,8.346404758840983
contour_3e-13_R4.8,0.0,s2*s3,1,-2.7062822457354456,-2.7882195840925217
contour_3e-13_R4.8,0.0,s3*s4,0,0.8977144105054665,-0.29943200169896433
contour_3e-13_R4.8,0.0,s3*s4,1,-0.3512764393414078,0.14623201464759303
contour_3e-13_R4.8,0.0,s1*s4,0,-8.761857119432646,-14.629431082348711
contour_3e-13_R4.8,0.0,s1*s4,1,5.246688239033767,6.6832083370844355
contour_3e-13_R4.8,0.015000000000000013,s1*s2,0,-82.07669970495705,-27.293817471776226
contour_3e-13_R4.8,0.015000000000000013,s1*s2,1,37.61166360279915,2.499122540249883
contour_3e-13_R4.8,0.015000000000000013,s2*s3,0,2.599815837836496,8.346404809241855
contour_3e-13_R4.8,0.015000000000000013,s2*s3,1,-2.7062822266256563,-2.7882196111963227
contour_3e-13_R4.8,0.015000000000000013,s3*s4,0,0.8977144154947242,-0.2994319963603169
contour_3e-13_R4.8,0.015000000000000013,s3*s4,1,-0.35127644209877656,0.14623201233030367
contour_3e-13_R4.8,0.015000000000000013,s1*s4,0,-8.761857043051547,-14.629431199581068
contour_3e-13_R4.8,0.015000000000000013,s1*s4,1,5.246688208649668,6.683208398587584
contour_3e-13_R4.8,0.030000000000000027,s1*s2,0,-82.0766998171232,-27.293818233656907
contour_3e-13_R4.8,0.030000000000000027,s1*s2,1,37.61166370044603,2.499122906481713
contour_3e-13_R4.8,0.030000000000000027,s2*s3,0,2.599815786163546,8.346404866181178
contour_3e-13_R4.8,0.030000000000000027,s2*s3,1,-2.7062822043712,-2.7882196418770513
contour_3e-13_R4.8,0.030000000000000027,s3*s4,0,0.8977144210424012,-0.2994319901974496
contour_3e-13_R4.8,0.030000000000000027,s3*s4,1,-0.35127644517203765,0.14623200964111555
contour_3e-13_R4.8,0.030000000000000027,s1*s4,0,-8.761856953426713,-14.629431331268485
contour_3e-13_R4.8,0.030000000000000027,s1*s4,1,5.246688172510219,6.683208467801536
contour_3e-13_R4.8,0.044999999999999984,s1*s2,0,-82.07669771678897,-27.293816190687085
contour_3e-13_R4.8,0.044999999999999984,s1*s2,1,37.61166260464091,2.4991224230360944
contour_3e-13_R4.8,0.044999999999999984,s2*s3,0,2.599815730830793,8.346404566784937
contour_3e-13_R4.8,0.044999999999999984,s2*s3,1,-2.7062821392684153,-2.788219539395866
contour_3e-13_R4.8,0.044999999999999984,s3*s4,0,0.897714394351638,-0.2994320023122886
contour_3e-13_R4.8,0.044999999999999984,s3*s4,1,-0.35127643291285077,0.14623201078287545
contour_3e-13_R4.8,0.044999999999999984,s1*s4,0,-8.761857013191465,-14.629430616976663
contour_3e-13_R4.8,0.044999999999999984,s1*s4,1,5.246688088524614,6.683208179347764
contour_3e-13_R4.8,0.06,s1*s2,0,-82.07669838402224,-27.293819513460825
contour_3e-13_R4.8,0.06,s1*s2,1,37.61166312459799,2.499123832684215
contour_3e-13_R4.8,0.06,s2*s3,0,2.5998155541493064,8.346404839110566
contour_3e-13_R4.8,0.06,s2*s3,1,-2.7062820795054816,-2.7882196654637172
contour_3e-13_R4.8,0.06,s3*s4,0,0.8977144175784593,-0.2994319738458105
contour_3e-13_R4.8,0.06,s3*s4,1,-0.35127644552952525,0.14623199974873566
contour_3e-13_R4.8,0.06,s1*s4,0,-8.761856596011494,-14.629431260576034
contour_3e-13_R4.8,0.06,s1*s4,1,5.2466879587806465,6.683208493759483
contour_3e-13_R4.8,0.07500000000000001,s1*s2,0,-82.07668722196196,-27.29379354945149
contour_3e-13_R4.8,0.07500000000000001,s1*s2,1,37.611657123533355,2.4991140409739425
contour_3e-13_R4.8,0.07500000000000001,s2*s3,0,2.5998164241835506,8.346402395388093
contour_3e-13_R4.8,0.07500000000000001,s2*s3,1,-2.706282305091415,-2.7882186918106977
contour_3e-13_R4.8,0.07500000000000001,s3*s4,0,0.8977141769170409,-0.2994321786496795
contour_3e-13_R4.8,0.07500000000000001,s3*s4,1,-0.35127633097921396,0.14623206933524507
contour_3e-13_R4.8,0.07500000000000001,s1*s4,0,-8.761858876710335,-14.629425055521653
contour_3e-13_R4.8,0.07500000000000001,s1*s4,1,5.246688408374953,6.68320583069635
contour_3e-13_R4.8,0.08999999999999997,s1*s2,0,-82.07667259076659,-27.2937573567232
contour_3e-13_R4.8,0.08999999999999997,s1*s2,1,37.61165019664359,2.49909979125315
contour_3e-13_R4.8,0.08999999999999997,s2*s3,0,2.599817817014774,8.346399199907044
contour_3e-13_R4.8,0.08999999999999997,s2*s3,1,-2.7062828362051903,-2.7882174370543056
contour_3e-13_R4.8,0.08999999999999997,s3*s4,0,0.8977138325186578,-0.2994324659130959
contour_3e-13_R4.8,0.08999999999999997,s3*s4,1,-0.35127617450142806,0.14623217501986094
contour_3e-13_R4.8,0.08999999999999997,s1*s4,0,-8.761861868433662,-14.629416571233518
contour_3e-13_R4.8,0.08999999999999997,s1*s4,1,5.246689213637693,6.683202314520959
contour_3e-13_R4.8,0.10499999999999998,s1*s2,0,-82.07668952809105,-27.293797915062616
contour_3e-13_R4.8,0.10499999999999998,s1*s2,1,37.61166066434909,2.4991147203264528
contour_3e-13_R4.8,0.10499999999999998,s2*s3,0,2.5998164207428203,8.346403160088641
contour_3e-13_R4.8,0.10499999999999998,s2*s3,1,-2.7062826174990433,-2.7882190926197823
contour_3e-13_R4.8,0.10499999999999998,s3*s4,0,0.8977141890407212,-0.2994321518086088
contour_3e-13_R4.8,0.10499999999999998,s3*s4,1,-0.35127635324186235,0.14623207647689912
contour_3e-13_R4.8,0.10499999999999998,s1*s4,0,-8.761857969237798,-14.629426000359821
contour_3e-13_R4.8,0.10499999999999998,s1*s4,1,5.246688584207769,6.683206549571662
contour_3e-13_R4.8,0.12,s1*s2,0,-82.07673723196528,-27.293926902305174
contour_3e-13_R4.8,0.12,s1*s2,1,37.61168537616073,2.4991654781954944
contour_3e-13_R4.8,0.12,s2*s3,0,2.5998110235201195,8.346414596816144
contour_3e-13_R4.8,0.12,s2*s3,1,-2.7062807452843116,-2.788223755787861
contour_3e-13_R4.8,0.12,s3*s4,0,0.8977153508422065,-0.29943113222142737
contour_3e-13_R4.8,0.12,s3*s4,1,-0.3512768941840736,0.1462317075656938
contour_3e-13_R4.8,0.12,s1*s4,0,-8.761846212715888,-14.629454992227581
contour_3e-13_R4.8,0.12,s1*s4,1,5.246685423900898,6.683218909518084
contour_3e-13_R4.8,0.135,s1*s2,0,-82.07674987407296,-27.293971109119475
contour_3e-13_R4.8,0.135,s1*s2,1,37.611690099472504,2.499184378465733
contour_3e-13_R4.8,0.135,s2*s3,0,2.599808687301537,8.346418057674796
contour_3e-13_R4.8,0.135,s2*s3,1,-2.7062796065134167,-2.7882251491332557
contour_3e-13_R4.8,0.135,s3*s4,0,0.8977157418165194,-0.2994307738240419
contour_3e-13_R4.8,0.135,s3*s4,1,-0.3512770624970523,0.1462315568286637
contour_3e-13_R4.8,0.135,s1*s4,0,-8.761842130508649,-14.62946421676254
contour_3e-13_R4.8,0.135,s1*s4,1,5.246683723404489,6.683222650411539
contour_3e-13_R4.8,0.15000000000000002,s1*s2,0,-82.07670636172759,-27.293834354792665
contour_3e-13_R4.8,0.15000000000000002,s1*s2,1,37.61166875940765,2.4991290090515514
contour_3e-13_R4.8,0.15000000000000002,s2*s3,0,2.599815116961384,8.34640654000728
contour_3e-13_R4.8,0.15000000000000002,s2*s3,1,-2.7062821439716624,-2.7882204491321008
contour_3e-13_R4.8,0.15000000000000002,s3*s4,0,0.8977145562040852,-0.29943187808795846
contour_3e-13_R4.8,0.15000000000000002,s3*s4,1,-0.35127652027098616,0.14623197897189208
contour_3e-13_R4.8,0.15000000000000002,s1*s4,0,-8.76185531193282,-14.629434785578852
contour_3e-13_R4.8,0.15000000000000002,s1*s4,1,5.246687951542212,6.6832102061734835
contour_3e-13_R4.8,0.16499999999999998,s1*s2,0,-82.0767054271237,-27.293837025796105
contour_3e-13_R4.8,0.16499999999999998,s1*s2,1,37.611668969977885,2.499130350846172
contour_3e-13_R4.8,0.16499999999999998,s2*s3,0,2.5998148404122254,8.346406684156586
contour_3e-13_R4.8,0.16499999999999998,s2*s3,1,-2.706282058751467,-2.7882205720677855
contour_3e-13_R4.8,0.16499999999999998,s3*s4,0,0.8977145603401707,-0.29943185166404823
contour_3e-13_R4.8,0.16499999999999998,s3*s4,1,-0.3512765281222731,0.14623196877674066
contour_3e-13_R4.8,0.16499999999999998,s1*s4,0,-8.761854738144134,-14.629434996613902
contour_3e-13_R4.8,0.16499999999999998,s1*s4,1,5.246687758808392,6.683210424999456
contour_3e-13_R4.8,0.18,s1*s2,0,-82.07670096915275,-27.29384088902805
contour_3e-13_R4.8,0.18,s1*s2,1,37.61166805289543,2.4991328102861847
contour_3e-13_R4.8,0.18,s2*s3,0,2.5998142083783637,8.346406674215
contour_3e-13_R4.8,0.18,s2*s3,1,-2.7062818085889817,-2.7882207032915876
contour_3e-13_R4.8,0.18,s3*s4,0,0.8977145383009448,-0.2994317988324477
contour_3e-13_R4.8,0.18,s3*s4,1,-0.35127653081180904,0.14623194356002317
contour_3e-13_R4.8,0.18,s1*s4,0,-8.761853440332029,-14.629434793475204
contour_3e-13_R4.8,0.18,s1*s4,1,5.246687209431877,6.683210620339512
contour_3e-13_R4.8,0.195,s1*s2,0,-82.07668757671078,-27.293846112227673
contour_3e-13_R4.8,0.195,s1*s2,1,37.61166494453404,2.4991370213536244
contour_3e-13_R4.8,0.195,s2*s3,0,2.5998128297705905,8.346406220650232
contour_3e-13_R4.8,0.195,s2*s3,1,-2.7062812896610517,-2.7882208522259972
contour_3e-13_R4.8,0.195,s3*s4,0,0.8977144343668233,-0.2994316941838171
contour_3e-13_R4.8,0.195,s3*s4,1,-0.35127651771050816,0.1462318926168828
contour_3e-13_R4.8,0.195,s1*s4,0,-8.761850435028398,-14.629433271951598
contour_3e-13_R4.8,0.195,s1*s4,1,5.246685964526202,6.683210705536214
contour_3e-13_R4.8,0.20999999999999996,s1*s2,0,-82.07671247674004,-27.293861679692128
contour_3e-13_R4.8,0.20999999999999996,s1*s2,1,37.6116748662573,2.499140101895705
contour_3e-13_R4.8,0.20999999999999996,s2*s3,0,2.599813556235014,8.34640890664964
contour_3e-13_R4.8,0.20999999999999996,s2*s3,1,-2.706281765841649,-2.7882216646535256
contour_3e-13_R4.8,0.20999999999999996,s3*s4,0,0.8977147530303388,-0.29943166364690815
contour_3e-13_R4.8,0.20999999999999996,s3*s4,1,-0.35127663357462957,0.14623191024014776
contour_3e-13_R4.8,0.20999999999999996,s1*s4,0,-8.761852012715845,-14.629439868891133
contour_3e-13_R4.8,0.20999999999999996,s1*s4,1,5.246687173990669,6.683212840680307
contour_3e-13_R4.8,0.22499999999999998,s1*s2,0,-82.07674584828993,-27.293875108387816
contour_3e-13_R4.8,0.22499999999999998,s1*s2,1,37.6116853531403,2.4991417291250313
contour_3e-13_R4.8,0.22499999999999998,s2*s3,0,2.5998149694627974,8.346411917376203
contour_3e-13_R4.8,0.22499999999999998,s2*s3,1,-2.7062823373171807,-2.788222362992999
contour_3e-13_R4.8,0.22499999999999998,s3*s4,0,0.8977151517733838,-0.2994316951860545
contour_3e-13_R4.8,0.22499999999999998,s3*s4,1,-0.3512767537468606,0.14623194565293876
contour_3e-13_R4.8,0.22499999999999998,s1*s4,0,-8.761855478892276,-14.629447502572084
contour_3e-13_R4.8,0.22499999999999998,s1*s4,1,5.246688823298329,6.683214823660965
contour_3e-13_R4.8,0.24,s1*s2,0,-82.07671304535175,-27.29387219098765
contour_3e-13_R4.8,0.24,s1*s2,1,37.6116761798296,2.4991451468074195
contour_3e-13_R4.8,0.24,s2*s3,0,2.599812784278983,8.346409655484877
contour_3e-13_R4.8,0.24,s2*s3,1,-2.706281465573819,-2.7882221080769707
contour_3e-13_R4.8,0.24,s3*s4,0,0.8977148174342572,-0.29943157428638517
contour_3e-13_R4.8,0.24,s3*s4,1,-0.35127667331458795,0.14623187337202434
contour_3e-13_R4.8,0.24,s1*s4,0,-8.761850567325965,-14.629441513197223
contour_3e-13_R4.8,0.24,s1*s4,1,5.246686628825979,6.683213778042767
balanced_contour_1e-08_R4.8,-0.24,s1*s2,0,-82.07669255851144,-27.29381205848722
balanced_contour_1e-08_R4.8,-0.24,s1*s2,1,37.611660338779544,2.4991206739848195
balanced_contour_1e-08_R4.8,-0.24,s2*s3,0,2.599815414553652,8.346404080028577
balanced_contour_1e-08_R4.8,-0.24,s2*s3,1,-2.70628203667576,-2.7882193869263427
balanced_contour_1e-08_R4.8,-0.24,s3*s4,0,0.8977143230973392,-0.29943204238928767
balanced_contour_1e-08_R4.8,-0.24,s3*s4,1,-0.35127639531213123,0.14623202694708332
balanced_contour_1e-08_R4.8,-0.24,s1*s4,0,-8.761856868086356,-14.629428635757126
balanced_contour_1e-08_R4.8,-0.24,s1*s4,1,5.246687889154912,6.683207321438896
balanced_contour_1e-08_R4.8,-0.22499999999999998,s1*s2,0,-82.07669285352665,-27.293813583003796
balanced_contour_1e-08_R4.8,-0.22499999999999998,s1*s2,1,37.61166063829686,2.49912137677474
balanced_contour_1e-08_R4.8,-0.22499999999999998,s2*s3,0,2.5998153492358256,8.346404233231315
balanced_contour_1e-08_R4.8,-0.22499999999999998,s2*s3,1,-2.706282023157086,-2.7882194623721896
balanced_contour_1e-08_R4.8,-0.22499999999999998,s3*s4,0,0.8977143304615306,-0.29943202921296086
balanced_contour_1e-08_R4.8,-0.22499999999999998,s3*s4,1,-0.3512764005401755,0.1462320209687288
balanced_contour_1e-08_R4.8,-0.22499999999999998,s1*s4,0,-8.761856615422394,-14.629428923823307
balanced_contour_1e-08_R4.8,-0.22499999999999998,s1*s4,1,5.246687802633301,6.683207494266205
balanced_contour_1e-08_R4.8,-0.21,s1*s2,0,-82.07669204729729,-27.293811359913597
balanced_contour_1e-08_R4.8,-0.21,s1*s2,1,37.61166012390787,2.4991204900609945
balanced_contour_1e-08_R4.8,-0.21,s2*s3,0,2.5998154278044114,8.346404009636602
balanced_contour_1e-08_R4.8,-0.21,s2*s3,1,-2.706282038752474,-2.788219366975397
balanced_contour_1e-08_R4.8,-0.21,s3*s4,0,0.8977143136152058,-0.29943204690272396
balanced_contour_1e-08_R4.8,-0.21,s3*s4,1,-0.35127639152761736,0.14623202756786738
balanced_contour_1e-08_R4.8,-0.21,s1*s4,0,-8.76185687701063,-14.629428432054276
balanced_contour_1e-08_R4.8,-0.21,s1*s4,1,5.246687868508355,6.683207257067698
balanced_contour_1e-08_R4.8,-0.195,s1*s2,0,-82.07669235344848,-27.29381179901445
balanced_contour_1e-08_R4.8,-0.195,s1*s2,1,37.61166033377206,2.499120730206568
balanced_contour_1e-08_R4.8,-0.195,s2*s3,0,2.599815412724961,8.34640406446091
balanced_contour_1e-08_R4.8,-0.195,s2*s3,1,-2.7062820344481193,-2.7882193995450493
balanced_contour_1e-08_R4.8,-0.195,s3*s4,0,0.8977143187254046,-0.29943204499580767
balanced_contour_1e-08_R4.8,-0.195,s3*s4,1,-0.35127639470280353,0.14623202664178542
balanced_contour_1e-08_R4.8,-0.195,s1*s4,0,-8.761856857788219,-14.629428537420038
balanced_contour_1e-08_R4.8,-0.195,s1*s4,1,5.246687864177823,6.683207323179247
balanced_contour_1e-08_R4.8,-0.18,s1*s2,0,-82.07669460645151,-27.29381329883505
balanced_contour_1e-08_R4.8,-0.18,s1*s2,1,37.61166157928544,2.499121423308467
balanced_contour_1e-08_R4.8,-0.18,s2*s3,0,2.5998154220379948,8.346404322971068
balanced_contour_1e-08_R4.8,-0.18,s2*s3,1,-2.7062820511282237,-2.7882195364986004
balanced_contour_1e-08_R4.8,-0.18,s3*s4,0,0.8977143495557048,-0.29943204599542417
balanced_contour_1e-08_R4.8,-0.18,s3*s4,1,-0.35127641066479615,0.1462320284498866
balanced_contour_1e-08_R4.8,-0.18,s1*s4,0,-8.761857024111446,-14.629429065789306
balanced_contour_1e-08_R4.8,-0.18,s1*s4,1,5.246687970202252,6.6832075933576895
balanced_contour_1e-08_R4.8,-0.16499999999999998,s1*s2,0,-82.07669489947784,-27.29381447331034
balanced_contour_1e-08_R4.8,-0.16499999999999998,s1*s2,1,37.611661879405936,2.4991218615843316
balanced_contour_1e-08_R4.8,-0.16499999999999998,s2*s3,0,2.599815387928796,8.346404457504132
balanced_contour_1e-08_R4.8,-0.16499999999999998,s2*s3,1,-2.706282059434822,-2.788219594627022
balanced_contour_1e-08_R4.8,-0.16499999999999998,s3*s4,0,0.8977143543016531,-0.2994320357619775
balanced_contour_1e-08_R4.8,-0.16499999999999998,s3*s4,1,-0.3512764143043365,0.14623202470693458
balanced_contour_1e-08_R4.8,-0.16499999999999998,s1*s4,0,-8.761856810294383,-14.629429302907763
balanced_contour_1e-08_R4.8,-0.16499999999999998,s1*s4,1,5.2466879202669965,6.683207728655409
balanced_contour_1e-08_R4.8,-0.15,s1*s2,0,-82.07669905282967,-27.293844286613897
balanced_contour_1e-08_R4.8,-0.15,s1*s2,1,37.61166746144421,2.499132604633153
balanced_contour_1e-08_R4.8,-0.15,s2*s3,0,2.5998145063384457,8.346407927416832
balanced_contour_1e-08_R4.8,-0.15,s2*s3,1,-2.7062822892732834,-2.788220985526548
balanced_contour_1e-08_R4.8,-0.15,s3*s4,0,0.8977144106947605,-0.29943175426584856
balanced_contour_1e-08_R4.8,-0.15,s3*s4,1,-0.35127647263819956,0.1462319154292563
balanced_contour_1e-08_R4.8,-0.15,s1*s4,0,-8.761850233626538,-14.629434828765866
balanced_contour_1e-08_R4.8,-0.15,s1*s4,1,5.2466861331782315,6.683210894701634
balanced_contour_1e-08_R4.8,-0.135,s1*s2,0,-82.07670384263488,-27.293853768495527
balanced_contour_1e-08_R4.8,-0.135,s1*s2,1,37.611670447065954,2.4991356660227235
balanced_contour_1e-08_R4.8,-0.135,s2*s3,0,2.5998144934278575,8.346409033640517
balanced_contour_1e-08_R4.8,-0.135,s2*s3,1,-2.7062824347557197,-2.7882213809383174
balanced_contour_1e-08_R4.8,-0.135,s3*s4,0,0.8977144797560626,-0.29943166925878134
balanced_contour_1e-08_R4.8,-0.135,s3*s4,1,-0.3512765112560764,0.1462318883257616
balanced_contour_1e-08_R4.8,-0.135,s1*s4,0,-8.7618490103658,-14.629437413359886
balanced_contour_1e-08_R4.8,-0.135,s1*s4,1,5.2466860043190495,6.683212091097079
balanced_contour_1e-08_R4.8,-0.12,s1*s2,0,-82.07669802426915,-27.293816665420103
balanced_contour_1e-08_R4.8,-0.12,s1*s2,1,37.61166358373531,2.499122136901633
balanced_contour_1e-08_R4.8,-0.12,s2*s3,0,2.599815654340933,8.346404912107591
balanced_contour_1e-08_R4.8,-0.12,s2*s3,1,-2.706282255897008,-2.788219725032079
balanced_contour_1e-08_R4.8,-0.12,s3*s4,0,0.8977143782370975,-0.29943201826062904
balanced_contour_1e-08_R4.8,-0.12,s3*s4,1,-0.35127642774493756,0.14623202235772656
balanced_contour_1e-08_R4.8,-0.12,s1*s4,0,-8.76185662618575,-14.629430346565918
balanced_contour_1e-08_R4.8,-0.12,s1*s4,1,5.246688056023495,6.683208189306975
balanced_contour_1e-08_R4.8,-0.10499999999999998,s1*s2,0,-82.07669294180985,-27.293787991300682
balanced_contour_1e-08_R4.8,-0.10499999999999998,s1*s2,1,37.611658513135964,2.4991115254826415
balanced_contour_1e-08_R4.8,-0.10499999999999998,s2*s3,0,2.5998165829156776,8.34640201390147
balanced_contour_1e-08_R4.8,-0.10499999999999998,s2*s3,1,-2.706282235953439,-2.78821857484822
balanced_contour_1e-08_R4.8,-0.10499999999999998,s3*s4,0,0.8977142635335311,-0.29943229399855187
balanced_contour_1e-08_R4.8,-0.10499999999999998,s3*s4,1,-0.3512763499942664,0.14623212664084168
balanced_contour_1e-08_R4.8,-0.10499999999999998,s1*s4,0,-8.761861864649319,-14.62942456353123
balanced_contour_1e-08_R4.8,-0.10499999999999998,s1*s4,1,5.246689427057389,6.683205192889254
balanced_contour_1e-08_R4.8,-0.09,s1*s2,0,-82.07669409941718,-27.293793549627615
balanced_contour_1e-08_R4.8,-0.09,s1*s2,1,37.61165964720435,2.499113552522959
balanced_contour_1e-08_R4.8,-0.09,s2*s3,0,2.599816464802768,8.346402639535972
balanced_contour_1e-08_R4.8,-0.09,s2*s3,1,-2.7062822818814216,-2.7882188184922208
balanced_contour_1e-08_R4.8,-0.09,s3*s4,0,0.8977142807449185,-0.29943223963112986
balanced_contour_1e-08_R4.8,-0.09,s3*s4,1,-0.3512763639433245,0.14623210557133803
balanced_contour_1e-08_R4.8,-0.09,s1*s4,0,-8.761860749033962,-14.629425731732084
balanced_contour_1e-08_R4.8,-0.09,s1*s4,1,5.246689141540961,6.683205823454495
balanced_contour_1e-08_R4.8,-0.07500000000000001,s1*s2,0,-82.07669771448272,-27.293812576849636
balanced_contour_1e-08_R4.8,-0.07500000000000001,s1*s2,1,37.61166285281866,2.499120782965517
balanced_contour_1e-08_R4.8,-0.07500000000000001,s2*s3,0,2.599815836190138,8.346404429149182
balanced_contour_1e-08_R4.8,-0.07500000000000001,s2*s3,1,-2.706282230013979,-2.7882195251640067
balanced_contour_1e-08_R4.8,-0.07500000000000001,s3*s4,0,0.8977143730739261,-0.2994320534466436
balanced_contour_1e-08_R4.8,-0.07500000000000001,s3*s4,1,-0.35127642181085456,0.146232034534352
balanced_contour_1e-08_R4.8,-0.07500000000000001,s1*s4,0,-8.761857561929856,-14.629429718210922
balanced_contour_1e-08_R4.8,-0.07500000000000001,s1*s4,1,5.2466883051062565,6.68320781651891
balanced_contour_1e-08_R4.8,-0.06,s1*s2,0,-82.07669898619274,-27.293817488670854
balanced_contour_1e-08_R4.8,-0.06,s1*s2,1,37.61166376248074,2.499122667591041
balanced_contour_1e-08_R4.8,-0.06,s2*s3,0,2.599815688856702,8.346404877046668
balanced_contour_1e-08_R4.8,-0.06,s2*s3,1,-2.706282210003785,-2.788219699876385
balanced_contour_1e-08_R4.8,-0.06,s3*s4,0,0.8977144036161495,-0.29943200609996123
balanced_contour_1e-08_R4.8,-0.06,s3*s4,1,-0.3512764393481396,0.146232016699812
balanced_contour_1e-08_R4.8,-0.06,s1*s4,0,-8.7618568564277,-14.629430826307551
balanced_contour_1e-08_R4.8,-0.06,s1*s4,1,5.246688132151764,6.683208345525203
balanced_contour_1e-08_R4.8,-0.044999999999999984,s1*s2,0,-82.07670001101384,-27.2938166339948
balanced_contour_1e-08_R4.8,-0.044999999999999984,s1*s2,1,37.611664125950945,2.4991222052405426
balanced_contour_1e-08_R4.8,-0.044999999999999984,s2*s3,0,2.599815831738417,8.346404872632167
balanced_contour_1e-08_R4.8,-0.044999999999999984,s2*s3,1,-2.7062822677834197,-2.7882196845863527
balanced_contour_1e-08_R4.8,-0.044999999999999984,s3*s4,0,0.897714409614289,-0.2994320175121256
balanced_contour_1e-08_R4.8,-0.044999999999999984,s3*s4,1,-0.3512764410698293,0.14623202244229466
balanced_contour_1e-08_R4.8,-0.044999999999999984,s1*s4,0,-8.761857162938904,-14.629430887382929
balanced_contour_1e-08_R4.8,-0.044999999999999984,s1*s4,1,5.246688273804019,6.6832083390571375
balanced_contour_1e-08_R4.8,-0.03,s1*s2,0,-82.07669997101034,-27.293816837008936
balanced_contour_1e-08_R4.8,-0.03,s1*s2,1,37.61166397549568,2.499122149308238
balanced_contour_1e-08_R4.8,-0.03,s2*s3,0,2.5998158828959803,8.346404858450313
balanced_contour_1e-08_R4.8,-0.03,s2*s3,1,-2.7062822857954756,-2.7882196473898357
balanced_contour_1e-08_R4.8,-0.03,s3*s4,0,0.8977144092840815,-0.29943200852955143
balanced_contour_1e-08_R4.8,-0.03,s3*s4,1,-0.35127644016717746,0.14623201908252276
balanced_contour_1e-08_R4.8,-0.03,s1*s4,0,-8.761857092610628,-14.62943103910622
balanced_contour_1e-08_R4.8,-0.03,s1*s4,1,5.2466882673302635,6.683208366172406
balanced_contour_1e-08_R4.8,-0.015000000000000013,s1*s2,0,-82.07669985701298,-27.29381691822388
balanced_contour_1e-08_R4.8,-0.015000000000000013,s1*s2,1,37.61166381356209,2.499122216996702
balanced_contour_1e-08_R4.8,-0.015000000000000013,s2*s3,0,2.5998158815694614,8.346404825839754
balanced_contour_1e-08_R4.8,-0.015000000000000013,s2*s3,1,-2.7062822695827142,-2.788219624969567
balanced_contour_1e-08_R4.8,-0.015000000000000013,s3*s4,0,0.8977144106091126,-0.2994320047672181
balanced_contour_1e-08_R4.8,-0.015000000000000013,s3*s4,1,-0.3512764403421944,0.14623201691540785
balanced_contour_1e-08_R4.8,-0.015000000000000013,s1*s4,0,-8.761857093968073,-14.629431083057048
balanced_contour_1e-08_R4.8,-0.015000000000000013,s1*s4,1,5.246688254831067,6.683208367297815
balanced_contour_1e-08_R4.8,0.0,s1*s2,0,-82.07669959566573,-27.293816804244702
balanced_contour_1e-08_R4.8,0.0,s1*s2,1,37.611663511382346,2.499122220045327
balanced_contour_1e-08_R4.8,0.0,s2*s3,0,2.599815882426313,8.346404758840976
balanced_contour_1e-08_R4.8,0.0,s2*s3,1,-2.7062822457354465,-2.7882195840925195
balanced_contour_1e-08_R4.8,0.0,s3*s4,0,0.8977144105054661,-0.2994320016989645
balanced_contour_1e-08_R4.8,0.0,s3*s4,1,-0.35127643934140756,0.14623201464759317
balanced_contour_1e-08_R4.8,0.0,s1*s4,0,-8.76185711943265,-14.629431082348702
balanced_contour_1e-08_R4.8,0.0,s1*s4,1,5.246688239033769,6.683208337084431
balanced_contour_1e-08_R4.8,0.015000000000000013,s1*s2,0,-82.07669885987643,-27.29381798712658
balanced_contour_1e-08_R4.8,0.015000000000000013,s1*s2,1,37.611663010036544,2.4991228948979782
balanced_contour_1e-08_R4.8,0.015000000000000013,s2*s3,0,2.5998157479806228,8.346404732444569
balanced_contour_1e-08_R4.8,0.015000000000000013,s2*s3,1,-2.7062821538111996,-2.7882195687327145
balanced_contour_1e-08_R4.8,0.015000000000000013,s3*s4,0,0.8977144145409409,-0.29943198437580554
balanced_contour_1e-08_R4.8,0.015000000000000013,s3*s4,1,-0.3512764408707759,0.14623200539343614
balanced_contour_1e-08_R4.8,0.015000000000000013,s1*s4,0,-8.76185690368985,-14.62943121009069
balanced_contour_1e-08_R4.8,0.015000000000000013,s1*s4,1,5.246688105035563,6.683208377649241
balanced_contour_1e-08_R4.8,0.030000000000000027,s1*s2,0,-82.07669828856473,-27.29381596074287
balanced_contour_1e-08_R4.8,0.030000000000000027,s1*s2,1,37.611662316276075,2.499121967449411
balanced_contour_1e-08_R4.8,0.030000000000000027,s2*s3,0,2.5998158807422125,8.346404506745506
balanced_contour_1e-08_R4.8,0.030000000000000027,s2*s3,1,-2.7062821759750744,-2.788219432665028
balanced_contour_1e-08_R4.8,0.030000000000000027,s3*s4,0,0.8977144012079759,-0.2994319956358693
balanced_contour_1e-08_R4.8,0.030000000000000027,s3*s4,1,-0.3512764313585612,0.1462320089341151
balanced_contour_1e-08_R4.8,0.030000000000000027,s1*s4,0,-8.761857165695883,-14.629430894669056
balanced_contour_1e-08_R4.8,0.030000000000000027,s1*s4,1,5.246688169771582,6.683208155695543
balanced_contour_1e-08_R4.8,0.044999999999999984,s1*s2,0,-82.07670238564155,-27.293813027846713
balanced_contour_1e-08_R4.8,0.044999999999999984,s1*s2,1,37.6116639260206,2.4991203745061914
balanced_contour_1e-08_R4.8,0.044999999999999984,s2*s3,0,2.599816357941669,8.34640459537946
balanced_contour_1e-08_R4.8,0.044999999999999984,s2*s3,1,-2.7062823898181274,-2.78821944215724
balanced_contour_1e-08_R4.8,0.044999999999999984,s3*s4,0,0.8977144243388557,-0.29943204518633765
balanced_contour_1e-08_R4.8,0.044999999999999984,s3*s4,1,-0.3512764379534475,0.1462320331127289
balanced_contour_1e-08_R4.8,0.044999999999999984,s1*s4,0,-8.761858270128267,-14.629431051780873
balanced_contour_1e-08_R4.8,0.044999999999999984,s1*s4,1,5.246688669432085,6.68320813647549
balanced_contour_1e-08_R4.8,0.06,s1*s2,0,-82.0767022730409,-27.2938159773403
balanced_contour_1e-08_R4.8,0.06,s1*s2,1,37.61166374768124,2.4991218069884544
balanced_contour_1e-08_R4.8,0.06,s2*s3,0,2.599816134107788,8.346404735526425
balanced_contour_1e-08_R4.8,0.06,s2*s3,1,-2.7062822635688173,-2.7882195011627924
balanced_contour_1e-08_R4.8,0.06,s3*s4,0,0.8977144436178632,-0.29943201541781694
balanced_contour_1e-08_R4.8,0.06,s3*s4,1,-0.3512764466116019,0.14623201875218433
balanced_contour_1e-08_R4.8,0.06,s1*s4,0,-8.761857884701186,-14.629431539916553
balanced_contour_1e-08_R4.8,0.06,s1*s4,1,5.24668847265251,6.683208341499015
balanced_contour_1e-08_R4.8,0.07500000000000001,s1*s2,0,-82.07669673873247,-27.29380189928242
balanced_contour_1e-08_R4.8,0.07500000000000001,s1*s2,1,37.61166019626246,2.499116312926627
balanced_contour_1e-08_R4.8,0.07500000000000001,s2*s3,0,2.5998166827080365,8.346403381048543
balanced_contour_1e-08_R4.8,0.07500000000000001,s2*s3,1,-2.7062823845694224,-2.7882189020562627
balanced_contour_1e-08_R4.8,0.07500000000000001,s3*s4,0,0.8977143215682417,-0.29943212267403974
balanced_contour_1e-08_R4.8,0.07500000000000001,s3*s4,1,-0.35127638363969,0.14623205441353315
balanced_contour_1e-08_R4.8,0.07500000000000001,s1*s4,0,-8.761859257013965,-14.629428383730133
balanced_contour_1e-08_R4.8,0.07500000000000001,s1*s4,1,5.246688747275322,6.683206869941425
balanced_contour_1e-08_R4.8,0.08999999999999997,s1*s2,0,-82.07667609702182,-27.293746734823664
balanced_contour_1e-08_R4.8,0.08999999999999997,s1*s2,1,37.61164898581483,2.499094731386305
balanced_contour_1e-08_R4.8,0.08999999999999997,s2*s3,0,2.5998188843545176,8.346398441152896
balanced_contour_1e-08_R4.8,0.08999999999999997,s2*s3,1,-2.7062830896479153,-2.788216875604673
balanced_contour_1e-08_R4.8,0.08999999999999997,s3*s4,0,0.8977138292711758,-0.29943256356435477
balanced_contour_1e-08_R4.8,0.08999999999999997,s3*s4,1,-0.35127614858007905,0.14623221144457624
balanced_contour_1e-08_R4.8,0.08999999999999997,s1*s4,0,-8.761864386375828,-14.629415847770845
balanced_contour_1e-08_R4.8,0.08999999999999997,s1*s4,1,5.246690015989196,6.683201437269713
balanced_contour_1e-08_R4.8,0.10499999999999998,s1*s2,0,-82.07667463384611,-27.293730724805407
balanced_contour_1e-08_R4.8,0.10499999999999998,s1*s2,1,37.6116490543195,2.499087393425662
balanced_contour_1e-08_R4.8,0.10499999999999998,s2*s3,0,2.5998199688180144,8.346397511513599
balanced_contour_1e-08_R4.8,0.10499999999999998,s2*s3,1,-2.706283685698505,-2.788216503537474
balanced_contour_1e-08_R4.8,0.10499999999999998,s3*s4,0,0.8977137067362219,-0.29943271235095875
balanced_contour_1e-08_R4.8,0.10499999999999998,s3*s4,1,-0.35127609690149714,0.14623227953704748
balanced_contour_1e-08_R4.8,0.10499999999999998,s1*s4,0,-8.761866174565565,-14.629412917989127
balanced_contour_1e-08_R4.8,0.10499999999999998,s1*s4,1,5.246690899085186,6.683200277633014
balanced_contour_1e-08_R4.8,0.12,s1*s2,0,-82.0767242235381,-27.293837456645882
balanced_contour_1e-08_R4.8,0.12,s1*s2,1,37.61167438971113,2.499127241039945
balanced_contour_1e-08_R4.8,0.12,s2*s3,0,2.599816409615455,8.34640777418332
balanced_contour_1e-08_R4.8,0.12,s2*s3,1,-2.7062827245156376,-2.7882205556778707
balanced_contour_1e-08_R4.8,0.12,s3*s4,0,0.8977147450229116,-0.2994319076229106
balanced_contour_1e-08_R4.8,0.12,s3*s4,1,-0.3512765742875917,0.14623201116394638
balanced_contour_1e-08_R4.8,0.12,s1*s4,0,-8.76185768688366,-14.629438695318031
balanced_contour_1e-08_R4.8,0.12,s1*s4,1,5.246689283699798,6.683211074788695
balanced_contour_1e-08_R4.8,0.135,s1*s2,0,-82.07678748008874,-27.29399391452311
balanced_contour_1e-08_R4.8,0.135,s1*s2,1,37.61170381148431,2.499189062853965
balanced_contour_1e-08_R4.8,0.135,s2*s3,0,2.599810000937528,8.346421802362043
balanced_contour_1e-08_R4.8,0.135,s2*s3,1,-2.7062802539705952,-2.7882261328316287
balanced_contour_1e-08_R4.8,0.135,s3*s4,0,0.8977162338041733,-0.29943070816793493
balanced_contour_1e-08_R4.8,0.135,s3*s4,1,-0.35127723806320943,0.14623156784192812
balanced_contour_1e-08_R4.8,0.135,s1*s4,0,-8.761844838573806,-14.629474584253153
balanced_contour_1e-08_R4.8,0.135,s1*s4,1,5.246685556292933,6.683225869210847
balanced_contour_1e-08_R4.8,0.15000000000000002,s1*s2,0,-82.07674966536219,-27.29394307018996
balanced_contour_1e-08_R4.8,0.15000000000000002,s1*s2,1,37.61168615937112,2.4991729750985945
balanced_contour_1e-08_R4.8,0.15000000000000002,s2*s3,0,2.5998105447056767,8.34641597375042
balanced_contour_1e-08_R4.8,0.15000000000000002,s2*s3,1,-2.706280064782746,-2.7882240705183263
balanced_contour_1e-08_R4.8,0.15000000000000002,s3*s4,0,0.8977156105257982,-0.2994310351779216
balanced_contour_1e-08_R4.8,0.15000000000000002,s3*s4,1,-0.35127697139478226,0.14623164760028853
balanced_contour_1e-08_R4.8,0.15000000000000002,s1*s4,0,-8.761846752184532,-14.62945978762599
balanced_contour_1e-08_R4.8,0.15000000000000002,s1*s4,1,5.246684972837675,6.683220163699001
balanced_contour_1e-08_R4.8,0.16499999999999998,s1*s2,0,-82.07670963447248,-27.293803954550473
balanced_contour_1e-08_R4.8,0.16499999999999998,s1*s2,1,37.61166429076136,2.4991168173242184
balanced_contour_1e-08_R4.8,0.16499999999999998,s2*s3,0,2.5998174584415517,8.346404302205706
balanced_contour_1e-08_R4.8,0.16499999999999998,s2*s3,1,-2.7062826077390425,-2.7882191518208077
balanced_contour_1e-08_R4.8,0.16499999999999998,s3*s4,0,0.8977144611850933,-0.29943216202109313
balanced_contour_1e-08_R4.8,0.16499999999999998,s3*s4,1,-0.3512764314589111,0.14623206960581858
balanced_contour_1e-08_R4.8,0.16499999999999998,s1*s4,0,-8.761861111742464,-14.629430883321263
balanced_contour_1e-08_R4.8,0.16499999999999998,s1*s4,1,5.246689441218449,6.683207624420048
balanced_contour_1e-08_R4.8,0.18,s1*s2,0,-82.0767087395669,-27.293796469702855
balanced_contour_1e-08_R4.8,0.18,s1*s2,1,37.61166269347821,2.4991137399622345
balanced_contour_1e-08_R4.8,0.18,s2*s3,0,2.5998179349499355,8.346403697387506
balanced_contour_1e-08_R4.8,0.18,s2*s3,1,-2.7062827148427786,-2.788218817642442
balanced_contour_1e-08_R4.8,0.18,s3*s4,0,0.8977144156993928,-0.29943222467543257
balanced_contour_1e-08_R4.8,0.18,s3*s4,1,-0.3512764014548132,0.14623208937609006
balanced_contour_1e-08_R4.8,0.18,s1*s4,0,-8.76186215928793,-14.629429616592033
balanced_contour_1e-08_R4.8,0.18,s1*s4,1,5.2466896822375215,6.683206905867709
balanced_contour_1e-08_R4.8,0.195,s1*s2,0,-82.07671094517372,-27.293802910073275
balanced_contour_1e-08_R4.8,0.195,s1*s2,1,37.61166535116713,2.4991156311604863
balanced_contour_1e-08_R4.8,0.195,s2*s3,0,2.5998176631621988,8.346404471296047
balanced_contour_1e-08_R4.8,0.195,s2*s3,1,-2.706282812332602,-2.788219202133847
balanced_contour_1e-08_R4.8,0.195,s3*s4,0,0.8977144535903936,-0.299432181924167
balanced_contour_1e-08_R4.8,0.195,s3*s4,1,-0.3512764281314525,0.14623208472990737
balanced_contour_1e-08_R4.8,0.195,s1*s4,0,-8.761861218464935,-14.629430830745772
balanced_contour_1e-08_R4.8,0.195,s1*s4,1,5.246689657626636,6.68320761497752
balanced_contour_1e-08_R4.8,0.20999999999999996,s1*s2,0,-82.07673572607393,-27.293843036806326
balanced_contour_1e-08_R4.8,0.20999999999999996,s1*s2,1,37.6116825387061,2.499127075231728
balanced_contour_1e-08_R4.8,0.20999999999999996,s2*s3,0,2.599816711944378,8.346409209417846
balanced_contour_1e-08_R4.8,0.20999999999999996,s2*s3,1,-2.706283302068592,-2.7882212534781585
balanced_contour_1e-08_R4.8,0.20999999999999996,s3*s4,0,0.8977148650370073,-0.29943193482263303
balanced_contour_1e-08_R4.8,0.20999999999999996,s3*s4,1,-0.3512766374901875,0.14623206088567586
balanced_contour_1e-08_R4.8,0.20999999999999996,s1*s4,0,-8.761858367138071,-14.629440962218418
balanced_contour_1e-08_R4.8,0.20999999999999996,s1*s4,1,5.246690380889128,6.683212180120909
balanced_contour_1e-08_R4.8,0.22499999999999998,s1*s2,0,-82.07673746956772,-27.29384498913018
balanced_contour_1e-08_R4.8,0.22499999999999998,s1*s2,1,37.61168094640429,2.4991290857108517
balanced_contour_1e-08_R4.8,0.22499999999999998,s2*s3,0,2.5998165952541794,8.346409339791498
balanced_contour_1e-08_R4.8,0.22499999999999998,s2*s3,1,-2.7062829825681876,-2.7882212317536865
balanced_contour_1e-08_R4.8,0.22499999999999998,s3*s4,0,0.897714906541022,-0.2994319282503478
balanced_contour_1e-08_R4.8,0.22499999999999998,s3*s4,1,-0.35127664032146666,0.14623203746896118
balanced_contour_1e-08_R4.8,0.22499999999999998,s1*s4,0,-8.761858625333844,-14.62944152215018
balanced_contour_1e-08_R4.8,0.22499999999999998,s1*s4,1,5.246689960592284,6.683212196887729
balanced_contour_1e-08_R4.8,0.24,s1*s2,0,-82.07673244277923,-27.29385715714475
balanced_contour_1e-08_R4.8,0.24,s1*s2,1,37.611682978163586,2.499134577495149
balanced_contour_1e-08_R4.8,0.24,s2*s3,0,2.599815351353624,8.346409982804792
balanced_contour_1e-08_R4.8,0.24,s2*s3,1,-2.706282750320889,-2.7882218350698977
balanced_contour_1e-08_R4.8,0.24,s3*s4,0,0.897714911668025,-0.2994317999361721
balanced_contour_1e-08_R4.8,0.24,s3*s4,1,-0.3512766801674804,0.14623199960456626
balanced_contour_1e-08_R4.8,0.24,s1*s4,0,-8.761855761078202,-14.629442424159457
balanced_contour_1e-08_R4.8,0.24,s1*s4,1,5.246689291941639,6.683213308508643
balanced_contour_1e-10_R4.8,-0.24,s1*s2,0,-82.07669958490496,-27.293816806610025
balanced_contour_1e-10_R4.8,-0.24,s1*s2,1,37.61166351373567,2.4991222247819818
balanced_contour_1e-10_R4.8,-0.24,s2*s3,0,2.5998158801498743,8.346404759613971
balanced_contour_1e-10_R4.8,-0.24,s2*s3,1,-2.7062822454524147,-2.788219585790553
balanced_contour_1e-10_R4.8,-0.24,s3*s4,0,0.8977144103577871,-0.2994320018140617
balanced_contour_1e-10_R4.8,-0.24,s3*s4,1,-0.3512764392866157,0.1462320146856074
balanced_contour_1e-10_R4.8,-0.24,s1*s4,0,-8.761857116699689,-14.629431077656335
balanced_contour_1e-10_R4.8,-0.24,s1*s4,1,5.246688236983072,6.683208336807674
balanced_contour_1e-10_R4.8,-0.22499999999999998,s1*s2,0,-82.0766995694987,-27.293816952584606
balanced_contour_1e-10_R4.8,-0.22499999999999998,s1*s2,1,37.611663519653106,2.499122283729709
balanced_contour_1e-10_R4.8,-0.22499999999999998,s2*s3,0,2.599815874155905,8.34640477311491
balanced_contour_1e-10_R4.8,-0.22499999999999998,s2*s3,1,-2.7062822448242776,-2.788219590981484
balanced_contour_1e-10_R4.8,-0.22499999999999998,s3*s4,0,0.8977144103520737,-0.29943200013630855
balanced_contour_1e-10_R4.8,-0.22499999999999998,s3*s4,1,-0.3512764394466334,0.14623201394021093
balanced_contour_1e-10_R4.8,-0.22499999999999998,s1*s4,0,-8.761857079549225,-14.629431101304975
balanced_contour_1e-10_R4.8,-0.22499999999999998,s1*s4,1,5.246688224537633,6.683208350785448
balanced_contour_1e-10_R4.8,-0.21,s1*s2,0,-82.07669958558115,-27.29381689826082
balanced_contour_1e-10_R4.8,-0.21,s1*s2,1,37.61166352292854,2.499122261023527
balanced_contour_1e-10_R4.8,-0.21,s2*s3,0,2.5998158770034108,8.346404768688513
balanced_contour_1e-10_R4.8,-0.21,s2*s3,1,-2.706282245444065,-2.7882195892984623
balanced_contour_1e-10_R4.8,-0.21,s3*s4,0,0.897714410468797,-0.2994320008141195
balanced_contour_1e-10_R4.8,-0.21,s3*s4,1,-0.35127643944429954,0.1462320142524649
balanced_contour_1e-10_R4.8,-0.21,s1*s4,0,-8.76185709529699,-14.629431094091313
balanced_contour_1e-10_R4.8,-0.21,s1*s4,1,5.2466882303190925,6.683208346327679
balanced_contour_1e-10_R4.8,-0.195,s1*s2,0,-82.0766996275318,-27.2938166011865
balanced_contour_1e-10_R4.8,-0.195,s1*s2,1,37.61166352094974,2.4991221371129733
balanced_contour_1e-10_R4.8,-0.195,s2*s3,0,2.599815891191855,8.346404745655056
balanced_contour_1e-10_R4.8,-0.195,s2*s3,1,-2.7062822488814513,-2.7882195803772243
balanced_contour_1e-10_R4.8,-0.195,s3*s4,0,0.8977144102212462,-0.2994320043394395
balanced_contour_1e-10_R4.8,-0.195,s3*s4,1,-0.35127643904031064,0.14623201581192638
balanced_contour_1e-10_R4.8,-0.195,s1*s4,0,-8.76185716588979,-14.629431045639564
balanced_contour_1e-10_R4.8,-0.195,s1*s4,1,5.246688254860524,6.683208319318035
balanced_contour_1e-10_R4.8,-0.18,s1*s2,0,-82.07669960916266,-27.293816765922628
balanced_contour_1e-10_R4.8,-0.18,s1*s2,1,37.61166352394708,2.499122206536663
balanced_contour_1e-10_R4.8,-0.18,s2*s3,0,2.599815883517915,8.3464047580759
balanced_contour_1e-10_R4.8,-0.18,s2*s3,1,-2.706282246868878,-2.7882195851914435
balanced_contour_1e-10_R4.8,-0.18,s3*s4,0,0.8977144104678516,-0.29943200238743783
balanced_contour_1e-10_R4.8,-0.18,s3*s4,1,-0.35127643932062974,0.14623201495060778
balanced_contour_1e-10_R4.8,-0.18,s1*s4,0,-8.761857128691025,-14.62943107377618
balanced_contour_1e-10_R4.8,-0.18,s1*s4,1,5.246688242099413,6.683208334750937
balanced_contour_1e-10_R4.8,-0.16499999999999998,s1*s2,0,-82.07669962030646,-27.293816778281602
balanced_contour_1e-10_R4.8,-0.16499999999999998,s1*s2,1,37.61166353006426,2.4991222088157774
balanced_contour_1e-10_R4.8,-0.16499999999999998,s2*s3,0,2.5998158843511847,8.3464047598386
balanced_contour_1e-10_R4.8,-0.16499999999999998,s2*s3,1,-2.7062822475311306,-2.7882195856198226
balanced_contour_1e-10_R4.8,-0.16499999999999998,s3*s4,0,0.8977144105797928,-0.299432002264877
balanced_contour_1e-10_R4.8,-0.16499999999999998,s3*s4,1,-0.3512764393828288,0.1462320149224968
balanced_contour_1e-10_R4.8,-0.16499999999999998,s1*s4,0,-8.76185712734101,-14.629431078682245
balanced_contour_1e-10_R4.8,-0.16499999999999998,s1*s4,1,5.246688242514116,6.68320833681154
balanced_contour_1e-10_R4.8,-0.15,s1*s2,0,-82.07669965801936,-27.293817210810136
balanced_contour_1e-10_R4.8,-0.15,s1*s2,1,37.61166358599438,2.4991223769068838
balanced_contour_1e-10_R4.8,-0.15,s2*s3,0,2.5998158686360644,8.34640480124818
balanced_contour_1e-10_R4.8,-0.15,s2*s3,1,-2.706282246367937,-2.7882196020394376
balanced_contour_1e-10_R4.8,-0.15,s3*s4,0,0.8977144118691349,-0.2994319978460759
balanced_contour_1e-10_R4.8,-0.15,s3*s4,1,-0.35127644038590883,0.14623201312504872
balanced_contour_1e-10_R4.8,-0.15,s1*s4,0,-8.76185704057233,-14.629431160847233
balanced_contour_1e-10_R4.8,-0.15,s1*s4,1,5.246688216886565,6.6832083808711165
balanced_contour_1e-10_R4.8,-0.135,s1*s2,0,-82.07669960235168,-27.293816704325494
balanced_contour_1e-10_R4.8,-0.135,s1*s2,1,37.611663517136435,2.4991221802576646
balanced_contour_1e-10_R4.8,-0.135,s2*s3,0,2.5998158862543472,8.346404753053289
balanced_contour_1e-10_R4.8,-0.135,s2*s3,1,-2.7062822476887214,-2.788219582989689
balanced_contour_1e-10_R4.8,-0.135,s3*s4,0,0.8977144101645922,-0.29943200301213463
balanced_contour_1e-10_R4.8,-0.135,s3*s4,1,-0.3512764391396726,0.14623201521305404
balanced_contour_1e-10_R4.8,-0.135,s1*s4,0,-8.761857138744151,-14.629431061706526
balanced_contour_1e-10_R4.8,-0.135,s1*s4,1,5.2466882455403665,6.683208328663922
balanced_contour_1e-10_R4.8,-0.12,s1*s2,0,-82.07669958468313,-27.29381653613276
balanced_contour_1e-10_R4.8,-0.12,s1*s2,1,37.61166349588437,2.4991221119545584
balanced_contour_1e-10_R4.8,-0.12,s2*s3,0,2.5998158938876164,8.346404738692812
balanced_contour_1e-10_R4.8,-0.12,s2*s3,1,-2.70628224944509,-2.7882195769174687
balanced_contour_1e-10_R4.8,-0.12,s3*s4,0,0.8977144093908411,-0.29943200465569786
balanced_contour_1e-10_R4.8,-0.12,s3*s4,1,-0.3512764386497767,0.14623201587322476
balanced_contour_1e-10_R4.8,-0.12,s1*s4,0,-8.761857167390128,-14.62943102983871
balanced_contour_1e-10_R4.8,-0.12,s1*s4,1,5.246688254252164,6.683208312219297
balanced_contour_1e-10_R4.8,-0.10499999999999998,s1*s2,0,-82.07669959511861,-27.29381676160022
balanced_contour_1e-10_R4.8,-0.10499999999999998,s1*s2,1,37.61166351494204,2.499122205836597
balanced_contour_1e-10_R4.8,-0.10499999999999998,s2*s3,0,2.599815883510746,8.346404756102103
balanced_contour_1e-10_R4.8,-0.10499999999999998,s2*s3,1,-2.7062822464024165,-2.788219583987172
balanced_contour_1e-10_R4.8,-0.10499999999999998,s3*s4,0,0.897714410336786,-0.29943200226376365
balanced_contour_1e-10_R4.8,-0.10499999999999998,s3*s4,1,-0.3512764392710268,0.1462320148753017
balanced_contour_1e-10_R4.8,-0.10499999999999998,s1*s4,0,-8.761857127510316,-14.629431072619816
balanced_contour_1e-10_R4.8,-0.10499999999999998,s1*s4,1,5.246688241465362,6.683208333942748
balanced_contour_1e-10_R4.8,-0.09,s1*s2,0,-82.07669959395317,-27.293816796292678
balanced_contour_1e-10_R4.8,-0.09,s1*s2,1,37.6116635168439,2.499122221229139
balanced_contour_1e-10_R4.8,-0.09,s2*s3,0,2.5998158814758208,8.346404758650015
balanced_contour_1e-10_R4.8,-0.09,s2*s3,1,-2.706282245685716,-2.7882195851206535
balanced_contour_1e-10_R4.8,-0.09,s3*s4,0,0.8977144104713574,-0.299432001911415
balanced_contour_1e-10_R4.8,-0.09,s3*s4,1,-0.3512764393650031,0.14623201472266786
balanced_contour_1e-10_R4.8,-0.09,s1*s4,0,-8.761857121083128,-14.629431078297191
balanced_contour_1e-10_R4.8,-0.09,s1*s4,1,5.246688239214099,6.683208337041294
balanced_contour_1e-10_R4.8,-0.07500000000000001,s1*s2,0,-82.07669971985482,-27.29381730163904
balanced_contour_1e-10_R4.8,-0.07500000000000001,s1*s2,1,37.61166362390271,2.4991224070079294
balanced_contour_1e-10_R4.8,-0.07500000000000001,s2*s3,0,2.5998158655414336,8.346404810592029
balanced_contour_1e-10_R4.8,-0.07500000000000001,s2*s3,1,-2.7062822461092058,-2.7882196062052924
balanced_contour_1e-10_R4.8,-0.07500000000000001,s3*s4,0,0.8977144130749505,-0.2994319973432954
balanced_contour_1e-10_R4.8,-0.07500000000000001,s3*s4,1,-0.35127644098086247,0.14623201307899183
balanced_contour_1e-10_R4.8,-0.07500000000000001,s1*s4,0,-8.761857039035371,-14.629431184499095
balanced_contour_1e-10_R4.8,-0.07500000000000001,s1*s4,1,5.246688219773138,6.68320839093083
balanced_contour_1e-10_R4.8,-0.06,s1*s2,0,-82.07669949504931,-27.293816439308653
balanced_contour_1e-10_R4.8,-0.06,s1*s2,1,37.61166344465026,2.499122085639435
balanced_contour_1e-10_R4.8,-0.06,s2*s3,0,2.599815893000821,8.346404724920518
balanced_contour_1e-10_R4.8,-0.06,s2*s3,1,-2.706282246965579,-2.788219571488939
balanced_contour_1e-10_R4.8,-0.06,s3*s4,0,0.8977144082088668,-0.29943200518708435
balanced_contour_1e-10_R4.8,-0.06,s3*s4,1,-0.3512764380802909,0.14623201592251867
balanced_contour_1e-10_R4.8,-0.06,s1*s4,0,-8.761857171095404,-14.629430999278888
balanced_contour_1e-10_R4.8,-0.06,s1*s4,1,5.246688251136996,6.68320829896074
balanced_contour_1e-10_R4.8,-0.044999999999999984,s1*s2,0,-82.07669954866303,-27.293816655538667
balanced_contour_1e-10_R4.8,-0.044999999999999984,s1*s2,1,37.61166348583897,2.499122166132762
balanced_contour_1e-10_R4.8,-0.044999999999999984,s2*s3,0,2.5998158864489365,8.346404745421964
balanced_contour_1e-10_R4.8,-0.044999999999999984,s2*s3,1,-2.7062822465307486,-2.7882195794698412
balanced_contour_1e-10_R4.8,-0.044999999999999984,s3*s4,0,0.8977144094475004,-0.29943200311376894
balanced_contour_1e-10_R4.8,-0.044999999999999984,s3*s4,1,-0.3512764388110779,0.14623201516314024
balanced_contour_1e-10_R4.8,-0.044999999999999984,s1*s4,0,-8.761857138225134,-14.62943104687741
balanced_contour_1e-10_R4.8,-0.044999999999999984,s1*s4,1,5.246688243352548,6.683208321933465
balanced_contour_1e-10_R4.8,-0.03,s1*s2,0,-82.0766995532574,-27.293816767054967
balanced_contour_1e-10_R4.8,-0.03,s1*s2,1,37.61166349648158,2.4991222119995085
balanced_contour_1e-10_R4.8,-0.03,s2*s3,0,2.5998158805708913,8.34640475411378
balanced_contour_1e-10_R4.8,-0.03,s2*s3,1,-2.7062822448473423,-2.7882195832018692
balanced_contour_1e-10_R4.8,-0.03,s3*s4,0,0.8977144099309149,-0.29943200198502407
balanced_contour_1e-10_R4.8,-0.03,s3*s4,1,-0.35127643912528184,0.14623201471219183
balanced_contour_1e-10_R4.8,-0.03,s1*s4,0,-8.761857118987638,-14.629431066803049
balanced_contour_1e-10_R4.8,-0.03,s1*s4,1,5.246688237351894,6.683208332141878
balanced_contour_1e-10_R4.8,-0.015000000000000013,s1*s2,0,-82.07669956762285,-27.293816788661225
balanced_contour_1e-10_R4.8,-0.015000000000000013,s1*s2,1,37.611663501324806,2.499122218335189
balanced_contour_1e-10_R4.8,-0.015000000000000013,s2*s3,0,2.599815880791288,8.346404756223965
balanced_contour_1e-10_R4.8,-0.015000000000000013,s2*s3,1,-2.7062822449460198,-2.7882195836270047
balanced_contour_1e-10_R4.8,-0.015000000000000013,s3*s4,0,0.8977144101688567,-0.2994320017738365
balanced_contour_1e-10_R4.8,-0.015000000000000013,s3*s4,1,-0.35127643922139645,0.14623201464237826
balanced_contour_1e-10_R4.8,-0.015000000000000013,s1*s4,0,-8.761857117698323,-14.629431073941696
balanced_contour_1e-10_R4.8,-0.015000000000000013,s1*s4,1,5.246688237435673,6.683208334563225
balanced_contour_1e-10_R4.8,0.0,s1*s2,0,-82.07669959566577,-27.293816804244713
balanced_contour_1e-10_R4.8,0.0,s1*s2,1,37.611663511382375,2.4991222200453547
balanced_contour_1e-10_R4.8,0.0,s2*s3,0,2.599815882426315,8.346404758840979
balanced_contour_1e-10_R4.8,0.0,s2*s3,1,-2.706282245735446,-2.788219584092524
balanced_contour_1e-10_R4.8,0.0,s3*s4,0,0.8977144105054667,-0.2994320016989647
balanced_contour_1e-10_R4.8,0.0,s3*s4,1,-0.35127643934140795,0.14623201464759314
balanced_contour_1e-10_R4.8,0.0,s1*s4,0,-8.761857119432657,-14.629431082348711
balanced_contour_1e-10_R4.8,0.0,s1*s4,1,5.246688239033769,6.683208337084438
balanced_contour_1e-10_R4.8,0.015000000000000013,s1*s2,0,-82.0766995829066,-27.293816838232715
balanced_contour_1e-10_R4.8,0.015000000000000013,s1*s2,1,37.6116635082266,2.499122238083764
balanced_contour_1e-10_R4.8,0.015000000000000013,s2*s3,0,2.599815878965118,8.346404760383141
balanced_contour_1e-10_R4.8,0.015000000000000013,s2*s3,1,-2.7062822441710495,-2.7882195851614298
balanced_contour_1e-10_R4.8,0.015000000000000013,s3*s4,0,0.8977144105629333,-0.29943200134703674
balanced_contour_1e-10_R4.8,0.015000000000000013,s3*s4,1,-0.3512764394036531,0.14623201447561887
balanced_contour_1e-10_R4.8,0.015000000000000013,s1*s4,0,-8.761857112172656,-14.629431085302722
balanced_contour_1e-10_R4.8,0.015000000000000013,s1*s4,1,5.246688235734777,6.68320833925873
balanced_contour_1e-10_R4.8,0.030000000000000027,s1*s2,0,-82.07669954570703,-27.293816836787457
balanced_contour_1e-10_R4.8,0.030000000000000027,s1*s2,1,37.611663489151105,2.499122244315963
balanced_contour_1e-10_R4.8,0.030000000000000027,s2*s3,0,2.599815875881402,8.34640475735527
balanced_contour_1e-10_R4.8,0.030000000000000027,s2*s3,1,-2.7062822421005497,-2.7882195842370456
balanced_contour_1e-10_R4.8,0.030000000000000027,s3*s4,0,0.8977144102625768,-0.2994320012048728
balanced_contour_1e-10_R4.8,0.030000000000000027,s3*s4,1,-0.35127643927394736,0.14623201434437513
balanced_contour_1e-10_R4.8,0.030000000000000027,s1*s4,0,-8.761857107667117,-14.629431078719971
balanced_contour_1e-10_R4.8,0.030000000000000027,s1*s4,1,5.246688232125871,6.68320833682311
balanced_contour_1e-10_R4.8,0.044999999999999984,s1*s2,0,-82.07669946245056,-27.293816648095337
balanced_contour_1e-10_R4.8,0.044999999999999984,s1*s2,1,37.611663438953315,2.499122175449619
balanced_contour_1e-10_R4.8,0.044999999999999984,s2*s3,0,2.599815881575963,8.346404738863718
balanced_contour_1e-10_R4.8,0.044999999999999984,s2*s3,1,-2.7062822427820366,-2.788219576692064
balanced_contour_1e-10_R4.8,0.044999999999999984,s3*s4,0,0.8977144085643467,-0.29943200268970643
balanced_contour_1e-10_R4.8,0.044999999999999984,s3*s4,1,-0.351276438422425,0.1462320148132962
balanced_contour_1e-10_R4.8,0.044999999999999984,s1*s4,0,-8.761857125279334,-14.629431033189837
balanced_contour_1e-10_R4.8,0.044999999999999984,s1*s4,1,5.246688234609529,6.683208316470595
balanced_contour_1e-10_R4.8,0.06,s1*s2,0,-82.07669933920812,-27.293816273192526
balanced_contour_1e-10_R4.8,0.06,s1*s2,1,37.611663374659074,2.499122024752215
balanced_contour_1e-10_R4.8,0.06,s2*s3,0,2.5998158974966317,8.346404707900696
balanced_contour_1e-10_R4.8,0.06,s2*s3,1,-2.7062822487963585,-2.788219564168844
balanced_contour_1e-10_R4.8,0.06,s3*s4,0,0.8977144052719495,-0.2994320058677674
balanced_contour_1e-10_R4.8,0.06,s3*s4,1,-0.3512764368509894,0.14623201600569521
balanced_contour_1e-10_R4.8,0.06,s1*s4,0,-8.76185716091855,-14.62943094885036
balanced_contour_1e-10_R4.8,0.06,s1*s4,1,5.246688244564941,6.683208280229675
balanced_contour_1e-10_R4.8,0.07500000000000001,s1*s2,0,-82.07670000067633,-27.293818189964632
balanced_contour_1e-10_R4.8,0.07500000000000001,s1*s2,1,37.6116637690061,2.499122764339064
balanced_contour_1e-10_R4.8,0.07500000000000001,s2*s3,0,2.5998158210164766,8.346404880692734
balanced_contour_1e-10_R4.8,0.07500000000000001,s2*s3,1,-2.7062822280091794,-2.7882196357020836
balanced_contour_1e-10_R4.8,0.07500000000000001,s3*s4,0,0.8977144212611301,-0.299431990164177
balanced_contour_1e-10_R4.8,0.07500000000000001,s3*s4,1,-0.35127644476485487,0.1462320105148177
balanced_contour_1e-10_R4.8,0.07500000000000001,s1*s4,0,-8.761856962583881,-14.62943137624867
balanced_contour_1e-10_R4.8,0.07500000000000001,s1*s4,1,5.246688197932062,6.683208470497114
balanced_contour_1e-10_R4.8,0.08999999999999997,s1*s2,0,-82.0766996098515,-27.293816952926427
balanced_contour_1e-10_R4.8,0.08999999999999997,s1*s2,1,37.61166352572859,2.4991222831767472
balanced_contour_1e-10_R4.8,0.08999999999999997,s2*s3,0,2.5998158735390273,8.346404771513345
balanced_contour_1e-10_R4.8,0.08999999999999997,s2*s3,1,-2.706282242651201,-2.7882195898562183
balanced_contour_1e-10_R4.8,0.08999999999999997,s3*s4,0,0.8977144112658813,-0.2994320004084905
balanced_contour_1e-10_R4.8,0.08999999999999997,s3*s4,1,-0.3512764397532036,0.14623201412358416
balanced_contour_1e-10_R4.8,0.08999999999999997,s1*s4,0,-8.761857095883048,-14.629431107214359
balanced_contour_1e-10_R4.8,0.08999999999999997,s1*s4,1,5.246688230516781,6.683208349311879
balanced_contour_1e-10_R4.8,0.10499999999999998,s1*s2,0,-82.07669958283691,-27.293816991750468
balanced_contour_1e-10_R4.8,0.10499999999999998,s1*s2,1,37.611663515705295,2.4991223064326533
balanced_contour_1e-10_R4.8,0.10499999999999998,s2*s3,0,2.599815868402594,8.346404772326007
balanced_contour_1e-10_R4.8,0.10499999999999998,s2*s3,1,-2.7062822401089637,-2.7882195908524188
balanced_contour_1e-10_R4.8,0.10499999999999998,s3*s4,0,0.897714411232969,-0.2994319999594821
balanced_contour_1e-10_R4.8,0.10499999999999998,s3*s4,1,-0.3512764397799674,0.14623201387941798
balanced_contour_1e-10_R4.8,0.10499999999999998,s1*s4,0,-8.761857086109238,-14.629431108282134
balanced_contour_1e-10_R4.8,0.10499999999999998,s1*s4,1,5.24668822540864,6.683208350988439
balanced_contour_1e-10_R4.8,0.12,s1*s2,0,-82.07669906740459,-27.2938162426304
balanced_contour_1e-10_R4.8,0.12,s1*s2,1,37.61166326375709,2.499122066598247
balanced_contour_1e-10_R4.8,0.12,s2*s3,0,2.599815879119335,8.346404687974786
balanced_contour_1e-10_R4.8,0.12,s2*s3,1,-2.706282237750659,-2.7882195602134208
balanced_contour_1e-10_R4.8,0.12,s3*s4,0,0.8977144025580288,-0.2994320049609605
balanced_contour_1e-10_R4.8,0.12,s3*s4,1,-0.35127643597495806,0.1462320151272054
balanced_contour_1e-10_R4.8,0.12,s1*s4,0,-8.761857122994797,-14.629430897936746
balanced_contour_1e-10_R4.8,0.12,s1*s4,1,5.2466882197521825,6.683208267926447
balanced_contour_1e-10_R4.8,0.135,s1*s2,0,-82.0766997194952,-27.293817305209288
balanced_contour_1e-10_R4.8,0.135,s1*s2,1,37.61166361299179,2.4991224181735583
balanced_contour_1e-10_R4.8,0.135,s2*s3,0,2.5998158574495998,8.346404805795013
balanced_contour_1e-10_R4.8,0.135,s2*s3,1,-2.70628224000148,-2.7882196058738455
balanced_contour_1e-10_R4.8,0.135,s3*s4,0,0.8977144138623476,-0.2994319977493991
balanced_contour_1e-10_R4.8,0.135,s3*s4,1,-0.35127644117024304,0.14623201329228824
balanced_contour_1e-10_R4.8,0.135,s1*s4,0,-8.761857053719236,-14.629431178673165
balanced_contour_1e-10_R4.8,0.135,s1*s4,1,5.246688221471664,6.6832083846298564
balanced_contour_1e-10_R4.8,0.15000000000000002,s1*s2,0,-82.07670063491287,-27.293818771080147
balanced_contour_1e-10_R4.8,0.15000000000000002,s1*s2,1,37.6116640330256,2.4991229286988883
balanced_contour_1e-10_R4.8,0.15000000000000002,s2*s3,0,2.5998158236031443,8.346404962094988
balanced_contour_1e-10_R4.8,0.15000000000000002,s2*s3,1,-2.706282233566264,-2.7882196638807897
balanced_contour_1e-10_R4.8,0.15000000000000002,s3*s4,0,0.897714430444013,-0.29943198797068477
balanced_contour_1e-10_R4.8,0.15000000000000002,s3*s4,1,-0.35127644825368065,0.14623201038608563
balanced_contour_1e-10_R4.8,0.15000000000000002,s1*s4,0,-8.761856976570108,-14.629431568565906
balanced_contour_1e-10_R4.8,0.15000000000000002,s1*s4,1,5.2466882173106235,6.683208537385464
balanced_contour_1e-10_R4.8,0.16499999999999998,s1*s2,0,-82.07669952982461,-27.293817248521194
balanced_contour_1e-10_R4.8,0.16499999999999998,s1*s2,1,37.61166354226187,2.4991224274742336
balanced_contour_1e-10_R4.8,0.16499999999999998,s2*s3,0,2.5998158463225636,8.346404789285858
balanced_contour_1e-10_R4.8,0.16499999999999998,s2*s3,1,-2.706282233788282,-2.7882196024677004
balanced_contour_1e-10_R4.8,0.16499999999999998,s3*s4,0,0.897714411845674,-0.2994319975140611
balanced_contour_1e-10_R4.8,0.16499999999999998,s3*s4,1,-0.35127644051504975,0.1462320129475938
balanced_contour_1e-10_R4.8,0.16499999999999998,s1*s4,0,-8.761857033767729,-14.62943113656599
balanced_contour_1e-10_R4.8,0.16499999999999998,s1*s4,1,5.246688208259385,6.683208373147173
balanced_contour_1e-10_R4.8,0.18,s1*s2,0,-82.07669899738661,-27.29381737644674
balanced_contour_1e-10_R4.8,0.18,s1*s2,1,37.61166339834538,2.499122569148306
balanced_contour_1e-10_R4.8,0.18,s2*s3,0,2.5998157964260664,8.346404765297635
balanced_contour_1e-10_R4.8,0.18,s2*s3,1,-2.7062822131714452,-2.788219605149003
balanced_contour_1e-10_R4.8,0.18,s3*s4,0,0.8977144073717698,-0.29943199412085225
balanced_contour_1e-10_R4.8,0.18,s3*s4,1,-0.3512764396955566,0.1462320110832189
balanced_contour_1e-10_R4.8,0.18,s1*s4,0,-8.761856928090525,-14.629431063047866
balanced_contour_1e-10_R4.8,0.18,s1*s4,1,5.246688160051825,6.68320836879625
balanced_contour_1e-10_R4.8,0.195,s1*s2,0,-82.07669813011476,-27.293817528791383
balanced_contour_1e-10_R4.8,0.195,s1*s2,1,37.61166320648377,2.499122744433306
balanced_contour_1e-10_R4.8,0.195,s2*s3,0,2.5998157218473454,8.346404725314848
balanced_contour_1e-10_R4.8,0.195,s2*s3,1,-2.706282188224531,-2.7882196096269816
balanced_contour_1e-10_R4.8,0.195,s3*s4,0,0.8977143994280565,-0.29943198904333584
balanced_contour_1e-10_R4.8,0.195,s3*s4,1,-0.3512764383055712,0.14623200868646086
balanced_contour_1e-10_R4.8,0.195,s1*s4,0,-8.761856757399936,-14.629430935494598
balanced_contour_1e-10_R4.8,0.195,s1*s4,1,5.246688093526342,6.683208361301862
balanced_contour_1e-10_R4.8,0.20999999999999996,s1*s2,0,-82.07670321780319,-27.293819086983124
balanced_contour_1e-10_R4.8,0.20999999999999996,s1*s2,1,37.6116649613956,2.499122659042266
balanced_contour_1e-10_R4.8,0.20999999999999996,s2*s3,0,2.599815987075646,8.346405158288821
balanced_contour_1e-10_R4.8,0.20999999999999996,s2*s3,1,-2.706282317640375,-2.7882197054747926
balanced_contour_1e-10_R4.8,0.20999999999999996,s3*s4,0,0.8977144563490831,-0.29943199746728033
balanced_contour_1e-10_R4.8,0.20999999999999996,s3*s4,1,-0.35127645586465217,0.14623201738639016
balanced_contour_1e-10_R4.8,0.20999999999999996,s1*s4,0,-8.761857334681226,-14.629432037344854
balanced_contour_1e-10_R4.8,0.20999999999999996,s1*s4,1,5.2466884108219025,6.683208646044953
balanced_contour_1e-10_R4.8,0.22499999999999998,s1*s2,0,-82.07670041674464,-27.293817620033714
balanced_contour_1e-10_R4.8,0.22499999999999998,s1*s2,1,37.61166392081492,2.4991224483238215
balanced_contour_1e-10_R4.8,0.22499999999999998,s2*s3,0,2.5998158844531445,8.346404875853807
balanced_contour_1e-10_R4.8,0.22499999999999998,s2*s3,1,-2.7062822592187836,-2.7882196291596766
balanced_contour_1e-10_R4.8,0.22499999999999998,s3*s4,0,0.8977144220022718,-0.29943199833875156
balanced_contour_1e-10_R4.8,0.22499999999999998,s3*s4,1,-0.3512764442253724,0.14623201459275412
balanced_contour_1e-10_R4.8,0.22499999999999998,s1*s4,0,-8.761857113862165,-14.629431338318895
balanced_contour_1e-10_R4.8,0.22499999999999998,s1*s4,1,5.246688265461585,6.683208437692677
balanced_contour_1e-10_R4.8,0.24,s1*s2,0,-82.07670056568331,-27.29381765553118
balanced_contour_1e-10_R4.8,0.24,s1*s2,1,37.61166398320104,2.499122448478455
balanced_contour_1e-10_R4.8,0.24,s2*s3,0,2.599815891958648,8.346404889050273
balanced_contour_1e-10_R4.8,0.24,s2*s3,1,-2.7062822634007158,-2.788219633731714
balanced_contour_1e-10_R4.8,0.24,s3*s4,0,0.8977144235656747,-0.2994319987907601
balanced_contour_1e-10_R4.8,0.24,s3*s4,1,-0.35127644480432174,0.1462320149210769
balanced_contour_1e-10_R4.8,0.24,s1*s4,0,-8.761857131653171,-14.629431366311593
balanced_contour_1e-10_R4.8,0.24,s1*s4,1,5.246688275113488,6.6832084470353905
balanced_contour_3e-13_R4.8,-0.24,s1*s2,0,-82.07669971405728,-27.293816840056294
balanced_contour_3e-13_R4.8,-0.24,s1*s2,1,37.61166357255488,2.499122227662586
balanced_contour_3e-13_R4.8,-0.24,s2*s3,0,2.5998158898295975,8.346404770107645
balanced_contour_3e-13_R4.8,-0.24,s2*s3,1,-2.706282250304348,-2.788219589011225
balanced_contour_3e-13_R4.8,-0.24,s3*s4,0,0.8977144116614422,-0.2994320018699056
balanced_contour_3e-13_R4.8,-0.24,s3*s4,1,-0.35127643989506363,0.14623201482885803
balanced_contour_3e-13_R4.8,-0.24,s1*s4,0,-8.761857129836818,-14.629431108447667
balanced_contour_3e-13_R4.8,-0.24,s1*s4,1,5.246688246356564,6.683208348996988
balanced_contour_3e-13_R4.8,-0.22499999999999998,s1*s2,0,-82.07669971350238,-27.29381683428256
balanced_contour_3e-13_R4.8,-0.22499999999999998,s1*s2,1,37.61166357194625,2.4991222248230454
balanced_contour_3e-13_R4.8,-0.22499999999999998,s2*s3,0,2.5998158901340105,8.346404769546231
balanced_contour_3e-13_R4.8,-0.22499999999999998,s2*s3,1,-2.706282250425413,-2.7882195887132455
balanced_contour_3e-13_R4.8,-0.22499999999999998,s3*s4,0,0.8977144116440805,-0.29943200191680597
balanced_contour_3e-13_R4.8,-0.22499999999999998,s3*s4,1,-0.3512764398832385,0.14623201485148943
balanced_contour_3e-13_R4.8,-0.22499999999999998,s1*s4,0,-8.761857130913185,-14.629431107477918
balanced_contour_3e-13_R4.8,-0.22499999999999998,s1*s4,1,5.246688246832887,6.683208348458384
balanced_contour_3e-13_R4.8,-0.21,s1*s2,0,-82.07669971213407,-27.293816829065676
balanced_contour_3e-13_R4.8,-0.21,s1*s2,1,37.61166357096862,2.4991222222889844
balanced_contour_3e-13_R4.8,-0.21,s2*s3,0,2.599815890348824,8.346404768974482
balanced_contour_3e-13_R4.8,-0.21,s2*s3,1,-2.7062822505015642,-2.7882195884124665
balanced_contour_3e-13_R4.8,-0.21,s3*s4,0,0.8977144116182618,-0.29943200195659014
balanced_contour_3e-13_R4.8,-0.21,s3*s4,1,-0.3512764398679838,0.1462320148698824
balanced_contour_3e-13_R4.8,-0.21,s1*s4,0,-8.761857131743318,-14.629431106477625
balanced_contour_3e-13_R4.8,-0.21,s1*s4,1,5.246688247194368,6.683208347916091
balanced_contour_3e-13_R4.8,-0.195,s1*s2,0,-82.0766997099679,-27.29381682260226
balanced_contour_3e-13_R4.8,-0.195,s1*s2,1,37.61166356950838,2.499122219303209
balanced_contour_3e-13_R4.8,-0.195,s2*s3,0,2.5998158905455373,8.346404768257052
balanced_contour_3e-13_R4.8,-0.195,s2*s3,1,-2.706282250551385,-2.7882195880562177
balanced_contour_3e-13_R4.8,-0.195,s3*s4,0,0.8977144115808501,-0.299432002007616
balanced_contour_3e-13_R4.8,-0.195,s3*s4,1,-0.35127643984626955,0.1462320148924791
balanced_contour_3e-13_R4.8,-0.195,s1*s4,0,-8.761857132701975,-14.629431105089498
balanced_contour_3e-13_R4.8,-0.195,s1*s4,1,5.2466882475628465,6.683208347181459
balanced_contour_3e-13_R4.8,-0.18,s1*s2,0,-82.07669970662751,-27.293816817619863
balanced_contour_3e-13_R4.8,-0.18,s1*s2,1,37.611663567563156,2.4991222170566987
balanced_contour_3e-13_R4.8,-0.18,s2*s3,0,2.5998158905806017,8.346404767577326
balanced_contour_3e-13_R4.8,-0.18,s2*s3,1,-2.7062822505273996,-2.7882195877190163
balanced_contour_3e-13_R4.8,-0.18,s3*s4,0,0.8977144115347219,-0.2994320020372395
balanced_contour_3e-13_R4.8,-0.18,s3*s4,1,-0.351276439822167,0.14623201490435522
balanced_contour_3e-13_R4.8,-0.18,s1*s4,0,-8.761857133195722,-14.629431103778701
balanced_contour_3e-13_R4.8,-0.18,s1*s4,1,5.246688247726968,6.683208346506308
balanced_contour_3e-13_R4.8,-0.16499999999999998,s1*s2,0,-82.07669970249577,-27.29381681189291
balanced_contour_3e-13_R4.8,-0.16499999999999998,s1*s2,1,37.611663565171646,2.4991222145785947
balanced_contour_3e-13_R4.8,-0.16499999999999998,s2*s3,0,2.5998158906066178,8.346404766797688
balanced_contour_3e-13_R4.8,-0.16499999999999998,s2*s3,1,-2.706282250482798,-2.7882195873425077
balanced_contour_3e-13_R4.8,-0.16499999999999998,s3*s4,0,0.897714411476763,-0.2994320020792058
balanced_contour_3e-13_R4.8,-0.16499999999999998,s3*s4,1,-0.35127643979142775,0.1462320149199888
balanced_contour_3e-13_R4.8,-0.16499999999999998,s1*s4,0,-8.761857133637266,-14.629431102202467
balanced_contour_3e-13_R4.8,-0.16499999999999998,s1*s4,1,5.246688247835518,6.683208345709289
balanced_contour_3e-13_R4.8,-0.15,s1*s2,0,-82.07669969740881,-27.293816807223955
balanced_contour_3e-13_R4.8,-0.15,s1*s2,1,37.611663562364484,2.4991222126570127
balanced_contour_3e-13_R4.8,-0.15,s2*s3,0,2.5998158904948507,8.346404766057637
balanced_contour_3e-13_R4.8,-0.15,s2*s3,1,-2.706282250374425,-2.7882195869863904
balanced_contour_3e-13_R4.8,-0.15,s3*s4,0,0.8977144114163784,-0.2994320021055067
balanced_contour_3e-13_R4.8,-0.15,s3*s4,1,-0.3512764397600193,0.1462320149280684
balanced_contour_3e-13_R4.8,-0.15,s1*s4,0,-8.761857133727727,-14.629431100596937
balanced_contour_3e-13_R4.8,-0.15,s1*s4,1,5.246688247775585,6.683208344922402
balanced_contour_3e-13_R4.8,-0.135,s1*s2,0,-82.07669969133217,-27.293816803280393
balanced_contour_3e-13_R4.8,-0.135,s1*s2,1,37.61166355912415,2.499122211151501
balanced_contour_3e-13_R4.8,-0.135,s2*s3,0,2.5998158902361657,8.346404765325294
balanced_contour_3e-13_R4.8,-0.135,s2*s3,1,-2.706282250199452,-2.78821958664362
balanced_contour_3e-13_R4.8,-0.135,s3*s4,0,0.8977144113505376,-0.2994320021149202
balanced_contour_3e-13_R4.8,-0.135,s3*s4,1,-0.35127643972719164,0.14623201492841226
balanced_contour_3e-13_R4.8,-0.135,s1*s4,0,-8.761857133577912,-14.629431098893285
balanced_contour_3e-13_R4.8,-0.135,s1*s4,1,5.246688247584346,6.683208344106996
balanced_contour_3e-13_R4.8,-0.12,s1*s2,0,-82.07669968412071,-27.29381679867455
balanced_contour_3e-13_R4.8,-0.12,s1*s2,1,37.61166355525278,2.4991222095334225
balanced_contour_3e-13_R4.8,-0.12,s2*s3,0,2.599815889905062,8.346404764446689
balanced_contour_3e-13_R4.8,-0.12,s2*s3,1,-2.7062822499670607,-2.788219586250685
balanced_contour_3e-13_R4.8,-0.12,s3*s4,0,0.8977144112693909,-0.2994320021252996
balanced_contour_3e-13_R4.8,-0.12,s3*s4,1,-0.3512764396871041,0.14623201492726368
balanced_contour_3e-13_R4.8,-0.12,s1*s4,0,-8.761857133426714,-14.62943109689245
balanced_contour_3e-13_R4.8,-0.12,s1*s4,1,5.246688247333906,6.683208343149479
balanced_contour_3e-13_R4.8,-0.10499999999999998,s1*s2,0,-82.07669967627568,-27.29381679698361
balanced_contour_3e-13_R4.8,-0.10499999999999998,s1*s2,1,37.61166355126328,2.499122209217737
balanced_contour_3e-13_R4.8,-0.10499999999999998,s2*s3,0,2.5998158893720493,8.346404763756881
balanced_contour_3e-13_R4.8,-0.10499999999999998,s2*s3,1,-2.7062822496596626,-2.7882195859430805
balanced_contour_3e-13_R4.8,-0.10499999999999998,s3*s4,0,0.8977144111883241,-0.29943200210259197
balanced_contour_3e-13_R4.8,-0.10499999999999998,s3*s4,1,-0.3512764396498959,0.14623201491097126
balanced_contour_3e-13_R4.8,-0.10499999999999998,s1*s4,0,-8.761857132624275,-14.629431095304216
balanced_contour_3e-13_R4.8,-0.10499999999999998,s1*s4,1,5.246688246832479,6.683208342416348
balanced_contour_3e-13_R4.8,-0.09,s1*s2,0,-82.07669966696868,-27.293816792331434
balanced_contour_3e-13_R4.8,-0.09,s1*s2,1,37.611663546325666,2.4991222079027673
balanced_contour_3e-13_R4.8,-0.09,s2*s3,0,2.5998158889001877,8.346404762786168
balanced_contour_3e-13_R4.8,-0.09,s2*s3,1,-2.7062822493345835,-2.7882195855255247
balanced_contour_3e-13_R4.8,-0.09,s3*s4,0,0.8977144110924317,-0.29943200211639887
balanced_contour_3e-13_R4.8,-0.09,s3*s4,1,-0.35127643960123106,0.14623201490786708
balanced_contour_3e-13_R4.8,-0.09,s1*s4,0,-8.761857132030421,-14.629431092854452
balanced_contour_3e-13_R4.8,-0.09,s1*s4,1,5.246688246302977,6.683208341296227
balanced_contour_3e-13_R4.8,-0.07500000000000001,s1*s2,0,-82.07669965720405,-27.29381679229212
balanced_contour_3e-13_R4.8,-0.07500000000000001,s1*s2,1,37.611663541476524,2.4991222086087204
balanced_contour_3e-13_R4.8,-0.07500000000000001,s2*s3,0,2.59981588814785,8.346404762149504
balanced_contour_3e-13_R4.8,-0.07500000000000001,s2*s3,1,-2.706282248912325,-2.7882195852562783
balanced_contour_3e-13_R4.8,-0.07500000000000001,s3*s4,0,0.8977144110089472,-0.29943200208244125
balanced_contour_3e-13_R4.8,-0.07500000000000001,s3*s4,1,-0.3512764395617954,0.14623201488386106
balanced_contour_3e-13_R4.8,-0.07500000000000001,s1*s4,0,-8.76185713049446,-14.629431091116594
balanced_contour_3e-13_R4.8,-0.07500000000000001,s1*s4,1,5.246688245427809,6.683208340561655
balanced_contour_3e-13_R4.8,-0.06,s1*s2,0,-82.07669964570722,-27.29381678974347
balanced_contour_3e-13_R4.8,-0.06,s1*s2,1,37.61166353558397,2.4991222085499154
balanced_contour_3e-13_R4.8,-0.06,s2*s3,0,2.599815887368798,8.346404761200093
balanced_contour_3e-13_R4.8,-0.06,s2*s3,1,-2.7062822484334155,-2.788219584873881
balanced_contour_3e-13_R4.8,-0.06,s3*s4,0,0.8977144109001981,-0.2994320020621558
balanced_contour_3e-13_R4.8,-0.06,s3*s4,1,-0.3512764395094908,0.1462320148627816
balanced_contour_3e-13_R4.8,-0.06,s1*s4,0,-8.761857129214633,-14.629431088625644
balanced_contour_3e-13_R4.8,-0.06,s1*s4,1,5.246688244538289,6.683208339477483
balanced_contour_3e-13_R4.8,-0.044999999999999984,s1*s2,0,-82.07669963430129,-27.29381679191647
balanced_contour_3e-13_R4.8,-0.044999999999999984,s1*s2,1,37.6116635300179,2.4991222105289377
balanced_contour_3e-13_R4.8,-0.044999999999999984,s2*s3,0,2.599815886286359,8.34640476059172
balanced_contour_3e-13_R4.8,-0.044999999999999984,s2*s3,1,-2.7062822478478825,-2.788219584650618
balanced_contour_3e-13_R4.8,-0.044999999999999984,s3*s4,0,0.8977144108090023,-0.2994320019846726
balanced_contour_3e-13_R4.8,-0.044999999999999984,s3*s4,1,-0.3512764394700563,0.1462320148179234
balanced_contour_3e-13_R4.8,-0.044999999999999984,s1*s4,0,-8.761857127228716,-14.629431086954618
balanced_contour_3e-13_R4.8,-0.044999999999999984,s1*s4,1,5.246688243399614,6.683208338797548
balanced_contour_3e-13_R4.8,-0.03,s1*s2,0,-82.0766996218056,-27.293816793496507
balanced_contour_3e-13_R4.8,-0.03,s1*s2,1,37.611663523857644,2.49912221248151
balanced_contour_3e-13_R4.8,-0.03,s2*s3,0,2.599815885152751,8.34640475985121
balanced_contour_3e-13_R4.8,-0.03,s2*s3,1,-2.706282247212386,-2.7882195843872415
balanced_contour_3e-13_R4.8,-0.03,s3*s4,0,0.89771441070148,-0.29943200190954256
balanced_contour_3e-13_R4.8,-0.03,s3*s4,1,-0.35127643942320674,0.1462320147712583
balanced_contour_3e-13_R4.8,-0.03,s1*s4,0,-8.761857125187975,-14.629431085029044
balanced_contour_3e-13_R4.8,-0.03,s1*s4,1,5.246688242173904,6.68320833800945
balanced_contour_3e-13_R4.8,-0.015000000000000013,s1*s2,0,-82.07669960904461,-27.293816798331743
balanced_contour_3e-13_R4.8,-0.015000000000000013,s1*s2,1,37.611663517736034,2.499122215934624
balanced_contour_3e-13_R4.8,-0.015000000000000013,s2*s3,0,2.599815883828422,8.346404759323315
balanced_contour_3e-13_R4.8,-0.015000000000000013,s2*s3,1,-2.706282246496864,-2.7882195842229747
balanced_contour_3e-13_R4.8,-0.015000000000000013,s3*s4,0,0.8977144106041988,-0.29943200180454166
balanced_contour_3e-13_R4.8,-0.015000000000000013,s3*s4,1,-0.35127643938269454,0.14623201471070554
balanced_contour_3e-13_R4.8,-0.015000000000000013,s1*s4,0,-8.761857122504628,-14.629431083641768
balanced_contour_3e-13_R4.8,-0.015000000000000013,s1*s4,1,5.246688240697262,6.683208337504804
balanced_contour_3e-13_R4.8,0.0,s1*s2,0,-82.07669959566579,-27.293816804244702
balanced_contour_3e-13_R4.8,0.0,s1*s2,1,37.61166351138237,2.4991222200453476
balanced_contour_3e-13_R4.8,0.0,s2*s3,0,2.599815882426317,8.346404758840979
balanced_contour_3e-13_R4.8,0.0,s2*s3,1,-2.706282245735446,-2.788219584092523
balanced_contour_3e-13_R4.8,0.0,s3*s4,0,0.8977144105054666,-0.2994320016989648
balanced_contour_3e-13_R4.8,0.0,s3*s4,1,-0.3512764393414079,0.14623201464759317
balanced_contour_3e-13_R4.8,0.0,s1*s4,0,-8.761857119432658,-14.629431082348711
balanced_contour_3e-13_R4.8,0.0,s1*s4,1,5.24668823903377,6.683208337084437
balanced_contour_3e-13_R4.8,0.015000000000000013,s1*s2,0,-82.07669958198679,-27.29381681202276
balanced_contour_3e-13_R4.8,0.015000000000000013,s1*s2,1,37.61166350497993,2.499122225118904
balanced_contour_3e-13_R4.8,0.015000000000000013,s2*s3,0,2.599815880877465,8.346404758478954
balanced_contour_3e-13_R4.8,0.015000000000000013,s2*s3,1,-2.706282244906905,-2.7882195840289103
balanced_contour_3e-13_R4.8,0.015000000000000013,s3*s4,0,0.8977144104151528,-0.2994320015729773
balanced_contour_3e-13_R4.8,0.015000000000000013,s3*s4,1,-0.3512764393049678,0.14623201457464874
balanced_contour_3e-13_R4.8,0.015000000000000013,s1*s4,0,-8.761857116008777,-14.629431081284947
balanced_contour_3e-13_R4.8,0.015000000000000013,s1*s4,1,5.246688237204973,6.683208336806272
balanced_contour_3e-13_R4.8,0.030000000000000027,s1*s2,0,-82.07669956817072,-27.293816821193598
balanced_contour_3e-13_R4.8,0.030000000000000027,s1*s2,1,37.61166349863882,2.4991222309473597
balanced_contour_3e-13_R4.8,0.030000000000000027,s2*s3,0,2.59981587919206,8.346404758219967
balanced_contour_3e-13_R4.8,0.030000000000000027,s2*s3,1,-2.7062822440213967,-2.788219584035764
balanced_contour_3e-13_R4.8,0.030000000000000027,s3*s4,0,0.8977144103295357,-0.29943200142687026
balanced_contour_3e-13_R4.8,0.030000000000000027,s3*s4,1,-0.3512764392732601,0.14623201449273612
balanced_contour_3e-13_R4.8,0.030000000000000027,s1*s4,0,-8.761857112393887,-14.629431080373799
balanced_contour_3e-13_R4.8,0.030000000000000027,s1*s4,1,5.246688235273507,6.683208336628124
balanced_contour_3e-13_R4.8,0.044999999999999984,s1*s2,0,-82.07669955496767,-27.29381683487398
balanced_contour_3e-13_R4.8,0.044999999999999984,s1*s2,1,37.61166349280567,2.49912223883155
balanced_contour_3e-13_R4.8,0.044999999999999984,s2*s3,0,2.59981587723943,8.346404758314131
balanced_contour_3e-13_R4.8,0.044999999999999984,s2*s3,1,-2.7062822430296727,-2.788219584214311
balanced_contour_3e-13_R4.8,0.044999999999999984,s3*s4,0,0.8977144102747004,-0.29943200123569175
balanced_contour_3e-13_R4.8,0.044999999999999984,s3*s4,1,-0.3512764392585394,0.1462320143917878
balanced_contour_3e-13_R4.8,0.044999999999999984,s1*s4,0,-8.761857108194333,-14.629431080273777
balanced_contour_3e-13_R4.8,0.044999999999999984,s1*s4,1,5.246688233117726,6.683208336858187
balanced_contour_3e-13_R4.8,0.06,s1*s2,0,-82.07669954123983,-27.293816847844962
balanced_contour_3e-13_R4.8,0.06,s1*s2,1,37.61166348674067,2.4991222466702423
balanced_contour_3e-13_R4.8,0.06,s2*s3,0,2.5998158753320295,8.34640475835079
balanced_contour_3e-13_R4.8,0.06,s2*s3,1,-2.7062822420412713,-2.7882195843867565
balanced_contour_3e-13_R4.8,0.06,s3*s4,0,0.8977144102110882,-0.29943200106351914
balanced_contour_3e-13_R4.8,0.06,s3*s4,1,-0.35127643923868773,0.14623201429630592
balanced_contour_3e-13_R4.8,0.06,s1*s4,0,-8.761857103885472,-14.629431079965713
balanced_contour_3e-13_R4.8,0.06,s1*s4,1,5.246688230867073,6.6832083370519095
balanced_contour_3e-13_R4.8,0.07500000000000001,s1*s2,0,-82.07669953075037,-27.29381686917828
balanced_contour_3e-13_R4.8,0.07500000000000001,s1*s2,1,37.61166348267279,2.4991222578790238
balanced_contour_3e-13_R4.8,0.07500000000000001,s2*s3,0,2.5998158730612726,8.346404759185837
balanced_contour_3e-13_R4.8,0.07500000000000001,s2*s3,1,-2.706282240955159,-2.788219584920342
balanced_contour_3e-13_R4.8,0.07500000000000001,s3*s4,0,0.897714410221402,-0.29943200081586874
balanced_contour_3e-13_R4.8,0.07500000000000001,s3*s4,1,-0.3512764392578066,0.14623201417371595
balanced_contour_3e-13_R4.8,0.07500000000000001,s1*s4,0,-8.761857098852161,-14.629431081493392
balanced_contour_3e-13_R4.8,0.07500000000000001,s1*s4,1,5.246688228446465,6.6832083380946194
balanced_contour_3e-13_R4.8,0.08999999999999997,s1*s2,0,-82.07669951879541,-27.29381688686831
balanced_contour_3e-13_R4.8,0.08999999999999997,s1*s2,1,37.61166347779553,2.499122268020531
balanced_contour_3e-13_R4.8,0.08999999999999997,s2*s3,0,2.5998158708827352,8.346404759659407
balanced_contour_3e-13_R4.8,0.08999999999999997,s2*s3,1,-2.7062822398625226,-2.7882195853407277
balanced_contour_3e-13_R4.8,0.08999999999999997,s3*s4,0,0.8977144102002845,-0.29943200059432695
balanced_contour_3e-13_R4.8,0.08999999999999997,s3*s4,1,-0.3512764392632749,0.1462320140572915
balanced_contour_3e-13_R4.8,0.08999999999999997,s1*s4,0,-8.76185709424701,-14.629431082154337
balanced_contour_3e-13_R4.8,0.08999999999999997,s1*s4,1,5.246688226075288,6.683208338794056
balanced_contour_3e-13_R4.8,0.10499999999999998,s1*s2,0,-82.07669951384878,-27.293816917303985
balanced_contour_3e-13_R4.8,0.10499999999999998,s1*s2,1,37.61166347691814,2.4991222828564674
balanced_contour_3e-13_R4.8,0.10499999999999998,s2*s3,0,2.5998158684314907,8.34640476148049
balanced_contour_3e-13_R4.8,0.10499999999999998,s2*s3,1,-2.7062822387677623,-2.788219586323432
balanced_contour_3e-13_R4.8,0.10499999999999998,s3*s4,0,0.8977144102994684,-0.2994320002911013
balanced_contour_3e-13_R4.8,0.10499999999999998,s3*s4,1,-0.35127643932734887,0.14623201391636445
balanced_contour_3e-13_R4.8,0.10499999999999998,s1*s4,0,-8.761857088590885,-14.629431086141253
balanced_contour_3e-13_R4.8,0.10499999999999998,s1*s4,1,5.246688223587383,6.683208340980241
balanced_contour_3e-13_R4.8,0.12,s1*s2,0,-82.07669950440653,-27.29381693888923
balanced_contour_3e-13_R4.8,0.12,s1*s2,1,37.611663473659824,2.499122295000072
balanced_contour_3e-13_R4.8,0.12,s2*s3,0,2.5998158662401796,8.346404762388739
balanced_contour_3e-13_R4.8,0.12,s2*s3,1,-2.706282237680086,-2.7882195869810236
balanced_contour_3e-13_R4.8,0.12,s3*s4,0,0.8977144103127664,-0.2994320000653186
balanced_contour_3e-13_R4.8,0.12,s3*s4,1,-0.3512764393512308,0.14623201379585798
balanced_contour_3e-13_R4.8,0.12,s1*s4,0,-8.7618570835787,-14.629431087931358
balanced_contour_3e-13_R4.8,0.12,s1*s4,1,5.246688221095453,6.683208342324274
balanced_contour_3e-13_R4.8,0.135,s1*s2,0,-82.07669950611778,-27.2938169756583
balanced_contour_3e-13_R4.8,0.135,s1*s2,1,37.61166347644898,2.4991223122827426
balanced_contour_3e-13_R4.8,0.135,s2*s3,0,2.5998158638295306,8.346404765152569
balanced_contour_3e-13_R4.8,0.135,s2*s3,1,-2.7062822366841597,-2.7882195884020438
balanced_contour_3e-13_R4.8,0.135,s3*s4,0,0.8977144105132571,-0.29943199974322954
balanced_contour_3e-13_R4.8,0.135,s3*s4,1,-0.3512764394634543,0.1462320136544566
balanced_contour_3e-13_R4.8,0.135,s1*s4,0,-8.761857077885448,-14.629431093891196
balanced_contour_3e-13_R4.8,0.135,s1*s4,1,5.246688218751327,6.683208345460013
balanced_contour_3e-13_R4.8,0.15000000000000002,s1*s2,0,-82.07669950383799,-27.293817004759696
balanced_contour_3e-13_R4.8,0.15000000000000002,s1*s2,1,37.61166347728419,2.4991223274702827
balanced_contour_3e-13_R4.8,0.15000000000000002,s2*s3,0,2.5998158616190166,8.346404767118292
balanced_contour_3e-13_R4.8,0.15000000000000002,s2*s3,1,-2.7062822356795198,-2.7882195895685142
balanced_contour_3e-13_R4.8,0.15000000000000002,s3*s4,0,0.8977144106332835,-0.29943199948420224
balanced_contour_3e-13_R4.8,0.15000000000000002,s3*s4,1,-0.3512764395415775,0.1462320135273866
balanced_contour_3e-13_R4.8,0.15000000000000002,s1*s4,0,-8.76185707277285,-14.629431097938413
balanced_contour_3e-13_R4.8,0.15000000000000002,s1*s4,1,5.246688216395804,6.683208347916544
balanced_contour_3e-13_R4.8,0.16499999999999998,s1*s2,0,-82.07669951279514,-27.29381704497778
balanced_contour_3e-13_R4.8,0.16499999999999998,s1*s2,1,37.61166348393614,2.4991223461699748
balanced_contour_3e-13_R4.8,0.16499999999999998,s2*s3,0,2.5998158594008336,8.346404770662492
balanced_contour_3e-13_R4.8,0.16499999999999998,s2*s3,1,-2.7062822348300646,-2.7882195913875116
balanced_contour_3e-13_R4.8,0.16499999999999998,s3*s4,0,0.8977144109195598,-0.2994319991646311
balanced_contour_3e-13_R4.8,0.16499999999999998,s3*s4,1,-0.35127643969725475,0.1462320133917827
balanced_contour_3e-13_R4.8,0.16499999999999998,s1*s4,0,-8.761857067740253,-14.629431105443924
balanced_contour_3e-13_R4.8,0.16499999999999998,s1*s4,1,5.2466882144354345,6.6832083518115155
balanced_contour_3e-13_R4.8,0.18,s1*s2,0,-82.0766995210386,-27.29381708161837
balanced_contour_3e-13_R4.8,0.18,s1*s2,1,37.61166349043119,2.4991223642384925
balanced_contour_3e-13_R4.8,0.18,s2*s3,0,2.5998158572965053,8.34640477388247
balanced_contour_3e-13_R4.8,0.18,s2*s3,1,-2.7062822339730115,-2.788219593164242
balanced_contour_3e-13_R4.8,0.18,s3*s4,0,0.8977144111824182,-0.29943199887083444
balanced_contour_3e-13_R4.8,0.18,s3*s4,1,-0.35127643984932955,0.14623201326018265
balanced_contour_3e-13_R4.8,0.18,s1*s4,0,-8.761857063315487,-14.629431112203314
balanced_contour_3e-13_R4.8,0.18,s1*s4,1,5.246688212591961,6.683208355513292
balanced_contour_3e-13_R4.8,0.195,s1*s2,0,-82.07669954059882,-27.29381712664263
balanced_contour_3e-13_R4.8,0.195,s1*s2,1,37.611663503085,2.4991223846501938
balanced_contour_3e-13_R4.8,0.195,s2*s3,0,2.599815855487853,8.346404778526699
balanced_contour_3e-13_R4.8,0.195,s2*s3,1,-2.7062822334285483,-2.788219595536676
balanced_contour_3e-13_R4.8,0.195,s3*s4,0,0.8977144115940038,-0.29943199857003844
balanced_contour_3e-13_R4.8,0.195,s3*s4,1,-0.351276440069011,0.14623201314382886
balanced_contour_3e-13_R4.8,0.195,s1*s4,0,-8.761857059112767,-14.62943112208267
balanced_contour_3e-13_R4.8,0.195,s1*s4,1,5.246688211256076,6.683208360604675
balanced_contour_3e-13_R4.8,0.20999999999999996,s1*s2,0,-82.07669956730268,-27.29381717222094
balanced_contour_3e-13_R4.8,0.20999999999999996,s1*s2,1,37.61166351913148,2.4991224051778818
balanced_contour_3e-13_R4.8,0.20999999999999996,s2*s3,0,2.5998158541353993,8.346404783721866
balanced_contour_3e-13_R4.8,0.20999999999999996,s2*s3,1,-2.7062822331146945,-2.78821959815948
balanced_contour_3e-13_R4.8,0.20999999999999996,s3*s4,0,0.8977144120787076,-0.2994319983020704
balanced_contour_3e-13_R4.8,0.20999999999999996,s3*s4,1,-0.35127644032177174,0.14623201304631786
balanced_contour_3e-13_R4.8,0.20999999999999996,s1*s4,0,-8.761857055926818,-14.629431133115787
balanced_contour_3e-13_R4.8,0.20999999999999996,s1*s4,1,5.246688210411301,6.68320836622722
balanced_contour_3e-13_R4.8,0.22499999999999998,s1*s2,0,-82.07669959934846,-27.2938172267138
balanced_contour_3e-13_R4.8,0.22499999999999998,s1*s2,1,37.61166354010388,2.499122429389889
balanced_contour_3e-13_R4.8,0.22499999999999998,s2*s3,0,2.59981585244299,8.346404789917107
balanced_contour_3e-13_R4.8,0.22499999999999998,s2*s3,1,-2.706282232848234,-2.7882196014043057
balanced_contour_3e-13_R4.8,0.22499999999999998,s3*s4,0,0.8977144126395902,-0.29943199796899406
balanced_contour_3e-13_R4.8,0.22499999999999998,s3*s4,1,-0.351276440632735,0.1462320129316079
balanced_contour_3e-13_R4.8,0.22499999999999998,s1*s4,0,-8.761857052313758,-14.629431146376074
balanced_contour_3e-13_R4.8,0.22499999999999998,s1*s4,1,5.246688209818128,6.683208373169898
balanced_contour_3e-13_R4.8,0.24,s1*s2,0,-82.07669965604417,-27.293817275775382
balanced_contour_3e-13_R4.8,0.24,s1*s2,1,37.611663570241156,2.499122448532849
balanced_contour_3e-13_R4.8,0.24,s2*s3,0,2.5998158528311572,8.346404797469432
balanced_contour_3e-13_R4.8,0.24,s2*s3,1,-2.706282233557932,-2.788219604945293
balanced_contour_3e-13_R4.8,0.24,s3*s4,0,0.897714413415738,-0.29943199779620655
balanced_contour_3e-13_R4.8,0.24,s3*s4,1,-0.3512764410128384,0.14623201290591034
balanced_contour_3e-13_R4.8,0.24,s1*s4,0,-8.761857053494321,-14.629431162557298
balanced_contour_3e-13_R4.8,0.24,s1*s4,1,5.246688211492086,6.6832083806806
balanced_contour_3e-13_R4.2,-0.24,s1*s2,0,-82.07671798114308,-27.293827534085278
balanced_contour_3e-13_R4.2,-0.24,s1*s2,1,37.611673282644595,2.499125921585799
balanced_contour_3e-13_R4.2,-0.24,s2*s3,0,2.5998166627036676,8.346406935388618
balanced_contour_3e-13_R4.2,-0.24,s2*s3,1,-2.7062827985945095,-2.7882205759209993
balanced_contour_3e-13_R4.2,-0.24,s3*s4,0,0.8977146124644304,-0.2994319816277299
balanced_contour_3e-13_R4.2,-0.24,s3*s4,1,-0.35127653867948144,0.14623202152758258
balanced_contour_3e-13_R4.2,-0.24,s1*s4,0,-8.761857847036735,-14.62943586090615
balanced_contour_3e-13_R4.2,-0.24,s1*s4,1,5.2466889785571285,6.6832105873748935
balanced_contour_3e-13_R4.2,-0.22499999999999998,s1*s2,0,-82.07671796145416,-27.293826617087383
balanced_contour_3e-13_R4.2,-0.22499999999999998,s1*s2,1,37.611673223625026,2.499125463260309
balanced_contour_3e-13_R4.2,-0.22499999999999998,s2*s3,0,2.5998167201745295,8.346406847531401
balanced_contour_3e-13_R4.2,-0.22499999999999998,s2*s3,1,-2.70628282267775,-2.7882205288229405
balanced_contour_3e-13_R4.2,-0.22499999999999998,s3*s4,0,0.8977146097407621,-0.2994319894410853
balanced_contour_3e-13_R4.2,-0.22499999999999998,s3*s4,1,-0.3512765368959394,0.14623202529595855
balanced_contour_3e-13_R4.2,-0.22499999999999998,s1*s4,0,-8.761858026246108,-14.62943572979139
balanced_contour_3e-13_R4.2,-0.22499999999999998,s1*s4,1,5.246689061306643,6.683210512093732
balanced_contour_3e-13_R4.2,-0.21,s1*s2,0,-82.07671782840686,-27.293825673588003
balanced_contour_3e-13_R4.2,-0.21,s1*s2,1,37.61167310672727,2.49912500230347
balanced_contour_3e-13_R4.2,-0.21,s2*s3,0,2.599816769060227,8.346406751305462
balanced_contour_3e-13_R4.2,-0.21,s2*s3,1,-2.706282841744051,-2.7882204784433284
balanced_contour_3e-13_R4.2,-0.21,s3*s4,0,0.8977146058256678,-0.2994319972015498
balanced_contour_3e-13_R4.2,-0.21,s3*s4,1,-0.3512765345345001,0.14623202893540216
balanced_contour_3e-13_R4.2,-0.21,s1*s4,0,-8.76185819240627,-14.62943557160994
balanced_contour_3e-13_R4.2,-0.21,s1*s4,1,5.246689135216066,6.6832104246491815
balanced_contour_3e-13_R4.2,-0.195,s1*s2,0,-82.07671757258396,-27.293824713537305
balanced_contour_3e-13_R4.2,-0.195,s1*s2,1,37.61167292778573,2.4991245443716847
balanced_contour_3e-13_R4.2,-0.195,s2*s3,0,2.5998168082929194,8.346406646992277
balanced_contour_3e-13_R4.2,-0.195,s2*s3,1,-2.7062828552631037,-2.788220424972857
balanced_contour_3e-13_R4.2,-0.195,s3*s4,0,0.8977146006512571,-0.2994320047535767
balanced_contour_3e-13_R4.2,-0.195,s3*s4,1,-0.3512765315722104,0.146232032362557
balanced_contour_3e-13_R4.2,-0.195,s1*s4,0,-8.761858341849052,-14.629435386599646
balanced_contour_3e-13_R4.2,-0.195,s1*s4,1,5.246689198465053,6.683210325405964
balanced_contour_3e-13_R4.2,-0.18,s1*s2,0,-82.0767171853531,-27.29382374406309
balanced_contour_3e-13_R4.2,-0.18,s1*s2,1,37.6116726827699,2.4991240941170076
balanced_contour_3e-13_R4.2,-0.18,s2*s3,0,2.5998168369096057,8.346406534583592
balanced_contour_3e-13_R4.2,-0.18,s2*s3,1,-2.7062828626991915,-2.788220368510329
balanced_contour_3e-13_R4.2,-0.18,s3*s4,0,0.8977145941566846,-0.2994320119798447
balanced_contour_3e-13_R4.2,-0.18,s3*s4,1,-0.3512765279864031,0.1462320355098989
balanced_contour_3e-13_R4.2,-0.18,s1*s4,0,-8.761858471819314,-14.629435174632313
balanced_contour_3e-13_R4.2,-0.18,s1*s4,1,5.246689249539564,6.683210214510142
balanced_contour_3e-13_R4.2,-0.16499999999999998,s1*s2,0,-82.07671665787849,-27.2938227787516
balanced_contour_3e-13_R4.2,-0.16499999999999998,s1*s2,1,37.611672367983665,2.499123658802674
balanced_contour_3e-13_R4.2,-0.16499999999999998,s2*s3,0,2.599816853742179,8.346406414593663
balanced_contour_3e-13_R4.2,-0.16499999999999998,s2*s3,1,-2.706282863488518,-2.7882203093415248
balanced_contour_3e-13_R4.2,-0.16499999999999998,s3*s4,0,0.8977145862980193,-0.29943201869340325
balanced_contour_3e-13_R4.2,-0.16499999999999998,s3*s4,1,-0.3512765237674835,0.14623203827950076
balanced_contour_3e-13_R4.2,-0.16499999999999998,s1*s4,0,-8.76185857808683,-14.629434936821147
balanced_contour_3e-13_R4.2,-0.16499999999999998,s1*s4,1,5.246689286443391,6.683210092772035
balanced_contour_3e-13_R4.2,-0.15,s1*s2,0,-82.07671598190588,-27.293821828104456
balanced_contour_3e-13_R4.2,-0.15,s1*s2,1,37.611671979801315,2.499123244561661
balanced_contour_3e-13_R4.2,-0.15,s2*s3,0,2.599816857655015,8.34640628726815
balanced_contour_3e-13_R4.2,-0.15,s2*s3,1,-2.7062828570453985,-2.7882202476766618
balanced_contour_3e-13_R4.2,-0.15,s3*s4,0,0.8977145770408717,-0.29943202473337904
balanced_contour_3e-13_R4.2,-0.15,s3*s4,1,-0.3512765189079797,0.14623204058611858
balanced_contour_3e-13_R4.2,-0.15,s1*s4,0,-8.76185865745876,-14.629434673669985
balanced_contour_3e-13_R4.2,-0.15,s1*s4,1,5.246689307516658,6.683209960678163
balanced_contour_3e-13_R4.2,-0.135,s1*s2,0,-82.07671514905452,-27.293820904162484
balanced_contour_3e-13_R4.2,-0.135,s1*s2,1,37.6116715145736,2.4991228582951996
balanced_contour_3e-13_R4.2,-0.135,s2*s3,0,2.5998168474332735,8.346406152871475
balanced_contour_3e-13_R4.2,-0.135,s2*s3,1,-2.7062828427366257,-2.7882201837394778
balanced_contour_3e-13_R4.2,-0.135,s3*s4,0,0.8977145663553305,-0.2994320299217009
balanced_contour_3e-13_R4.2,-0.135,s3*s4,1,-0.3512765134045817,0.14623204233575118
balanced_contour_3e-13_R4.2,-0.135,s1*s4,0,-8.761858706528859,-14.629434386072841
balanced_contour_3e-13_R4.2,-0.135,s1*s4,1,5.246689311016026,6.683209818896961
balanced_contour_3e-13_R4.2,-0.12,s1*s2,0,-82.07671415189958,-27.293820024149618
balanced_contour_3e-13_R4.2,-0.12,s1*s2,1,37.61167096950215,2.4991225089429245
balanced_contour_3e-13_R4.2,-0.12,s2*s3,0,2.5998168217285134,8.3464060121302
balanced_contour_3e-13_R4.2,-0.12,s2*s3,1,-2.7062828199238016,-2.7882201179327413
balanced_contour_3e-13_R4.2,-0.12,s3*s4,0,0.8977145542334756,-0.2994320340382306
balanced_contour_3e-13_R4.2,-0.12,s3*s4,1,-0.3512765072676215,0.1462320434165425
balanced_contour_3e-13_R4.2,-0.12,s1*s4,0,-8.761858720949908,-14.629434076071735
balanced_contour_3e-13_R4.2,-0.12,s1*s4,1,5.246689294939879,6.683209668687201
balanced_contour_3e-13_R4.2,-0.10499999999999998,s1*s2,0,-82.07671298286581,-27.293819199597337
balanced_contour_3e-13_R4.2,-0.10499999999999998,s1*s2,1,37.61167034124545,2.4991222034032523
balanced_contour_3e-13_R4.2,-0.10499999999999998,s2*s3,0,2.599816779343825,8.346405865246883
balanced_contour_3e-13_R4.2,-0.10499999999999998,s2*s3,1,-2.706282787952765,-2.788220050478287
balanced_contour_3e-13_R4.2,-0.10499999999999998,s3*s4,0,0.897714540664178,-0.2994320369239292
balanced_contour_3e-13_R4.2,-0.10499999999999998,s3*s4,1,-0.35127650050093545,0.1462320437417678
balanced_contour_3e-13_R4.2,-0.10499999999999998,s1*s4,0,-8.761858697688997,-14.629433744555355
balanced_contour_3e-13_R4.2,-0.10499999999999998,s1*s4,1,5.246689257657118,6.683209510718377
balanced_contour_3e-13_R4.2,-0.09,s1*s2,0,-82.07671163616371,-27.29381845345777
balanced_contour_3e-13_R4.2,-0.09,s1*s2,1,37.611669628150985,2.499121953044386
balanced_contour_3e-13_R4.2,-0.09,s2*s3,0,2.599816718704036,8.3464057134855
balanced_contour_3e-13_R4.2,-0.09,s2*s3,1,-2.7062827461261802,-2.7882199820121967
balanced_contour_3e-13_R4.2,-0.09,s3*s4,0,0.8977145257035636,-0.2994320383149158
balanced_contour_3e-13_R4.2,-0.09,s3*s4,1,-0.35127649314578197,0.14623204318407731
balanced_contour_3e-13_R4.2,-0.09,s1*s4,0,-8.761858631671199,-14.62943339467498
balanced_contour_3e-13_R4.2,-0.09,s1*s4,1,5.246689196948567,6.683209346832636
balanced_contour_3e-13_R4.2,-0.07500000000000001,s1*s2,0,-82.0767101058719,-27.293817802813525
balanced_contour_3e-13_R4.2,-0.07500000000000001,s1*s2,1,37.61166882808622,2.4991217670952266
balanced_contour_3e-13_R4.2,-0.07500000000000001,s2*s3,0,2.5998166383398296,8.34640555748192
balanced_contour_3e-13_R4.2,-0.07500000000000001,s2*s3,1,-2.706282693711211,-2.7882199129631
balanced_contour_3e-13_R4.2,-0.07500000000000001,s3*s4,0,0.8977145093753871,-0.2994320379944104
balanced_contour_3e-13_R4.2,-0.07500000000000001,s3*s4,1,-0.3512764852284507,0.14623204163356793
balanced_contour_3e-13_R4.2,-0.07500000000000001,s1*s4,0,-8.761858519383628,-14.629433028595853
balanced_contour_3e-13_R4.2,-0.07500000000000001,s1*s4,1,5.24668911108617,6.683209178320816
balanced_contour_3e-13_R4.2,-0.06,s1*s2,0,-82.0767083869866,-27.293817267057193
balanced_contour_3e-13_R4.2,-0.06,s1*s2,1,37.6116679394182,2.4991216558446228
balanced_contour_3e-13_R4.2,-0.06,s2*s3,0,2.5998165366996155,8.346405398084672
balanced_contour_3e-13_R4.2,-0.06,s2*s3,1,-2.70628262993995,-2.788219843852932
balanced_contour_3e-13_R4.2,-0.06,s3*s4,0,0.897714491736184,-0.2994320357286245
balanced_contour_3e-13_R4.2,-0.06,s3*s4,1,-0.35127647679022184,0.14623203897409548
balanced_contour_3e-13_R4.2,-0.06,s1*s4,0,-8.761858357104662,-14.629432648961595
balanced_contour_3e-13_R4.2,-0.06,s1*s4,1,5.2466889982659,6.683209006715244
balanced_contour_3e-13_R4.2,-0.044999999999999984,s1*s2,0,-82.07670647781477,-27.29381687443463
balanced_contour_3e-13_R4.2,-0.044999999999999984,s1*s2,1,37.61166696284374,2.4991216328672223
balanced_contour_3e-13_R4.2,-0.044999999999999984,s2*s3,0,2.599816411973267,8.346405237058292
balanced_contour_3e-13_R4.2,-0.044999999999999984,s2*s3,1,-2.7062825540470588,-2.7882197755884026
balanced_contour_3e-13_R4.2,-0.044999999999999984,s3*s4,0,0.8977144729041042,-0.299432031213548
balanced_contour_3e-13_R4.2,-0.044999999999999984,s3*s4,1,-0.351276467907466,0.1462320350652461
balanced_contour_3e-13_R4.2,-0.044999999999999984,s1*s4,0,-8.76185814000187,-14.62943226045652
balanced_contour_3e-13_R4.2,-0.044999999999999984,s1*s4,1,5.246688856474337,6.683208834544025
balanced_contour_3e-13_R4.2,-0.03,s1*s2,0,-82.07670437467561,-27.293816643881875
balanced_contour_3e-13_R4.2,-0.03,s1*s2,1,37.61166589732997,2.499121708606539
balanced_contour_3e-13_R4.2,-0.03,s2*s3,0,2.599816262654172,8.34640507524385
balanced_contour_3e-13_R4.2,-0.03,s2*s3,1,-2.7062824652456836,-2.7882197087321137
balanced_contour_3e-13_R4.2,-0.03,s3*s4,0,0.8977144529575557,-0.29943202425232596
balanced_contour_3e-13_R4.2,-0.03,s3*s4,1,-0.3512764586294445,0.14623202980437192
balanced_contour_3e-13_R4.2,-0.03,s1*s4,0,-8.761857864716339,-14.629431865775297
balanced_contour_3e-13_R4.2,-0.03,s1*s4,1,5.246688684005725,6.68320866339452
balanced_contour_3e-13_R4.2,-0.015000000000000013,s1*s2,0,-82.07670208014888,-27.293816611600324
balanced_contour_3e-13_R4.2,-0.015000000000000013,s1*s2,1,37.611664746151604,2.499121899838928
balanced_contour_3e-13_R4.2,-0.015000000000000013,s2*s3,0,2.599816086713433,8.34640491525189
balanced_contour_3e-13_R4.2,-0.015000000000000013,s2*s3,1,-2.706282362738729,-2.788219644568702
balanced_contour_3e-13_R4.2,-0.015000000000000013,s3*s4,0,0.8977144321023482,-0.29943201449524504
balanced_contour_3e-13_R4.2,-0.015000000000000013,s3*s4,1,-0.35127644907551625,0.1462320230369856
balanced_contour_3e-13_R4.2,-0.015000000000000013,s1*s4,0,-8.761857525771607,-14.629431471527125
balanced_contour_3e-13_R4.2,-0.015000000000000013,s1*s4,1,5.246688478751298,6.683208496730468
balanced_contour_3e-13_R4.2,0.0,s1*s2,0,-82.07669959566577,-27.29381680424476
balanced_contour_3e-13_R4.2,0.0,s1*s2,1,37.61166351138236,2.499122220045363
balanced_contour_3e-13_R4.2,0.0,s2*s3,0,2.5998158824263116,8.346404758840983
balanced_contour_3e-13_R4.2,0.0,s2*s3,1,-2.7062822457354447,-2.7882195840925235
balanced_contour_3e-13_R4.2,0.0,s3*s4,0,0.8977144105054669,-0.29943200169896433
balanced_contour_3e-13_R4.2,0.0,s3*s4,1,-0.35127643934140795,0.146232014647593
balanced_contour_3e-13_R4.2,0.0,s1*s4,0,-8.76185711943265,-14.629431082348717
balanced_contour_3e-13_R4.2,0.0,s1*s4,1,5.246688239033766,6.683208337084438
balanced_contour_3e-13_R4.2,0.015000000000000013,s1*s2,0,-82.07669692696685,-27.293817257042104
balanced_contour_3e-13_R4.2,0.015000000000000013,s1*s2,1,37.61166219774712,2.499122685949047
balanced_contour_3e-13_R4.2,0.015000000000000013,s2*s3,0,2.5998156477778998,8.346404608680563
balanced_contour_3e-13_R4.2,0.015000000000000013,s2*s3,1,-2.706282113412815,-2.788219528692372
balanced_contour_3e-13_R4.2,0.015000000000000013,s3*s4,0,0.8977143884144682,-0.29943198553609723
balanced_contour_3e-13_R4.2,0.015000000000000013,s3*s4,1,-0.3512764295661971,0.14623200449234156
balanced_contour_3e-13_R4.2,0.015000000000000013,s1*s4,0,-8.761856641371491,-14.629430704923024
balanced_contour_3e-13_R4.2,0.015000000000000013,s1*s4,1,5.246687963136962,6.683208187945491
balanced_contour_3e-13_R4.2,0.030000000000000027,s1*s2,0,-82.07669408271062,-27.293818006764603
balanced_contour_3e-13_R4.2,0.030000000000000027,s1*s2,1,37.61166081162006,2.49912331493217
balanced_contour_3e-13_R4.2,0.030000000000000027,s2*s3,0,2.5998153807991367,8.346404467752134
balanced_contour_3e-13_R4.2,0.030000000000000027,s2*s3,1,-2.7062819649926486,-2.788219479933096
balanced_contour_3e-13_R4.2,0.030000000000000027,s3*s4,0,0.8977143661090317,-0.29943196569303787
balanced_contour_3e-13_R4.2,0.030000000000000027,s3*s4,1,-0.3512764199060502,0.1462319924356425
balanced_contour_3e-13_R4.2,0.030000000000000027,s1*s4,0,-8.761856087486875,-14.629430346572425
balanced_contour_3e-13_R4.2,0.030000000000000027,s1*s4,1,5.2466876494918075,6.6832080531162275
balanced_contour_3e-13_R4.2,0.044999999999999984,s1*s2,0,-82.0766910779073,-27.293819101372065
balanced_contour_3e-13_R4.2,0.044999999999999984,s1*s2,1,37.611659362917045,2.4991241286333725
balanced_contour_3e-13_R4.2,0.044999999999999984,s2*s3,0,2.5998150792794656,8.34640434022937
balanced_contour_3e-13_R4.2,0.044999999999999984,s2*s3,1,-2.7062817996770816,-2.788219439874684
balanced_contour_3e-13_R4.2,0.044999999999999984,s3*s4,0,0.8977143439902592,-0.2994319417870378
balanced_contour_3e-13_R4.2,0.044999999999999984,s3*s4,1,-0.35127641057439873,0.14623197832028476
balanced_contour_3e-13_R4.2,0.044999999999999984,s1*s4,0,-8.761855452815448,-14.62943001749663
balanced_contour_3e-13_R4.2,0.044999999999999984,s1*s4,1,5.246687296433305,6.6832079377125515
balanced_contour_3e-13_R4.2,0.06,s1*s2,0,-82.07668792633038,-27.293820575033116
balanced_contour_3e-13_R4.2,0.06,s1*s2,1,37.61165786072111,2.4991251436130395
balanced_contour_3e-13_R4.2,0.06,s2*s3,0,2.599814741680517,8.346404229322841
balanced_contour_3e-13_R4.2,0.06,s2*s3,1,-2.7062816168873876,-2.7882194102656728
balanced_contour_3e-13_R4.2,0.06,s3*s4,0,0.8977143223781899,-0.2994319135964021
balanced_contour_3e-13_R4.2,0.06,s3*s4,1,-0.35127640174377506,0.1462319620505614
balanced_contour_3e-13_R4.2,0.06,s1*s4,0,-8.761854734374765,-14.6294297251431
balanced_contour_3e-13_R4.2,0.06,s1*s4,1,5.24668690286142,6.683207845710173
balanced_contour_3e-13_R4.2,0.07500000000000001,s1*s2,0,-82.0766846565855,-27.293822489851628
balanced_contour_3e-13_R4.2,0.07500000000000001,s1*s2,1,37.61165632255061,2.4991263866432214
balanced_contour_3e-13_R4.2,0.07500000000000001,s2*s3,0,2.5998143656042902,8.346404141145964
balanced_contour_3e-13_R4.2,0.07500000000000001,s2*s3,1,-2.7062814159345194,-2.788219394066262
balanced_contour_3e-13_R4.2,0.07500000000000001,s3*s4,0,0.8977143018720253,-0.2994318806541448
balanced_contour_3e-13_R4.2,0.07500000000000001,s3*s4,1,-0.35127639372903346,0.14623194345205337
balanced_contour_3e-13_R4.2,0.07500000000000001,s1*s4,0,-8.761853927393242,-14.629429483902634
balanced_contour_3e-13_R4.2,0.07500000000000001,s1*s4,1,5.246686467604703,6.683207784119193
balanced_contour_3e-13_R4.2,0.08999999999999997,s1*s2,0,-82.07668129409501,-27.29382489114637
balanced_contour_3e-13_R4.2,0.08999999999999997,s1*s2,1,37.61165476400786,2.4991278787456688
balanced_contour_3e-13_R4.2,0.08999999999999997,s2*s3,0,2.5998139494449966,8.346404080484533
balanced_contour_3e-13_R4.2,0.08999999999999997,s2*s3,1,-2.7062811963304,-2.788219393792453
balanced_contour_3e-13_R4.2,0.08999999999999997,s3*s4,0,0.8977142829586566,-0.2994318426891062
balanced_contour_3e-13_R4.2,0.08999999999999997,s3*s4,1,-0.35127638678807976,0.14623192241925842
balanced_contour_3e-13_R4.2,0.08999999999999997,s1*s4,0,-8.761853029135322,-14.629429304693344
balanced_contour_3e-13_R4.2,0.08999999999999997,s1*s4,1,5.2466859899594755,6.683207758565783
balanced_contour_3e-13_R4.2,0.10499999999999998,s1*s2,0,-82.07667788036562,-27.293827846106705
balanced_contour_3e-13_R4.2,0.10499999999999998,s1*s2,1,37.61165320987861,2.499129648494311
balanced_contour_3e-13_R4.2,0.10499999999999998,s2*s3,0,2.5998134913555564,8.346404054821857
balanced_contour_3e-13_R4.2,0.10499999999999998,s2*s3,1,-2.706280957772621,-2.7882194130965563
balanced_contour_3e-13_R4.2,0.10499999999999998,s3*s4,0,0.8977142663726921,-0.29943179930648245
balanced_contour_3e-13_R4.2,0.10499999999999998,s3*s4,1,-0.3512763813006099,0.14623189881995094
balanced_contour_3e-13_R4.2,0.10499999999999998,s1*s4,0,-8.761852035674494,-14.629429204565142
balanced_contour_3e-13_R4.2,0.10499999999999998,s1*s4,1,5.246685469428867,6.683207777435305
balanced_contour_3e-13_R4.2,0.12,s1*s2,0,-82.07667447077277,-27.29383142670345
balanced_contour_3e-13_R4.2,0.12,s1*s2,1,37.611651691128294,2.4991317256335663
balanced_contour_3e-13_R4.2,0.12,s2*s3,0,2.599812989998894,8.346404072888184
balanced_contour_3e-13_R4.2,0.12,s2*s3,1,-2.706280700237146,-2.78821945613086
balanced_contour_3e-13_R4.2,0.12,s3*s4,0,0.8977142530229943,-0.2994317501276742
balanced_contour_3e-13_R4.2,0.12,s3*s4,1,-0.3512763777191475,0.1462318725409655
balanced_contour_3e-13_R4.2,0.12,s1*s4,0,-8.76185094479043,-14.629429203336441
balanced_contour_3e-13_R4.2,0.12,s1*s4,1,5.246684906420512,6.683207850162949
balanced_contour_3e-13_R4.2,0.135,s1*s2,0,-82.07667111592012,-27.293835698522507
balanced_contour_3e-13_R4.2,0.135,s1*s2,1,37.611650238942715,2.499134139025357
balanced_contour_3e-13_R4.2,0.135,s2*s3,0,2.5998124438332795,8.34640414293608
balanced_contour_3e-13_R4.2,0.135,s2*s3,1,-2.706280423699707,-2.7882195272179544
balanced_contour_3e-13_R4.2,0.135,s3*s4,0,0.8977142437343013,-0.29943169482793375
balanced_contour_3e-13_R4.2,0.135,s3*s4,1,-0.35127637648625304,0.14623184348884743
balanced_contour_3e-13_R4.2,0.135,s1*s4,0,-8.761849754507338,-14.629429318330615
balanced_contour_3e-13_R4.2,0.135,s1*s4,1,5.246684301318457,6.683207985726673
balanced_contour_3e-13_R4.2,0.15000000000000002,s1*s2,0,-82.07666790960766,-27.293840755044
balanced_contour_3e-13_R4.2,0.15000000000000002,s1*s2,1,37.611648903451794,2.4991369244321944
balanced_contour_3e-13_R4.2,0.15000000000000002,s2*s3,0,2.5998118527529455,8.346404277853264
balanced_contour_3e-13_R4.2,0.15000000000000002,s2*s3,1,-2.7062801290500045,-2.78821963223692
balanced_contour_3e-13_R4.2,0.15000000000000002,s3*s4,0,0.8977142398585,-0.2994316330329141
balanced_contour_3e-13_R4.2,0.15000000000000002,s3*s4,1,-0.35127637825476626,0.1462318115933918
balanced_contour_3e-13_R4.2,0.15000000000000002,s1*s4,0,-8.761848465142894,-14.62942957894205
balanced_contour_3e-13_R4.2,0.15000000000000002,s1*s4,1,5.246683656611655,6.683208197577225
balanced_contour_3e-13_R4.2,0.16499999999999998,s1*s2,0,-82.07666492548637,-27.293846678503186
balanced_contour_3e-13_R4.2,0.16499999999999998,s1*s2,1,37.61164773029279,2.499140117706901
balanced_contour_3e-13_R4.2,0.16499999999999998,s2*s3,0,2.5998112154682245,8.34640448884458
balanced_contour_3e-13_R4.2,0.16499999999999998,s2*s3,1,-2.7062798167151705,-2.788219777122407
balanced_contour_3e-13_R4.2,0.16499999999999998,s3*s4,0,0.8977142425144139,-0.2994315644029856
balanced_contour_3e-13_R4.2,0.16499999999999998,s3*s4,1,-0.35127638363136987,0.14623177677857124
balanced_contour_3e-13_R4.2,0.16499999999999998,s1*s4,0,-8.761847075650028,-14.629430008237966
balanced_contour_3e-13_R4.2,0.16499999999999998,s1*s4,1,5.246682973755288,6.6832084978345385
balanced_contour_3e-13_R4.2,0.18,s1*s2,0,-82.07666229670177,-27.293853582921518
balanced_contour_3e-13_R4.2,0.18,s1*s2,1,37.61164679183261,2.4991437611849445
balanced_contour_3e-13_R4.2,0.18,s2*s3,0,2.599810533014473,8.346404793181978
balanced_contour_3e-13_R4.2,0.18,s2*s3,1,-2.706279488621532,-2.788219969889631
balanced_contour_3e-13_R4.2,0.18,s3*s4,0,0.897714253520233,-0.2994314885893865
balanced_contour_3e-13_R4.2,0.18,s3*s4,1,-0.35127639350540596,0.1462317390350485
balanced_contour_3e-13_R4.2,0.18,s1*s4,0,-8.76184558918831,-14.629430644529787
balanced_contour_3e-13_R4.2,0.18,s1*s4,1,5.246682257570291,6.683208904242485
balanced_contour_3e-13_R4.2,0.195,s1*s2,0,-82.07666018065655,-27.293861574798736
balanced_contour_3e-13_R4.2,0.195,s1*s2,1,37.6116461713704,2.499147893292562
balanced_contour_3e-13_R4.2,0.195,s2*s3,0,2.599809808549226,8.346405209523697
balanced_contour_3e-13_R4.2,0.195,s2*s3,1,-2.706279147716669,-2.788220219169769
balanced_contour_3e-13_R4.2,0.195,s3*s4,0,0.8977142748918754,-0.2994314054764921
balanced_contour_3e-13_R4.2,0.195,s3*s4,1,-0.35127640884377925,0.1462316984659351
balanced_contour_3e-13_R4.2,0.195,s1*s4,0,-8.76184401361531,-14.629431528288888
balanced_contour_3e-13_R4.2,0.195,s1*s4,1,5.24668151498883,6.683209435469435
balanced_contour_3e-13_R4.2,0.20999999999999996,s1*s2,0,-82.07665873780887,-27.29387080431804
balanced_contour_3e-13_R4.2,0.20999999999999996,s1*s2,1,37.61164596628113,2.4991525731887876
balanced_contour_3e-13_R4.2,0.20999999999999996,s2*s3,0,2.599809042001832,8.346405760254989
balanced_contour_3e-13_R4.2,0.20999999999999996,s2*s3,1,-2.7062787963996335,-2.788220536301161
balanced_contour_3e-13_R4.2,0.20999999999999996,s3*s4,0,0.8977143088567928,-0.2994313145662238
balanced_contour_3e-13_R4.2,0.20999999999999996,s3*s4,1,-0.3512764308304074,0.1462316550517992
balanced_contour_3e-13_R4.2,0.20999999999999996,s1*s4,0,-8.761842350296561,-14.629432706342623
balanced_contour_3e-13_R4.2,0.20999999999999996,s1*s4,1,5.246680751650524,6.6832101152349495
balanced_contour_3e-13_R4.2,0.22499999999999998,s1*s2,0,-82.07665824389969,-27.293881374505432
balanced_contour_3e-13_R4.2,0.22499999999999998,s1*s2,1,37.61164630866043,2.499157827792073
balanced_contour_3e-13_R4.2,0.22499999999999998,s2*s3,0,2.5998082448901143,8.346406471824492
balanced_contour_3e-13_R4.2,0.22499999999999998,s2*s3,1,-2.706278441668921,-2.788220932443108
balanced_contour_3e-13_R4.2,0.22499999999999998,s3*s4,0,0.8977143584965648,-0.29943121633229947
balanced_contour_3e-13_R4.2,0.22499999999999998,s3*s4,1,-0.35127646083198394,0.14623160923139694
balanced_contour_3e-13_R4.2,0.22499999999999998,s1*s4,0,-8.761840626775433,-14.6294342374682
balanced_contour_3e-13_R4.2,0.22499999999999998,s1*s4,1,5.246679984317777,6.683210967991576
balanced_contour_3e-13_R4.2,0.24,s1*s2,0,-82.07665893249917,-27.29389351143842
balanced_contour_3e-13_R4.2,0.24,s1*s2,1,37.61164734993753,2.4991637452600135
balanced_contour_3e-13_R4.2,0.24,s2*s3,0,2.599807416709227,8.346407377899789
balanced_contour_3e-13_R4.2,0.24,s2*s3,1,-2.7062780876866595,-2.788221425181792
balanced_contour_3e-13_R4.2,0.24,s3*s4,0,0.8977144270822623,-0.2994311100217554
balanced_contour_3e-13_R4.2,0.24,s3*s4,1,-0.3512765006590798,0.14623156102307544
balanced_contour_3e-13_R4.2,0.24,s1*s4,0,-8.761838842857358,-14.629436190385112
balanced_contour_3e-13_R4.2,0.24,s1*s4,1,5.246679221815572,6.683212029957247
balanced_contour_3e-13_R5.4,-0.24,s1*s2,0,-82.0766995954925,-27.29381680440072
balanced_contour_3e-13_R5.4,-0.24,s1*s2,1,37.611663511334385,2.499122220118215
balanced_contour_3e-13_R5.4,-0.24,s2*s3,0,2.5998158824656263,8.346404758811198
balanced_contour_3e-13_R5.4,-0.24,s2*s3,1,-2.706282245748524,-2.7882195840760957
balanced_contour_3e-13_R5.4,-0.24,s3*s4,0,0.8977144104958233,-0.29943200170549933
balanced_contour_3e-13_R5.4,-0.24,s3*s4,1,-0.3512764393365885,0.14623201464902325
balanced_contour_3e-13_R5.4,-0.24,s1*s4,0,-8.761857119283516,-14.629431082483197
balanced_contour_3e-13_R5.4,-0.24,s1*s4,1,5.246688238991645,6.683208337154877
balanced_contour_3e-13_R5.4,-0.22499999999999998,s1*s2,0,-82.076699595522,-27.293816804321708
balanced_contour_3e-13_R5.4,-0.22499999999999998,s1*s2,1,37.611663511346336,2.4991222200783816
balanced_contour_3e-13_R5.4,-0.22499999999999998,s2*s3,0,2.5998158824606366,8.346404758822752
balanced_contour_3e-13_R5.4,-0.22499999999999998,s2*s3,1,-2.7062822457487243,-2.788219584080676
balanced_contour_3e-13_R5.4,-0.22499999999999998,s3*s4,0,0.8977144104994053,-0.29943200170470474
balanced_contour_3e-13_R5.4,-0.22499999999999998,s3*s4,1,-0.35127643933798897,0.146232014649123
balanced_contour_3e-13_R5.4,-0.22499999999999998,s1*s4,0,-8.761857119310951,-14.629431082427567
balanced_contour_3e-13_R5.4,-0.22499999999999998,s1*s4,1,5.24668823899975,6.683208337132187
balanced_contour_3e-13_R5.4,-0.21,s1*s2,0,-82.07669959564011,-27.293816804164656
balanced_contour_3e-13_R5.4,-0.21,s1*s2,1,37.611663511397275,2.4991222200006047
balanced_contour_3e-13_R5.4,-0.21,s2*s3,0,2.599815882469432,8.346404758825773
balanced_contour_3e-13_R5.4,-0.21,s2*s3,1,-2.7062822457540143,-2.7882195840820763
balanced_contour_3e-13_R5.4,-0.21,s3*s4,0,0.8977144105012689,-0.2994320017068334
balanced_contour_3e-13_R5.4,-0.21,s3*s4,1,-0.3512764393385239,0.14623201465023045
balanced_contour_3e-13_R5.4,-0.21,s1*s4,0,-8.761857119361673,-14.629431082395241
balanced_contour_3e-13_R5.4,-0.21,s1*s4,1,5.246688239020439,6.683208337117557
balanced_contour_3e-13_R5.4,-0.195,s1*s2,0,-82.07669959570127,-27.293816804304072
balanced_contour_3e-13_R5.4,-0.195,s1*s2,1,37.61166351143263,2.49912222005339
balanced_contour_3e-13_R5.4,-0.195,s2*s3,0,2.5998158824646422,8.346404758843457
balanced_contour_3e-13_R5.4,-0.195,s2*s3,1,-2.7062822457536915,-2.7882195840889863
balanced_contour_3e-13_R5.4,-0.195,s3*s4,0,0.8977144105034145,-0.2994320017046144
balanced_contour_3e-13_R5.4,-0.195,s3*s4,1,-0.351276439339606,0.14623201464953617
balanced_contour_3e-13_R5.4,-0.195,s1*s4,0,-8.761857119351225,-14.62943108242068
balanced_contour_3e-13_R5.4,-0.195,s1*s4,1,5.246688239018307,6.683208337129799
balanced_contour_3e-13_R5.4,-0.18,s1*s2,0,-82.07669959560255,-27.293816804128724
balanced_contour_3e-13_R5.4,-0.18,s1*s2,1,37.61166351137743,2.4991222199883882
balanced_contour_3e-13_R5.4,-0.18,s2*s3,0,2.5998158824595747,8.346404758818458
balanced_contour_3e-13_R5.4,-0.18,s2*s3,1,-2.706282245749587,-2.7882195840803243
balanced_contour_3e-13_R5.4,-0.18,s3*s4,0,0.8977144105008905,-0.2994320017045606
balanced_contour_3e-13_R5.4,-0.18,s3*s4,1,-0.3512764393385934,0.1462320146494338
balanced_contour_3e-13_R5.4,-0.18,s1*s4,0,-8.761857119390067,-14.629431082377192
balanced_contour_3e-13_R5.4,-0.18,s1*s4,1,5.2466882390292575,6.683208337106317
balanced_contour_3e-13_R5.4,-0.16499999999999998,s1*s2,0,-82.0766995956075,-27.293816804229998
balanced_contour_3e-13_R5.4,-0.16499999999999998,s1*s2,1,37.61166351137835,2.499122220035123
balanced_contour_3e-13_R5.4,-0.16499999999999998,s2*s3,0,2.5998158824785116,8.346404758815439
balanced_contour_3e-13_R5.4,-0.16499999999999998,s2*s3,1,-2.7062822457543776,-2.788219584076883
balanced_contour_3e-13_R5.4,-0.16499999999999998,s3*s4,0,0.8977144104991154,-0.29943200170786644
balanced_contour_3e-13_R5.4,-0.16499999999999998,s3*s4,1,-0.35127643933772734,0.14623201465024746
balanced_contour_3e-13_R5.4,-0.16499999999999998,s1*s4,0,-8.761857119330921,-14.62943108244215
balanced_contour_3e-13_R5.4,-0.16499999999999998,s1*s4,1,5.2466882390117675,6.683208337135444
balanced_contour_3e-13_R5.4,-0.15,s1*s2,0,-82.07669959563216,-27.29381680405764
balanced_contour_3e-13_R5.4,-0.15,s1*s2,1,37.6116635113837,2.499122219953771
balanced_contour_3e-13_R5.4,-0.15,s2*s3,0,2.5998158825051583,8.346404758814382
balanced_contour_3e-13_R5.4,-0.15,s2*s3,1,-2.706282245765839,-2.788219584073729
balanced_contour_3e-13_R5.4,-0.15,s3*s4,0,0.8977144104989728,-0.2994320017135504
balanced_contour_3e-13_R5.4,-0.15,s3*s4,1,-0.35127643933705366,0.14623201465248634
balanced_contour_3e-13_R5.4,-0.15,s1*s4,0,-8.761857119316858,-14.629431082412843
balanced_contour_3e-13_R5.4,-0.15,s1*s4,1,5.2466882390082334,6.683208337125454
balanced_contour_3e-13_R5.4,-0.135,s1*s2,0,-82.07669959562797,-27.293816804197498
balanced_contour_3e-13_R5.4,-0.135,s1*s2,1,37.611663511386915,2.4991222200147933
balanced_contour_3e-13_R5.4,-0.135,s2*s3,0,2.599815882487107,8.346404758831676
balanced_contour_3e-13_R5.4,-0.135,s2*s3,1,-2.7062822457597733,-2.78821958408142
balanced_contour_3e-13_R5.4,-0.135,s3*s4,0,0.8977144105022172,-0.29943200170927703
balanced_contour_3e-13_R5.4,-0.135,s3*s4,1,-0.35127643933870684,0.14623201465111513
balanced_contour_3e-13_R5.4,-0.135,s1*s4,0,-8.761857119311735,-14.629431082409155
balanced_contour_3e-13_R5.4,-0.135,s1*s4,1,5.246688239003714,6.683208337125443
balanced_contour_3e-13_R5.4,-0.12,s1*s2,0,-82.07669959555861,-27.293816804149742
balanced_contour_3e-13_R5.4,-0.12,s1*s2,1,37.611663511357364,2.4991222199954577
balanced_contour_3e-13_R5.4,-0.12,s2*s3,0,2.599815882467754,8.346404758816666
balanced_contour_3e-13_R5.4,-0.12,s2*s3,1,-2.7062822457520155,-2.788219584077666
balanced_contour_3e-13_R5.4,-0.12,s3*s4,0,0.8977144105006298,-0.2994320017048071
balanced_contour_3e-13_R5.4,-0.12,s3*s4,1,-0.3512764393385193,0.14623201464939486
balanced_contour_3e-13_R5.4,-0.12,s1*s4,0,-8.761857119358677,-14.62943108238762
balanced_contour_3e-13_R5.4,-0.12,s1*s4,1,5.246688239019694,6.683208337111525
balanced_contour_3e-13_R5.4,-0.10499999999999998,s1*s2,0,-82.07669959557226,-27.2938168042295
balanced_contour_3e-13_R5.4,-0.10499999999999998,s1*s2,1,37.61166351135837,2.499122220030485
balanced_contour_3e-13_R5.4,-0.10499999999999998,s2*s3,0,2.599815882446074,8.34640475880144
balanced_contour_3e-13_R5.4,-0.10499999999999998,s2*s3,1,-2.7062822457410474,-2.788219584074038
balanced_contour_3e-13_R5.4,-0.10499999999999998,s3*s4,0,0.897714410497389,-0.29943200169851336
balanced_contour_3e-13_R5.4,-0.10499999999999998,s3*s4,1,-0.35127643933813185,0.14623201464664304
balanced_contour_3e-13_R5.4,-0.10499999999999998,s1*s4,0,-8.761857119415518,-14.629431082434632
balanced_contour_3e-13_R5.4,-0.10499999999999998,s1*s4,1,5.246688239042651,6.683208337121045
balanced_contour_3e-13_R5.4,-0.09,s1*s2,0,-82.07669959564053,-27.2938168041369
balanced_contour_3e-13_R5.4,-0.09,s1*s2,1,37.61166351138955,2.4991222199814778
balanced_contour_3e-13_R5.4,-0.09,s2*s3,0,2.599815882473055,8.346404758829383
balanced_contour_3e-13_R5.4,-0.09,s2*s3,1,-2.7062822457559133,-2.7882195840819355
balanced_contour_3e-13_R5.4,-0.09,s3*s4,0,0.8977144105021186,-0.29943200170523476
balanced_contour_3e-13_R5.4,-0.09,s3*s4,1,-0.35127643933913,0.14623201464978713
balanced_contour_3e-13_R5.4,-0.09,s1*s4,0,-8.761857119367551,-14.629431082382442
balanced_contour_3e-13_R5.4,-0.09,s1*s4,1,5.246688239022505,6.683208337108742
balanced_contour_3e-13_R5.4,-0.07500000000000001,s1*s2,0,-82.0766995955827,-27.29381680415245
balanced_contour_3e-13_R5.4,-0.07500000000000001,s1*s2,1,37.61166351136531,2.499122220007116
balanced_contour_3e-13_R5.4,-0.07500000000000001,s2*s3,0,2.5998158824841955,8.346404758854511
balanced_contour_3e-13_R5.4,-0.07500000000000001,s2*s3,1,-2.706282245761159,-2.7882195840903314
balanced_contour_3e-13_R5.4,-0.07500000000000001,s3*s4,0,0.8977144105065843,-0.29943200171173595
balanced_contour_3e-13_R5.4,-0.07500000000000001,s3*s4,1,-0.3512764393400353,0.1462320146524913
balanced_contour_3e-13_R5.4,-0.07500000000000001,s1*s4,0,-8.76185711927825,-14.629431082329097
balanced_contour_3e-13_R5.4,-0.07500000000000001,s1*s4,1,5.246688238981755,6.6832083371007265
balanced_contour_3e-13_R5.4,-0.06,s1*s2,0,-82.07669959546679,-27.293816804188825
balanced_contour_3e-13_R5.4,-0.06,s1*s2,1,37.61166351132867,2.499122220035942
balanced_contour_3e-13_R5.4,-0.06,s2*s3,0,2.5998158824728526,8.346404758877183
balanced_contour_3e-13_R5.4,-0.06,s2*s3,1,-2.7062822457599953,-2.7882195840997386
balanced_contour_3e-13_R5.4,-0.06,s3*s4,0,0.8977144105098588,-0.29943200171233897
balanced_contour_3e-13_R5.4,-0.06,s3*s4,1,-0.35127643934104674,0.14623201465303992
balanced_contour_3e-13_R5.4,-0.06,s1*s4,0,-8.76185711921947,-14.629431082258042
balanced_contour_3e-13_R5.4,-0.06,s1*s4,1,5.246688238951469,6.683208337083625
balanced_contour_3e-13_R5.4,-0.044999999999999984,s1*s2,0,-82.07669959547721,-27.293816804220473
balanced_contour_3e-13_R5.4,-0.044999999999999984,s1*s2,1,37.61166351133134,2.4991222200582275
balanced_contour_3e-13_R5.4,-0.044999999999999984,s2*s3,0,2.599815882426166,8.346404758880537
balanced_contour_3e-13_R5.4,-0.044999999999999984,s2*s3,1,-2.706282245742361,-2.7882195841071415
balanced_contour_3e-13_R5.4,-0.044999999999999984,s3*s4,0,0.8977144105126807,-0.29943200170370066
balanced_contour_3e-13_R5.4,-0.044999999999999984,s3*s4,1,-0.3512764393432169,0.1462320146501335
balanced_contour_3e-13_R5.4,-0.044999999999999984,s1*s4,0,-8.761857119316465,-14.629431082212355
balanced_contour_3e-13_R5.4,-0.044999999999999984,s1*s4,1,5.2466882389790115,6.683208337056488
balanced_contour_3e-13_R5.4,-0.03,s1*s2,0,-82.07669959569509,-27.293816804464818
balanced_contour_3e-13_R5.4,-0.03,s1*s2,1,37.611663511450864,2.499122220132279
balanced_contour_3e-13_R5.4,-0.03,s2*s3,0,2.5998158823928526,8.346404758900007
balanced_contour_3e-13_R5.4,-0.03,s2*s3,1,-2.7062822457329463,-2.7882195841199304
balanced_contour_3e-13_R5.4,-0.03,s3*s4,0,0.8977144105138131,-0.29943200169406825
balanced_contour_3e-13_R5.4,-0.03,s3*s4,1,-0.3512764393451342,0.14623201464669688
balanced_contour_3e-13_R5.4,-0.03,s1*s4,0,-8.761857119401961,-14.62943108228472
balanced_contour_3e-13_R5.4,-0.03,s1*s4,1,5.246688239018206,6.683208337075466
balanced_contour_3e-13_R5.4,-0.015000000000000013,s1*s2,0,-82.0766995956393,-27.293816804225848
balanced_contour_3e-13_R5.4,-0.015000000000000013,s1*s2,1,37.61166351137835,2.4991222200430565
balanced_contour_3e-13_R5.4,-0.015000000000000013,s2*s3,0,2.599815882391106,8.34640475885316
balanced_contour_3e-13_R5.4,-0.015000000000000013,s2*s3,1,-2.706282245724806,-2.788219584100943
balanced_contour_3e-13_R5.4,-0.015000000000000013,s3*s4,0,0.8977144105092919,-0.2994320016916357
balanced_contour_3e-13_R5.4,-0.015000000000000013,s3*s4,1,-0.3512764393435278,0.14623201464528385
balanced_contour_3e-13_R5.4,-0.015000000000000013,s1*s4,0,-8.761857119495055,-14.629431082271132
balanced_contour_3e-13_R5.4,-0.015000000000000013,s1*s4,1,5.24668823904882,6.683208337052504
balanced_contour_3e-13_R5.4,0.0,s1*s2,0,-82.07669959566576,-27.293816804244756
balanced_contour_3e-13_R5.4,0.0,s1*s2,1,37.61166351138233,2.4991222200453684
balanced_contour_3e-13_R5.4,0.0,s2*s3,0,2.5998158824263107,8.34640475884098
balanced_contour_3e-13_R5.4,0.0,s2*s3,1,-2.706282245735443,-2.7882195840925217
balanced_contour_3e-13_R5.4,0.0,s3*s4,0,0.8977144105054665,-0.29943200169896417
balanced_contour_3e-13_R5.4,0.0,s3*s4,1,-0.3512764393414077,0.14623201464759272
balanced_contour_3e-13_R5.4,0.0,s1*s4,0,-8.761857119432644,-14.629431082348713
balanced_contour_3e-13_R5.4,0.0,s1*s4,1,5.24668823903376,6.6832083370844355
balanced_contour_3e-13_R5.4,0.015000000000000013,s1*s2,0,-82.07669959566523,-27.29381680416671
balanced_contour_3e-13_R5.4,0.015000000000000013,s1*s2,1,37.61166351136065,2.499122220008347
balanced_contour_3e-13_R5.4,0.015000000000000013,s2*s3,0,2.599815882463656,8.346404758826045
balanced_contour_3e-13_R5.4,0.015000000000000013,s2*s3,1,-2.7062822457467126,-2.7882195840805784
balanced_contour_3e-13_R5.4,0.015000000000000013,s3*s4,0,0.8977144105033753,-0.2994320017058549
balanced_contour_3e-13_R5.4,0.015000000000000013,s3*s4,1,-0.35127643933959396,0.1462320146497213
balanced_contour_3e-13_R5.4,0.015000000000000013,s1*s4,0,-8.761857119384034,-14.629431082386379
balanced_contour_3e-13_R5.4,0.015000000000000013,s1*s4,1,5.246688239021233,6.683208337101905
balanced_contour_3e-13_R5.4,0.030000000000000027,s1*s2,0,-82.07669959599593,-27.29381680482113
balanced_contour_3e-13_R5.4,0.030000000000000027,s1*s2,1,37.61166351158721,2.4991222202333323
balanced_contour_3e-13_R5.4,0.030000000000000027,s2*s3,0,2.5998158824480426,8.34640475889526
balanced_contour_3e-13_R5.4,0.030000000000000027,s2*s3,1,-2.7062822457495095,-2.7882195841115363
balanced_contour_3e-13_R5.4,0.030000000000000027,s3*s4,0,0.8977144105072089,-0.2994320017004857
balanced_contour_3e-13_R5.4,0.030000000000000027,s3*s4,1,-0.35127643934221287,0.14623201464803795
balanced_contour_3e-13_R5.4,0.030000000000000027,s1*s4,0,-8.761857119324475,-14.629431082559586
balanced_contour_3e-13_R5.4,0.030000000000000027,s1*s4,1,5.2466882390207115,6.683208337179523
balanced_contour_3e-13_R5.4,0.044999999999999984,s1*s2,0,-82.07669959565804,-27.293816804580963
balanced_contour_3e-13_R5.4,0.044999999999999984,s1*s2,1,37.61166351140981,2.4991222201940784
balanced_contour_3e-13_R5.4,0.044999999999999984,s2*s3,0,2.5998158824193176,8.346404758853724
balanced_contour_3e-13_R5.4,0.044999999999999984,s2*s3,1,-2.7062822457306863,-2.788219584099374
balanced_contour_3e-13_R5.4,0.044999999999999984,s3*s4,0,0.8977144105037363,-0.29943200169666234
balanced_contour_3e-13_R5.4,0.044999999999999984,s3*s4,1,-0.35127643934127045,0.1462320146458681
balanced_contour_3e-13_R5.4,0.044999999999999984,s1*s4,0,-8.761857119358643,-14.62943108244507
balanced_contour_3e-13_R5.4,0.044999999999999984,s1*s4,1,5.246688239015675,6.683208337128114
balanced_contour_3e-13_R5.4,0.06,s1*s2,0,-82.07669959601132,-27.293816805448635
balanced_contour_3e-13_R5.4,0.06,s1*s2,1,37.61166351165035,2.4991222205053907
balanced_contour_3e-13_R5.4,0.06,s2*s3,0,2.5998158824258675,8.346404758960281
balanced_contour_3e-13_R5.4,0.06,s2*s3,1,-2.7062822457446463,-2.7882195841392896
balanced_contour_3e-13_R5.4,0.06,s3*s4,0,0.8977144105110709,-0.2994320016981902
balanced_contour_3e-13_R5.4,0.06,s3*s4,1,-0.3512764393439498,0.1462320146471268
balanced_contour_3e-13_R5.4,0.06,s1*s4,0,-8.761857119164624,-14.629431082650996
balanced_contour_3e-13_R5.4,0.06,s1*s4,1,5.2466882389649605,6.683208337236786
balanced_contour_3e-13_R5.4,0.07500000000000001,s1*s2,0,-82.07669959564976,-27.2938168047356
balanced_contour_3e-13_R5.4,0.07500000000000001,s1*s2,1,37.611663511422066,2.499122220274714
balanced_contour_3e-13_R5.4,0.07500000000000001,s2*s3,0,2.5998158824236683,8.346404758898702
balanced_contour_3e-13_R5.4,0.07500000000000001,s2*s3,1,-2.7062822457360953,-2.788219584116968
balanced_contour_3e-13_R5.4,0.07500000000000001,s3*s4,0,0.8977144105076483,-0.2994320017019512
balanced_contour_3e-13_R5.4,0.07500000000000001,s3*s4,1,-0.3512764393421454,0.14623201464822336
balanced_contour_3e-13_R5.4,0.07500000000000001,s1*s4,0,-8.761857119248832,-14.629431082419787
balanced_contour_3e-13_R5.4,0.07500000000000001,s1*s4,1,5.246688238967098,6.683208337135146
balanced_contour_3e-13_R5.4,0.08999999999999997,s1*s2,0,-82.07669959640681,-27.293816806509223
balanced_contour_3e-13_R5.4,0.08999999999999997,s1*s2,1,37.61166351192237,2.4991222209231805
balanced_contour_3e-13_R5.4,0.08999999999999997,s2*s3,0,2.5998158823289526,8.346404759080052
balanced_contour_3e-13_R5.4,0.08999999999999997,s2*s3,1,-2.7062822457170737,-2.7882195842002653
balanced_contour_3e-13_R5.4,0.08999999999999997,s3*s4,0,0.8977144105254254,-0.2994320016826005
balanced_contour_3e-13_R5.4,0.08999999999999997,s3*s4,1,-0.35127643935179464,0.14623201464205432
balanced_contour_3e-13_R5.4,0.08999999999999997,s1*s4,0,-8.761857119144345,-14.629431082782606
balanced_contour_3e-13_R5.4,0.08999999999999997,s1*s4,1,5.246688238964318,6.683208337297248
balanced_contour_3e-13_R5.4,0.10499999999999998,s1*s2,0,-82.07669959604871,-27.29381680513408
balanced_contour_3e-13_R5.4,0.10499999999999998,s1*s2,1,37.61166351162994,2.4991222203969667
balanced_contour_3e-13_R5.4,0.10499999999999998,s2*s3,0,2.599815882412569,8.346404758938457
balanced_contour_3e-13_R5.4,0.10499999999999998,s2*s3,1,-2.7062822457349514,-2.7882195841358794
balanced_contour_3e-13_R5.4,0.10499999999999998,s3*s4,0,0.897714410510875,-0.2994320016957871
balanced_contour_3e-13_R5.4,0.10499999999999998,s3*s4,1,-0.35127643934446756,0.1462320146461048
balanced_contour_3e-13_R5.4,0.10499999999999998,s1*s4,0,-8.761857119298446,-14.62943108256919
balanced_contour_3e-13_R5.4,0.10499999999999998,s1*s4,1,5.246688239003376,6.683208337187433
balanced_contour_3e-13_R5.4,0.12,s1*s2,0,-82.07669959720793,-27.29381680817821
balanced_contour_3e-13_R5.4,0.12,s1*s2,1,37.611663512437175,2.4991222215113664
balanced_contour_3e-13_R5.4,0.12,s2*s3,0,2.5998158823553297,8.3464047592201
balanced_contour_3e-13_R5.4,0.12,s2*s3,1,-2.706282245740947,-2.7882195842496036
balanced_contour_3e-13_R5.4,0.12,s3*s4,0,0.8977144105297735,-0.2994320016844527
balanced_contour_3e-13_R5.4,0.12,s3*s4,1,-0.3512764393529939,0.1462320146427092
balanced_contour_3e-13_R5.4,0.12,s1*s4,0,-8.761857118859822,-14.629431083344237
balanced_contour_3e-13_R5.4,0.12,s1*s4,1,5.246688238922979,6.683208337562471
balanced_contour_3e-13_R5.4,0.135,s1*s2,0,-82.07669959616027,-27.293816805640855
balanced_contour_3e-13_R5.4,0.135,s1*s2,1,37.611663511763446,2.4991222206035637
balanced_contour_3e-13_R5.4,0.135,s2*s3,0,2.5998158824852853,8.346404758980091
balanced_contour_3e-13_R5.4,0.135,s2*s3,1,-2.7062822457700983,-2.7882195841426585
balanced_contour_3e-13_R5.4,0.135,s3*s4,0,0.8977144105107885,-0.2994320017111582
balanced_contour_3e-13_R5.4,0.135,s3*s4,1,-0.35127643934201824,0.14623201465211955
balanced_contour_3e-13_R5.4,0.135,s1*s4,0,-8.761857119016502,-14.629431082776039
balanced_contour_3e-13_R5.4,0.135,s1*s4,1,5.246688238920503,6.683208337321572
balanced_contour_3e-13_R5.4,0.15000000000000002,s1*s2,0,-82.07669959962672,-27.29381681131438
balanced_contour_3e-13_R5.4,0.15000000000000002,s1*s2,1,37.611663513808544,2.4991222224331464
balanced_contour_3e-13_R5.4,0.15000000000000002,s2*s3,0,2.5998158824187243,8.346404759636222
balanced_contour_3e-13_R5.4,0.15000000000000002,s2*s3,1,-2.7062822458247218,-2.788219584400099
balanced_contour_3e-13_R5.4,0.15000000000000002,s3*s4,0,0.8977144105663549,-0.2994320016864803
balanced_contour_3e-13_R5.4,0.15000000000000002,s3*s4,1,-0.3512764393665809,0.14623201464890936
balanced_contour_3e-13_R5.4,0.15000000000000002,s1*s4,0,-8.761857118481744,-14.629431084295781
balanced_contour_3e-13_R5.4,0.15000000000000002,s1*s4,1,5.246688238897834,6.683208338003293
balanced_contour_3e-13_R5.4,0.16499999999999998,s1*s2,0,-82.07669959673191,-27.293816806344765
balanced_contour_3e-13_R5.4,0.16499999999999998,s1*s2,1,37.611663512081776,2.499122220810966
balanced_contour_3e-13_R5.4,0.16499999999999998,s2*s3,0,2.5998158825358395,8.346404759119668
balanced_contour_3e-13_R5.4,0.16499999999999998,s2*s3,1,-2.706282245812631,-2.788219584189479
balanced_contour_3e-13_R5.4,0.16499999999999998,s3*s4,0,0.8977144105188901,-0.29943200172193973
balanced_contour_3e-13_R5.4,0.16499999999999998,s3*s4,1,-0.35127643934306935,0.14623201465789545
balanced_contour_3e-13_R5.4,0.16499999999999998,s1*s4,0,-8.761857118797884,-14.62943108296524
balanced_contour_3e-13_R5.4,0.16499999999999998,s1*s4,1,5.246688238852284,6.683208337436115
balanced_contour_3e-13_R5.4,0.18,s1*s2,0,-82.07669960174043,-27.293816812622953
balanced_contour_3e-13_R5.4,0.18,s1*s2,1,37.61166351466404,2.499122222715495
balanced_contour_3e-13_R5.4,0.18,s2*s3,0,2.5998158824329556,8.346404759906537
balanced_contour_3e-13_R5.4,0.18,s2*s3,1,-2.706282245852007,-2.788219584499693
balanced_contour_3e-13_R5.4,0.18,s3*s4,0,0.8977144105996282,-0.29943200168059264
balanced_contour_3e-13_R5.4,0.18,s3*s4,1,-0.35127643938011976,0.14623201465005953
balanced_contour_3e-13_R5.4,0.18,s1*s4,0,-8.761857118652923,-14.62943108471563
balanced_contour_3e-13_R5.4,0.18,s1*s4,1,5.24668823898799,6.683208338122312
balanced_contour_3e-13_R5.4,0.195,s1*s2,0,-82.07669959643053,-27.293816805203676
balanced_contour_3e-13_R5.4,0.195,s1*s2,1,37.61166351176738,2.499122220464323
balanced_contour_3e-13_R5.4,0.195,s2*s3,0,2.5998158825787705,8.346404759046457
balanced_contour_3e-13_R5.4,0.195,s2*s3,1,-2.706282245813328,-2.788219584161735
balanced_contour_3e-13_R5.4,0.195,s3*s4,0,0.8977144105210433,-0.2994320017328803
balanced_contour_3e-13_R5.4,0.195,s3*s4,1,-0.3512764393432407,0.1462320146623058
balanced_contour_3e-13_R5.4,0.195,s1*s4,0,-8.761857118921512,-14.629431082640405
balanced_contour_3e-13_R5.4,0.195,s1*s4,1,5.246688238831484,6.683208337284726
balanced_contour_3e-13_R5.4,0.20999999999999996,s1*s2,0,-82.07669960631668,-27.293816813985483
balanced_contour_3e-13_R5.4,0.20999999999999996,s1*s2,1,37.611663516438504,2.499122222631457
balanced_contour_3e-13_R5.4,0.20999999999999996,s2*s3,0,2.599815882732501,8.346404760389989
balanced_contour_3e-13_R5.4,0.20999999999999996,s2*s3,1,-2.7062822460289375,-2.7882195846346978
balanced_contour_3e-13_R5.4,0.20999999999999996,s3*s4,0,0.8977144106663533,-0.29943200170671463
balanced_contour_3e-13_R5.4,0.20999999999999996,s3*s4,1,-0.35127643940122627,0.14623201467051944
balanced_contour_3e-13_R5.4,0.20999999999999996,s1*s4,0,-8.761857118928306,-14.62943108555272
balanced_contour_3e-13_R5.4,0.20999999999999996,s1*s4,1,5.246688239156139,6.683208338386601
balanced_contour_3e-13_R5.4,0.22499999999999998,s1*s2,0,-82.0766995937798,-27.29381680670675
balanced_contour_3e-13_R5.4,0.22499999999999998,s1*s2,1,37.61166351099063,2.499122221666809
balanced_contour_3e-13_R5.4,0.22499999999999998,s2*s3,0,2.5998158822971726,8.346404759004255
balanced_contour_3e-13_R5.4,0.22499999999999998,s2*s3,1,-2.7062822456916114,-2.788219584208381
balanced_contour_3e-13_R5.4,0.22499999999999998,s3*s4,0,0.8977144105094159,-0.2994320017084754
balanced_contour_3e-13_R5.4,0.22499999999999998,s3*s4,1,-0.351276439343806,0.1462320146506745
balanced_contour_3e-13_R5.4,0.22499999999999998,s1*s4,0,-8.761857118212198,-14.629431082395303
balanced_contour_3e-13_R5.4,0.22499999999999998,s1*s4,1,5.2466882384688756,6.6832083373373194
balanced_contour_3e-13_R5.4,0.24,s1*s2,0,-82.07669959698715,-27.29381680831466
balanced_contour_3e-13_R5.4,0.24,s1*s2,1,37.61166351246514,2.499122221783795
balanced_contour_3e-13_R5.4,0.24,s2*s3,0,2.5998158823368396,8.346404759385964
balanced_contour_3e-13_R5.4,0.24,s2*s3,1,-2.706282245760342,-2.788219584354694
balanced_contour_3e-13_R5.4,0.24,s3*s4,0,0.8977144105544428,-0.29943200169243367
balanced_contour_3e-13_R5.4,0.24,s3*s4,1,-0.35127643936496294,0.14623201465015498
balanced_contour_3e-13_R5.4,0.24,s1*s4,0,-8.761857118584858,-14.629431082989624
balanced_contour_3e-13_R5.4,0.24,s1*s4,1,5.2466882387107034,6.683208337485505
balanced_contour_3e-13_R6,-0.24,s1*s2,0,-82.07669959507419,-27.293816804466736
balanced_contour_3e-13_R6,-0.24,s1*s2,1,37.61166351113408,2.4991222201850087
balanced_contour_3e-13_R6,-0.24,s2*s3,0,2.5998158824249997,8.346404758786969
balanced_contour_3e-13_R6,-0.24,s2*s3,1,-2.706282245726857,-2.788219584067657
balanced_contour_3e-13_R6,-0.24,s3*s4,0,0.8977144104925573,-0.2994320017033458
balanced_contour_3e-13_R6,-0.24,s3*s4,1,-0.35127643933513303,0.14623201464767752
balanced_contour_3e-13_R6,-0.24,s1*s4,0,-8.76185711921417,-14.629431082417465
balanced_contour_3e-13_R6,-0.24,s1*s4,1,5.246688238951627,6.683208337128534
balanced_contour_3e-13_R6,-0.22499999999999998,s1*s2,0,-82.07669959508627,-27.293816805071685
balanced_contour_3e-13_R6,-0.22499999999999998,s1*s2,1,37.611663511185306,2.4991222204439527
balanced_contour_3e-13_R6,-0.22499999999999998,s2*s3,0,2.599815882388517,8.346404758852428
balanced_contour_3e-13_R6,-0.22499999999999998,s2*s3,1,-2.70628224571763,-2.788219584095065
balanced_contour_3e-13_R6,-0.22499999999999998,s3*s4,0,0.8977144104980372,-0.29943200169498574
balanced_contour_3e-13_R6,-0.22499999999999998,s3*s4,1,-0.35127643933808395,0.14623201464443886
balanced_contour_3e-13_R6,-0.22499999999999998,s1*s4,0,-8.761857119102771,-14.629431082484182
balanced_contour_3e-13_R6,-0.22499999999999998,s1*s4,1,5.246688238911195,6.6832083371722915
balanced_contour_3e-13_R6,-0.21,s1*s2,0,-82.07669959524603,-27.293816804288085
balanced_contour_3e-13_R6,-0.21,s1*s2,1,37.611663511211255,2.4991222200908476
balanced_contour_3e-13_R6,-0.21,s2*s3,0,2.59981588242883,8.346404758807978
balanced_contour_3e-13_R6,-0.21,s2*s3,1,-2.706282245732781,-2.788219584076206
balanced_contour_3e-13_R6,-0.21,s3*s4,0,0.8977144104983507,-0.29943200170410733
balanced_contour_3e-13_R6,-0.21,s3*s4,1,-0.3512764393372766,0.1462320146486466
balanced_contour_3e-13_R6,-0.21,s1*s4,0,-8.761857119283622,-14.629431082344974
balanced_contour_3e-13_R6,-0.21,s1*s4,1,5.246688238977968,6.683208337098768
balanced_contour_3e-13_R6,-0.195,s1*s2,0,-82.07669959534343,-27.29381680528413
balanced_contour_3e-13_R6,-0.195,s1*s2,1,37.61166351132227,2.4991222205125547
balanced_contour_3e-13_R6,-0.195,s2*s3,0,2.5998158823865323,8.34640475889464
balanced_contour_3e-13_R6,-0.195,s2*s3,1,-2.706282245721544,-2.7882195841123383
balanced_contour_3e-13_R6,-0.195,s3*s4,0,0.8977144105037265,-0.29943200169276707
balanced_contour_3e-13_R6,-0.195,s3*s4,1,-0.35127643934065134,0.14623201464402696
balanced_contour_3e-13_R6,-0.195,s1*s4,0,-8.761857119114339,-14.629431082532303
balanced_contour_3e-13_R6,-0.195,s1*s4,1,5.246688238922621,6.683208337196487
balanced_contour_3e-13_R6,-0.18,s1*s2,0,-82.07669959525889,-27.29381680445416
balanced_contour_3e-13_R6,-0.18,s1*s2,1,37.6116635112284,2.4991222201670054
balanced_contour_3e-13_R6,-0.18,s2*s3,0,2.599815882411907,8.346404758818638
balanced_contour_3e-13_R6,-0.18,s2*s3,1,-2.706282245726291,-2.788219584082576
balanced_contour_3e-13_R6,-0.18,s3*s4,0,0.897714410499277,-0.29943200169993683
balanced_contour_3e-13_R6,-0.18,s3*s4,1,-0.3512764393381221,0.14623201464706082
balanced_contour_3e-13_R6,-0.18,s1*s4,0,-8.761857119284059,-14.629431082371237
balanced_contour_3e-13_R6,-0.18,s1*s4,1,5.246688238978061,6.683208337110042
balanced_contour_3e-13_R6,-0.16499999999999998,s1*s2,0,-82.07669959530791,-27.293816804606777
balanced_contour_3e-13_R6,-0.16499999999999998,s1*s2,1,37.61166351125895,2.4991222202280365
balanced_contour_3e-13_R6,-0.16499999999999998,s2*s3,0,2.5998158824321886,8.346404758825594
balanced_contour_3e-13_R6,-0.16499999999999998,s2*s3,1,-2.706282245733507,-2.788219584083231
balanced_contour_3e-13_R6,-0.16499999999999998,s3*s4,0,0.89771441049781,-0.2994320017029872
balanced_contour_3e-13_R6,-0.16499999999999998,s3*s4,1,-0.35127643933745545,0.14623201464782623
balanced_contour_3e-13_R6,-0.16499999999999998,s1*s4,0,-8.76185711921699,-14.629431082450477
balanced_contour_3e-13_R6,-0.16499999999999998,s1*s4,1,5.246688238960064,6.6832083371469935
balanced_contour_3e-13_R6,-0.15,s1*s2,0,-82.0766995953344,-27.29381680434149
balanced_contour_3e-13_R6,-0.15,s1*s2,1,37.61166351125102,2.4991222201112167
balanced_contour_3e-13_R6,-0.15,s2*s3,0,2.5998158824637816,8.346404758813582
balanced_contour_3e-13_R6,-0.15,s2*s3,1,-2.7062822457449816,-2.788219584075233
balanced_contour_3e-13_R6,-0.15,s3*s4,0,0.897714410497673,-0.29943200170947215
balanced_contour_3e-13_R6,-0.15,s3*s4,1,-0.351276439336669,0.14623201465038935
balanced_contour_3e-13_R6,-0.15,s1*s4,0,-8.761857119226256,-14.629431082409173
balanced_contour_3e-13_R6,-0.15,s1*s4,1,5.246688238963705,6.6832083371285895
balanced_contour_3e-13_R6,-0.135,s1*s2,0,-82.07669959522755,-27.2938168038071
balanced_contour_3e-13_R6,-0.135,s1*s2,1,37.61166351117623,2.499122219885136
balanced_contour_3e-13_R6,-0.135,s2*s3,0,2.599815882472459,8.346404758779979
balanced_contour_3e-13_R6,-0.135,s2*s3,1,-2.706282245748673,-2.7882195840623014
balanced_contour_3e-13_R6,-0.135,s3*s4,0,0.897714410496859,-0.2994320017121953
balanced_contour_3e-13_R6,-0.135,s3*s4,1,-0.35127643933595176,0.14623201465191668
balanced_contour_3e-13_R6,-0.135,s1*s4,0,-8.761857119319533,-14.629431082261144
balanced_contour_3e-13_R6,-0.135,s1*s4,1,5.246688238989881,6.683208337059336
balanced_contour_3e-13_R6,-0.12,s1*s2,0,-82.0766995953043,-27.2938168044158
balanced_contour_3e-13_R6,-0.12,s1*s2,1,37.611663511244714,2.4991222201430325
balanced_contour_3e-13_R6,-0.12,s2*s3,0,2.5998158824304873,8.346404758817311
balanced_contour_3e-13_R6,-0.12,s2*s3,1,-2.706282245733152,-2.7882195840798842
balanced_contour_3e-13_R6,-0.12,s3*s4,0,0.8977144104996801,-0.29943200170111334
balanced_contour_3e-13_R6,-0.12,s3*s4,1,-0.3512764393382745,0.14623201464749966
balanced_contour_3e-13_R6,-0.12,s1*s4,0,-8.761857119278353,-14.629431082388109
balanced_contour_3e-13_R6,-0.12,s1*s4,1,5.2466882389799405,6.68320833711612
balanced_contour_3e-13_R6,-0.10499999999999998,s1*s2,0,-82.076699595118,-27.2938168035202
balanced_contour_3e-13_R6,-0.10499999999999998,s1*s2,1,37.61166351110431,2.499122219770201
balanced_contour_3e-13_R6,-0.10499999999999998,s2*s3,0,2.599815882446592,8.346404758723326
balanced_contour_3e-13_R6,-0.10499999999999998,s2*s3,1,-2.706282245734654,-2.7882195840438113
balanced_contour_3e-13_R6,-0.10499999999999998,s3*s4,0,0.8977144104900946,-0.2994320017043808
balanced_contour_3e-13_R6,-0.10499999999999998,s3*s4,1,-0.3512764393342858,0.1462320146486006
balanced_contour_3e-13_R6,-0.10499999999999998,s1*s4,0,-8.761857119468967,-14.629431082223789
balanced_contour_3e-13_R6,-0.10499999999999998,s1*s4,1,5.246688239042433,6.683208337024599
balanced_contour_3e-13_R6,-0.09,s1*s2,0,-82.07669959560724,-27.293816805028502
balanced_contour_3e-13_R6,-0.09,s1*s2,1,37.611663511425874,2.499122220374113
balanced_contour_3e-13_R6,-0.09,s2*s3,0,2.5998158824184774,8.346404758891891
balanced_contour_3e-13_R6,-0.09,s2*s3,1,-2.7062822457354336,-2.7882195841099477
balanced_contour_3e-13_R6,-0.09,s3*s4,0,0.8977144105056704,-0.2994320016960672
balanced_contour_3e-13_R6,-0.09,s3*s4,1,-0.35127643934142533,0.14623201464586874
balanced_contour_3e-13_R6,-0.09,s1*s4,0,-8.76185711920832,-14.629431082528692
balanced_contour_3e-13_R6,-0.09,s1*s4,1,5.246688238964878,6.683208337184292
balanced_contour_3e-13_R6,-0.07500000000000001,s1*s2,0,-82.07669959524671,-27.293816803699407
balanced_contour_3e-13_R6,-0.07500000000000001,s1*s2,1,37.611663511182066,2.4991222198481453
balanced_contour_3e-13_R6,-0.07500000000000001,s2*s3,0,2.599815882482045,8.346404758802093
balanced_contour_3e-13_R6,-0.07500000000000001,s2*s3,1,-2.7062822457555047,-2.788219584070297
balanced_contour_3e-13_R6,-0.07500000000000001,s3*s4,0,0.8977144105014103,-0.2994320017152209
balanced_contour_3e-13_R6,-0.07500000000000001,s3*s4,1,-0.3512764393373836,0.14623201465354418
balanced_contour_3e-13_R6,-0.07500000000000001,s1*s4,0,-8.761857119303494,-14.6294310821876
balanced_contour_3e-13_R6,-0.07500000000000001,s1*s4,1,5.246688238976449,6.683208337037328
balanced_contour_3e-13_R6,-0.06,s1*s2,0,-82.0766995958723,-27.293816806118464
balanced_contour_3e-13_R6,-0.06,s1*s2,1,37.61166351164215,2.4991222208189026
balanced_contour_3e-13_R6,-0.06,s2*s3,0,2.5998158823925714,8.346404759045573
balanced_contour_3e-13_R6,-0.06,s2*s3,1,-2.7062822457387714,-2.7882195841710593
balanced_contour_3e-13_R6,-0.06,s3*s4,0,0.8977144105217923,-0.29943200169454054
balanced_contour_3e-13_R6,-0.06,s3*s4,1,-0.3512764393478485,0.14623201464615612
balanced_contour_3e-13_R6,-0.06,s1*s4,0,-8.761857118945276,-14.629431082656378
balanced_contour_3e-13_R6,-0.06,s1*s4,1,5.246688238873403,6.683208337277617
balanced_contour_3e-13_R6,-0.044999999999999984,s1*s2,0,-82.07669959532836,-27.293816804190232
balanced_contour_3e-13_R6,-0.044999999999999984,s1*s2,1,37.611663511260026,2.4991222200627385
balanced_contour_3e-13_R6,-0.044999999999999984,s2*s3,0,2.5998158824155624,8.346404758869518
balanced_contour_3e-13_R6,-0.044999999999999984,s2*s3,1,-2.706282245736283,-2.788219584103708
balanced_contour_3e-13_R6,-0.044999999999999984,s3*s4,0,0.8977144105111275,-0.29943200170348727
balanced_contour_3e-13_R6,-0.044999999999999984,s3*s4,1,-0.3512764393425106,0.14623201464985103
balanced_contour_3e-13_R6,-0.044999999999999984,s1*s4,0,-8.761857119298142,-14.629431082179323
balanced_contour_3e-13_R6,-0.044999999999999984,s1*s4,1,5.246688238966148,6.683208337043585
balanced_contour_3e-13_R6,-0.03,s1*s2,0,-82.07669959602038,-27.293816805717405
balanced_contour_3e-13_R6,-0.03,s1*s2,1,37.611663511680824,2.499122220630546
balanced_contour_3e-13_R6,-0.03,s2*s3,0,2.5998158823434223,8.34640475901187
balanced_contour_3e-13_R6,-0.03,s2*s3,1,-2.706282245720708,-2.7882195841669786
balanced_contour_3e-13_R6,-0.03,s3*s4,0,0.8977144105223603,-0.29943200168288725
balanced_contour_3e-13_R6,-0.03,s3*s4,1,-0.35127643934982417,0.14623201464252156
balanced_contour_3e-13_R6,-0.03,s1*s4,0,-8.76185711923798,-14.629431082552433
balanced_contour_3e-13_R6,-0.03,s1*s4,1,5.246688238974854,6.683208337202921
balanced_contour_3e-13_R6,-0.015000000000000013,s1*s2,0,-82.07669959560084,-27.29381680424997
balanced_contour_3e-13_R6,-0.015000000000000013,s1*s2,1,37.611663511356696,2.499122220058305
balanced_contour_3e-13_R6,-0.015000000000000013,s2*s3,0,2.5998158823869364,8.346404758851314
balanced_contour_3e-13_R6,-0.015000000000000013,s2*s3,1,-2.7062822457221247,-2.7882195841001134
balanced_contour_3e-13_R6,-0.015000000000000013,s3*s4,0,0.8977144105091196,-0.29943200169116063
balanced_contour_3e-13_R6,-0.015000000000000013,s3*s4,1,-0.35127643934344116,0.14623201464502333
balanced_contour_3e-13_R6,-0.015000000000000013,s1*s4,0,-8.761857119486296,-14.62943108227003
balanced_contour_3e-13_R6,-0.015000000000000013,s1*s4,1,5.246688239043708,6.683208337051725
balanced_contour_3e-13_R6,0.0,s1*s2,0,-82.07669959566577,-27.29381680424476
balanced_contour_3e-13_R6,0.0,s1*s2,1,37.61166351138235,2.499122220045337
balanced_contour_3e-13_R6,0.0,s2*s3,0,2.599815882426311,8.346404758840983
balanced_contour_3e-13_R6,0.0,s2*s3,1,-2.706282245735446,-2.7882195840925204
balanced_contour_3e-13_R6,0.0,s3*s4,0,0.8977144105054669,-0.2994320016989643
balanced_contour_3e-13_R6,0.0,s3*s4,1,-0.3512764393414077,0.1462320146475931
balanced_contour_3e-13_R6,0.0,s1*s4,0,-8.76185711943265,-14.629431082348717
balanced_contour_3e-13_R6,0.0,s1*s4,1,5.246688239033769,6.683208337084434
balanced_contour_3e-13_R6,0.015000000000000013,s1*s2,0,-82.07669959570919,-27.29381680417255
balanced_contour_3e-13_R6,0.015000000000000013,s1*s2,1,37.61166351138456,2.4991222200036205
balanced_contour_3e-13_R6,0.015000000000000013,s2*s3,0,2.599815882466778,8.346404758829651
balanced_contour_3e-13_R6,0.015000000000000013,s2*s3,1,-2.7062822457489686,-2.788219584081829
balanced_contour_3e-13_R6,0.015000000000000013,s3*s4,0,0.8977144105037815,-0.29943200170599155
balanced_contour_3e-13_R6,0.015000000000000013,s3*s4,1,-0.3512764393397876,0.14623201464986116
balanced_contour_3e-13_R6,0.015000000000000013,s1*s4,0,-8.761857119389337,-14.62943108239474
balanced_contour_3e-13_R6,0.015000000000000013,s1*s4,1,5.246688239025581,6.683208337105389
balanced_contour_3e-13_R6,0.030000000000000027,s1*s2,0,-82.07669959664706,-27.29381680633684
balanced_contour_3e-13_R6,0.030000000000000027,s1*s2,1,37.61166351195187,2.4991222208242037
balanced_contour_3e-13_R6,0.030000000000000027,s2*s3,0,2.5998158823987714,8.346404759037098
balanced_contour_3e-13_R6,0.030000000000000027,s2*s3,1,-2.706282245736441,-2.788219584169882
balanced_contour_3e-13_R6,0.030000000000000027,s3*s4,0,0.8977144105212485,-0.29943200168836087
balanced_contour_3e-13_R6,0.030000000000000027,s3*s4,1,-0.351276439349181,0.14623201464379393
balanced_contour_3e-13_R6,0.030000000000000027,s1*s4,0,-8.76185711919082,-14.62943108292483
balanced_contour_3e-13_R6,0.030000000000000027,s1*s4,1,5.246688238994458,6.683208337341758
balanced_contour_3e-13_R6,0.044999999999999984,s1*s2,0,-82.07669959565114,-27.293816804109888
balanced_contour_3e-13_R6,0.044999999999999984,s1*s2,1,37.61166351137532,2.4991222199811673
balanced_contour_3e-13_R6,0.044999999999999984,s2*s3,0,2.599815882451238,8.346404758819526
balanced_contour_3e-13_R6,0.044999999999999984,s2*s3,1,-2.7062822457429423,-2.7882195840822304
balanced_contour_3e-13_R6,0.044999999999999984,s3*s4,0,0.8977144105013679,-0.2994320017010045
balanced_contour_3e-13_R6,0.044999999999999984,s3*s4,1,-0.3512764393398655,0.14623201464769237
balanced_contour_3e-13_R6,0.044999999999999984,s1*s4,0,-8.761857119433255,-14.62943108237045
balanced_contour_3e-13_R6,0.044999999999999984,s1*s4,1,5.246688239043729,6.683208337088976
balanced_contour_3e-13_R6,0.06,s1*s2,0,-82.07669959705244,-27.293816807425348
balanced_contour_3e-13_R6,0.06,s1*s2,1,37.611663512191875,2.4991222212497584
balanced_contour_3e-13_R6,0.06,s2*s3,0,2.59981588237264,8.346404759155662
balanced_contour_3e-13_R6,0.06,s2*s3,1,-2.706282245732416,-2.788219584217219
balanced_contour_3e-13_R6,0.06,s3*s4,0,0.8977144105315228,-0.29943200168341494
balanced_contour_3e-13_R6,0.06,s3*s4,1,-0.3512764393536695,0.1462320146422639
balanced_contour_3e-13_R6,0.06,s1*s4,0,-8.76185711902717,-14.629431083157058
balanced_contour_3e-13_R6,0.06,s1*s4,1,5.246688238948194,6.683208337453198
balanced_contour_3e-13_R6,0.07500000000000001,s1*s2,0,-82.07669959496488,-27.29381680272497
balanced_contour_3e-13_R6,0.07500000000000001,s1*s2,1,37.611663510990624,2.4991222194780485
balanced_contour_3e-13_R6,0.07500000000000001,s2*s3,0,2.599815882507645,8.346404758711943
balanced_contour_3e-13_R6,0.07500000000000001,s2*s3,1,-2.7062822457588185,-2.7882195840355286
balanced_contour_3e-13_R6,0.07500000000000001,s3*s4,0,0.8977144104913336,-0.2994320017179216
balanced_contour_3e-13_R6,0.07500000000000001,s3*s4,1,-0.35127643933385316,0.14623201465385624
balanced_contour_3e-13_R6,0.07500000000000001,s1*s4,0,-8.761857119464109,-14.629431081983732
balanced_contour_3e-13_R6,0.07500000000000001,s1*s4,1,5.246688239021241,6.683208336934327
balanced_contour_3e-13_R6,0.08999999999999997,s1*s2,0,-82.07669959593335,-27.293816804495606
balanced_contour_3e-13_R6,0.08999999999999997,s1*s2,1,37.611663511522245,2.499122220123035
balanced_contour_3e-13_R6,0.08999999999999997,s2*s3,0,2.599815882429109,8.346404758898212
balanced_contour_3e-13_R6,0.08999999999999997,s2*s3,1,-2.7062822457407174,-2.7882195841159483
balanced_contour_3e-13_R6,0.08999999999999997,s3*s4,0,0.8977144105118103,-0.2994320016991305
balanced_contour_3e-13_R6,0.08999999999999997,s3*s4,1,-0.3512764393442487,0.1462320146477838
balanced_contour_3e-13_R6,0.08999999999999997,s1*s4,0,-8.761857119406065,-14.62943108239092
balanced_contour_3e-13_R6,0.08999999999999997,s1*s4,1,5.246688239032528,6.683208337103523
balanced_contour_3e-13_R6,0.10499999999999998,s1*s2,0,-82.07669959497164,-27.293816802449946
balanced_contour_3e-13_R6,0.10499999999999998,s1*s2,1,37.61166351099058,2.4991222193572424
balanced_contour_3e-13_R6,0.10499999999999998,s2*s3,0,2.5998158825155264,8.346404758678522
balanced_contour_3e-13_R6,0.10499999999999998,s2*s3,1,-2.706282245760286,-2.788219584024057
balanced_contour_3e-13_R6,0.10499999999999998,s3*s4,0,0.8977144104874197,-0.29943200171612816
balanced_contour_3e-13_R6,0.10499999999999998,s3*s4,1,-0.3512764393329082,0.14623201465297408
balanced_contour_3e-13_R6,0.10499999999999998,s1*s4,0,-8.761857119557018,-14.629431081963995
balanced_contour_3e-13_R6,0.10499999999999998,s1*s4,1,5.24668823906138,6.683208336915056
balanced_contour_3e-13_R6,0.12,s1*s2,0,-82.07669959575306,-27.29381680446958
balanced_contour_3e-13_R6,0.12,s1*s2,1,37.61166351146034,2.499122220137842
balanced_contour_3e-13_R6,0.12,s2*s3,0,2.599815882497709,8.346404758850209
balanced_contour_3e-13_R6,0.12,s2*s3,1,-2.706282245761308,-2.7882195840872104
balanced_contour_3e-13_R6,0.12,s3*s4,0,0.8977144104988711,-0.299432001712311
balanced_contour_3e-13_R6,0.12,s3*s4,1,-0.35127643933712976,0.1462320146511862
balanced_contour_3e-13_R6,0.12,s1*s4,0,-8.76185711924374,-14.629431082523428
balanced_contour_3e-13_R6,0.12,s1*s4,1,5.246688238990888,6.683208337181767
balanced_contour_3e-13_R6,0.135,s1*s2,0,-82.07669959700236,-27.29381680643229
balanced_contour_3e-13_R6,0.135,s1*s2,1,37.611663512222194,2.4991222207626125
balanced_contour_3e-13_R6,0.135,s2*s3,0,2.5998158824968574,8.346404759093613
balanced_contour_3e-13_R6,0.135,s2*s3,1,-2.706282245794372,-2.7882195841826958
balanced_contour_3e-13_R6,0.135,s3*s4,0,0.8977144105223092,-0.2994320017073957
balanced_contour_3e-13_R6,0.135,s3*s4,1,-0.3512764393471927,0.14623201465255378
balanced_contour_3e-13_R6,0.135,s1*s4,0,-8.761857119016469,-14.629431083044377
balanced_contour_3e-13_R6,0.135,s1*s4,1,5.2466882389683915,6.683208337426565
balanced_contour_3e-13_R6,0.15000000000000002,s1*s2,0,-82.07669959674335,-27.29381680547753
balanced_contour_3e-13_R6,0.15000000000000002,s1*s2,1,37.611663512017074,2.4991222203724597
balanced_contour_3e-13_R6,0.15000000000000002,s2*s3,0,2.599815882605194,8.346404759016686
balanced_contour_3e-13_R6,0.15000000000000002,s2*s3,1,-2.7062822458343456,-2.788219584134607
balanced_contour_3e-13_R6,0.15000000000000002,s3*s4,0,0.8977144105116898,-0.29943200172717055
balanced_contour_3e-13_R6,0.15000000000000002,s3*s4,1,-0.3512764393395939,0.146232014659857
balanced_contour_3e-13_R6,0.15000000000000002,s1*s4,0,-8.761857118983233,-14.629431082912198
balanced_contour_3e-13_R6,0.15000000000000002,s1*s4,1,5.246688238945546,6.68320833738272
balanced_contour_3e-13_R6,0.16499999999999998,s1*s2,0,-82.07669960110366,-27.29381681234714
balanced_contour_3e-13_R6,0.16499999999999998,s1*s2,1,37.61166351443016,2.4991222226450294
balanced_contour_3e-13_R6,0.16499999999999998,s2*s3,0,2.5998158824450304,8.346404759837634
balanced_contour_3e-13_R6,0.16499999999999998,s2*s3,1,-2.70628224585602,-2.7882195844680115
balanced_contour_3e-13_R6,0.16499999999999998,s3*s4,0,0.8977144105894935,-0.2994320016862252
balanced_contour_3e-13_R6,0.16499999999999998,s3*s4,1,-0.3512764393749921,0.1462320146515671
balanced_contour_3e-13_R6,0.16499999999999998,s1*s4,0,-8.761857118524809,-14.629431084630703
balanced_contour_3e-13_R6,0.16499999999999998,s1*s4,1,5.2466882389437,6.683208338116468
balanced_contour_3e-13_R6,0.18,s1*s2,0,-82.07669959433285,-27.293816801866654
balanced_contour_3e-13_R6,0.18,s1*s2,1,37.61166351055973,2.4991222192836857
balanced_contour_3e-13_R6,0.18,s2*s3,0,2.5998158826320084,8.346404758630015
balanced_contour_3e-13_R6,0.18,s2*s3,1,-2.7062822457911944,-2.788219583984581
balanced_contour_3e-13_R6,0.18,s3*s4,0,0.8977144104784185,-0.2994320017453109
balanced_contour_3e-13_R6,0.18,s3*s4,1,-0.35127643932426095,0.14623201466271327
balanced_contour_3e-13_R6,0.18,s1*s4,0,-8.76185711923123,-14.629431081827864
balanced_contour_3e-13_R6,0.18,s1*s4,1,5.246688238882948,6.6832083369095
balanced_contour_3e-13_R6,0.195,s1*s2,0,-82.07669959884844,-27.29381680653667
balanced_contour_3e-13_R6,0.195,s1*s2,1,37.61166351279687,2.499122220558382
balanced_contour_3e-13_R6,0.195,s2*s3,0,2.599815882666925,8.34640475929845
balanced_contour_3e-13_R6,0.195,s2*s3,1,-2.706282245881722,-2.788219584231004
balanced_contour_3e-13_R6,0.195,s3*s4,0,0.8977144105505349,-0.29943200173131007
balanced_contour_3e-13_R6,0.195,s3*s4,1,-0.3512764393539059,0.14623201466599026
balanced_contour_3e-13_R6,0.195,s1*s4,0,-8.76185711909216,-14.629431083256877
balanced_contour_3e-13_R6,0.195,s1*s4,1,5.2466882389880345,6.683208337475009
balanced_contour_3e-13_R6,0.20999999999999996,s1*s2,0,-82.07669959158598,-27.293816799277728
balanced_contour_3e-13_R6,0.20999999999999996,s1*s2,1,37.611663509158525,2.499122218692003
balanced_contour_3e-13_R6,0.20999999999999996,s2*s3,0,2.5998158826841054,8.346404758336302
balanced_contour_3e-13_R6,0.20999999999999996,s2*s3,1,-2.7062822457802245,-2.7882195838725043
balanced_contour_3e-13_R6,0.20999999999999996,s3*s4,0,0.8977144104567567,-0.29943200177233625
balanced_contour_3e-13_R6,0.20999999999999996,s3*s4,1,-0.35127643931252706,0.14623201467232938
balanced_contour_3e-13_R6,0.20999999999999996,s1*s4,0,-8.761857118979453,-14.6294310808692
balanced_contour_3e-13_R6,0.20999999999999996,s1*s4,1,5.246688238621021,6.683208336583055
balanced_contour_3e-13_R6,0.22499999999999998,s1*s2,0,-82.07669959504247,-27.293816804959548
balanced_contour_3e-13_R6,0.22499999999999998,s1*s2,1,37.61166351113898,2.4991222205740504
balanced_contour_3e-13_R6,0.22499999999999998,s2*s3,0,2.5998158825187154,8.346404758957265
balanced_contour_3e-13_R6,0.22499999999999998,s2*s3,1,-2.7062822457807907,-2.7882195841339135
balanced_contour_3e-13_R6,0.22499999999999998,s3*s4,0,0.8977144105128302,-0.2994320017295633
balanced_contour_3e-13_R6,0.22499999999999998,s3*s4,1,-0.3512764393402227,0.1462320146609723
balanced_contour_3e-13_R6,0.22499999999999998,s1*s4,0,-8.761857118691658,-14.629431082350528
balanced_contour_3e-13_R6,0.22499999999999998,s1*s4,1,5.246688238673597,6.683208337202166
balanced_contour_3e-13_R6,0.24,s1*s2,0,-82.07669959632015,-27.293816805772963
balanced_contour_3e-13_R6,0.24,s1*s2,1,37.61166351179105,2.499122220649462
balanced_contour_3e-13_R6,0.24,s2*s3,0,2.5998158824729005,8.346404759151511
balanced_contour_3e-13_R6,0.24,s2*s3,1,-2.706282245793382,-2.788219584223076
balanced_contour_3e-13_R6,0.24,s3*s4,0,0.8977144105359545,-0.29943200171172846
balanced_contour_3e-13_R6,0.24,s3*s4,1,-0.35127643935334,0.1462320146569362
balanced_contour_3e-13_R6,0.24,s1*s4,0,-8.761857118889644,-14.629431082505663
balanced_contour_3e-13_R6,0.24,s1*s4,1,5.246688238790332,6.683208337209081
